"FullName","Length","LastWriteTime","PSIsContainer"
"D:\SIH\IceBerg\dataSet\01_tracks",,"24-09-2026 17:42:43","True"
"D:\SIH\IceBerg\dataSet\02_glorys_ocean",,"24-09-2026 17:42:43","True"
"D:\SIH\IceBerg\dataSet\03_era5_atmosphere",,"24-09-2026 17:42:43","True"
"D:\SIH\IceBerg\dataSet\04_seaice",,"24-09-2026 17:42:43","True"
"D:\SIH\IceBerg\dataSet\05_gebco_bathymetry",,"24-09-2026 17:42:43","True"
"D:\SIH\IceBerg\dataSet\06_processed",,"24-09-2026 18:10:35","True"
"D:\SIH\IceBerg\dataSet\Copernicus_Icebergs",,"24-09-2026 12:44:44","True"
"D:\SIH\IceBerg\dataSet\copernicus_test",,"23-09-2026 18:19:02","True"
"D:\SIH\IceBerg\dataSet\ERA5",,"24-09-2026 18:07:49","True"
"D:\SIH\IceBerg\dataSet\ERA5_2026",,"24-09-2026 17:44:05","True"
"D:\SIH\IceBerg\dataSet\iceberg",,"24-09-2026 12:33:20","True"
"D:\SIH\IceBerg\dataSet\icebergtragectory",,"24-09-2026 12:33:20","True"
"D:\SIH\IceBerg\dataSet\OceanDepthData",,"22-09-2026 12:22:53","True"
"D:\SIH\IceBerg\dataSet\raw-20260921T095550Z-1-008",,"22-09-2026 12:22:44","True"
"D:\SIH\IceBerg\dataSet\seaice",,"22-09-2026 12:22:44","True"
"D:\SIH\IceBerg\dataSet\sentinel",,"22-09-2026 12:22:48","True"
"D:\SIH\IceBerg\dataSet\SIH",,"24-09-2026 17:23:07","True"
"D:\SIH\IceBerg\dataSet\testthisfile",,"24-09-2026 12:53:11","True"
"D:\SIH\IceBerg\dataSet\arctic_iceberg_density.nc","29477193066","24-09-2026 13:10:29","False"
"D:\SIH\IceBerg\dataSet\cmems_obs-si_arc_phy_berg-rcmln_nrt_l3-10km_irr_1790234526692.nc","348563448","24-09-2026 12:52:10","False"
"D:\SIH\IceBerg\dataSet\consolidated_database_v8.0.zip","4065659","22-09-2026 12:25:23","False"
"D:\SIH\IceBerg\dataSet\DataCode_for_CMwvIB_RSE2025.z01","1073741824","24-09-2026 14:52:32","False"
"D:\SIH\IceBerg\dataSet\DataCode_for_CMwvIB_RSE2025.z02","1073741824","24-09-2026 14:02:02","False"
"D:\SIH\IceBerg\dataSet\DataCode_for_CMwvIB_RSE2025.z03","1073741824","24-09-2026 14:42:14","False"
"D:\SIH\IceBerg\dataSet\DataCode_for_CMwvIB_RSE2025.z04","1073741824","24-09-2026 14:01:52","False"
"D:\SIH\IceBerg\dataSet\DataCode_for_CMwvIB_RSE2025.z05","1073741824","24-09-2026 13:16:33","False"
"D:\SIH\IceBerg\dataSet\DataCode_for_CMwvIB_RSE2025.z06","1073741824","24-09-2026 14:41:31","False"
"D:\SIH\IceBerg\dataSet\DataCode_for_CMwvIB_RSE2025.z08","1073741747","24-09-2026 13:59:10","False"
"D:\SIH\IceBerg\dataSet\gebco_2024_n-60.0_s-75.0_w-180.0_e180.0.nc","622805208","21-09-2026 14:39:00","False"
"D:\SIH\IceBerg\dataSet\grounded_iceberg_sentinel1_v1p5_20250318_latlon.csv","339570","24-09-2026 12:37:05","False"
"D:\SIH\IceBerg\dataSet\iceberg_env_matched_2024.csv","956810","22-09-2026 12:57:26","False"
"D:\SIH\IceBerg\dataSet\iceberg_env_matched_2024.parquet","287919","22-09-2026 12:57:26","False"
"D:\SIH\IceBerg\dataSet\iceberg_tracks_clean.csv","29415939","22-09-2026 12:32:34","False"
"D:\SIH\IceBerg\dataSet\iceberg_tracks_clean.parquet","6329536","22-09-2026 12:32:34","False"
"D:\SIH\IceBerg\dataSet\ml_dataset_2024.csv","1780293","22-09-2026 13:38:36","False"
"D:\SIH\IceBerg\dataSet\ml_dataset_2024.parquet","510363","22-09-2026 13:38:36","False"
"D:\SIH\IceBerg\dataSet\ml_dataset_final.parquet","505414","22-09-2026 13:38:37","False"
"D:\SIH\IceBerg\dataSet\raw-20260921T095550Z-1-001.zip","283033237","21-09-2026 16:24:07","False"
"D:\SIH\IceBerg\dataSet\raw-20260921T095550Z-1-002.zip","656915742","21-09-2026 16:28:36","False"
"D:\SIH\IceBerg\dataSet\raw-20260921T095550Z-1-003.zip","636646291","21-09-2026 16:27:17","False"
"D:\SIH\IceBerg\dataSet\raw-20260921T095550Z-1-004.zip","694268917","21-09-2026 16:29:42","False"
"D:\SIH\IceBerg\dataSet\raw-20260921T095550Z-1-005.zip","665712805","21-09-2026 16:28:38","False"
"D:\SIH\IceBerg\dataSet\raw-20260921T095550Z-1-006.zip","619446461","21-09-2026 16:28:53","False"
"D:\SIH\IceBerg\dataSet\raw-20260921T095550Z-1-008.zip","1135348352","21-09-2026 16:34:58","False"
"D:\SIH\IceBerg\dataSet\test.parquet","86609","22-09-2026 13:38:38","False"
"D:\SIH\IceBerg\dataSet\test_icebergs.txt","32","22-09-2026 13:38:38","False"
"D:\SIH\IceBerg\dataSet\train.parquet","398111","22-09-2026 13:38:38","False"
"D:\SIH\IceBerg\dataSet\train_icebergs.txt","156","22-09-2026 13:38:38","False"
"D:\SIH\IceBerg\dataSet\Unconfirmed 508207.crdownload","1073741824","24-09-2026 13:02:09","False"
"D:\SIH\IceBerg\dataSet\Unconfirmed 514008.crdownload","1073741824","24-09-2026 13:57:11","False"
"D:\SIH\IceBerg\dataSet\Unconfirmed 70369.crdownload","1073741824","24-09-2026 13:02:08","False"
"D:\SIH\IceBerg\dataSet\Unconfirmed 75986.crdownload","1073741824","24-09-2026 13:03:46","False"
"D:\SIH\IceBerg\dataSet\validation.parquet","142691","22-09-2026 13:38:38","False"
"D:\SIH\IceBerg\dataSet\validation_icebergs.txt","33","22-09-2026 13:38:38","False"
"D:\SIH\IceBerg\dataSet\06_processed\diagnostics",,"24-09-2026 17:44:15","True"
"D:\SIH\IceBerg\dataSet\06_processed\logs",,"24-09-2026 17:45:44","True"
"D:\SIH\IceBerg\dataSet\06_processed\quality_control",,"24-09-2026 18:10:13","True"
"D:\SIH\IceBerg\dataSet\06_processed\coverage_report.csv","4576","24-09-2026 18:10:12","False"
"D:\SIH\IceBerg\dataSet\06_processed\environment_schema_validation.txt","14158","24-09-2026 17:42:14","False"
"D:\SIH\IceBerg\dataSet\06_processed\iceberg_env_matched_2023_2026.parquet","5103477","24-09-2026 18:09:36","False"
"D:\SIH\IceBerg\dataSet\06_processed\iceberg_tracks_golden_2023_2026.parquet","1176692","24-09-2026 17:44:40","False"
"D:\SIH\IceBerg\dataSet\06_processed\missing_value_report.csv","8099","24-09-2026 18:10:12","False"
"D:\SIH\IceBerg\dataSet\06_processed\test.parquet","766425","24-09-2026 18:10:52","False"
"D:\SIH\IceBerg\dataSet\06_processed\train.parquet","3788136","24-09-2026 18:10:52","False"
"D:\SIH\IceBerg\dataSet\06_processed\validation.parquet","854931","24-09-2026 18:10:52","False"
"D:\SIH\IceBerg\dataSet\06_processed\diagnostics\environment_schema_report.json","34736","24-09-2026 17:44:15","False"
"D:\SIH\IceBerg\dataSet\06_processed\diagnostics\environment_schema_report.txt","8604","24-09-2026 17:44:15","False"
"D:\SIH\IceBerg\dataSet\06_processed\diagnostics\source_file_inventory.csv","5963","24-09-2026 17:44:15","False"
"D:\SIH\IceBerg\dataSet\06_processed\logs\matching.log","7747","24-09-2026 18:09:36","False"
"D:\SIH\IceBerg\dataSet\06_processed\quality_control\data_quality_report.txt","2710","24-09-2026 18:10:13","False"
"D:\SIH\IceBerg\dataSet\06_processed\quality_control\duplicate_conflicts.csv","57","24-09-2026 17:44:39","False"
"D:\SIH\IceBerg\dataSet\06_processed\quality_control\outlier_report.csv","63227","24-09-2026 18:10:13","False"
"D:\SIH\IceBerg\dataSet\Copernicus_Icebergs\failed_dates.txt","48","24-09-2026 12:44:54","False"
"D:\SIH\IceBerg\dataSet\copernicus_test\cmems_mod_glo_phy_my_0.083deg_P1D-m_uo-vo_100.00E-101.00E_61.00S-60.00S_0.49m_2024-01-01-2024-01-03.nc","34906","23-09-2026 18:19:02","False"
"D:\SIH\IceBerg\dataSet\ERA5\era5_2023_03.grib","321953496","24-09-2026 00:46:56","False"
"D:\SIH\IceBerg\dataSet\ERA5\era5_2023_03.grib.47d85.idx","98949","24-09-2026 17:40:55","False"
"D:\SIH\IceBerg\dataSet\ERA5\era5_2023_03.grib.5b7b6.idx","96757","24-09-2026 17:37:09","False"
"D:\SIH\IceBerg\dataSet\ERA5\era5_2023_04.grib","1068591224","24-09-2026 00:56:43","False"
"D:\SIH\IceBerg\dataSet\ERA5\era5_2023_04.grib.47d85.idx","326473","24-09-2026 17:43:31","False"
"D:\SIH\IceBerg\dataSet\ERA5\era5_2023_04.grib.5b7b6.idx","319241","24-09-2026 17:43:24","False"
"D:\SIH\IceBerg\dataSet\ERA5\era5_2023_05.grib","1097104496","24-09-2026 01:06:26","False"
"D:\SIH\IceBerg\dataSet\ERA5\era5_2023_05.grib.47d85.idx","337315","24-09-2026 17:52:34","False"
"D:\SIH\IceBerg\dataSet\ERA5\era5_2023_05.grib.5b7b6.idx","329843","24-09-2026 17:52:09","False"
"D:\SIH\IceBerg\dataSet\ERA5\era5_2023_06.grib","1055881928","24-09-2026 01:15:01","False"
"D:\SIH\IceBerg\dataSet\ERA5\era5_2023_06.grib.47d85.idx","326473","24-09-2026 17:53:04","False"
"D:\SIH\IceBerg\dataSet\ERA5\era5_2023_06.grib.5b7b6.idx","319241","24-09-2026 17:52:44","False"
"D:\SIH\IceBerg\dataSet\ERA5\era5_2023_07.grib","1085894088","24-09-2026 01:26:27","False"
"D:\SIH\IceBerg\dataSet\ERA5\era5_2023_07.grib.47d85.idx","337315","24-09-2026 17:53:30","False"
"D:\SIH\IceBerg\dataSet\ERA5\era5_2023_07.grib.5b7b6.idx","329843","24-09-2026 17:53:13","False"
"D:\SIH\IceBerg\dataSet\ERA5\era5_2023_08.grib","1081913256","24-09-2026 01:37:30","False"
"D:\SIH\IceBerg\dataSet\ERA5\era5_2023_08.grib.47d85.idx","337315","24-09-2026 17:54:04","False"
"D:\SIH\IceBerg\dataSet\ERA5\era5_2023_08.grib.5b7b6.idx","329843","24-09-2026 17:53:42","False"
"D:\SIH\IceBerg\dataSet\ERA5\era5_2023_09.grib","1044578552","24-09-2026 01:46:44","False"
"D:\SIH\IceBerg\dataSet\ERA5\era5_2023_09.grib.47d85.idx","326473","24-09-2026 17:54:30","False"
"D:\SIH\IceBerg\dataSet\ERA5\era5_2023_09.grib.5b7b6.idx","319241","24-09-2026 17:54:12","False"
"D:\SIH\IceBerg\dataSet\ERA5\era5_2023_10.grib","1080576832","24-09-2026 01:56:11","False"
"D:\SIH\IceBerg\dataSet\ERA5\era5_2023_10.grib.47d85.idx","337315","24-09-2026 17:54:57","False"
"D:\SIH\IceBerg\dataSet\ERA5\era5_2023_10.grib.5b7b6.idx","329843","24-09-2026 17:54:38","False"
"D:\SIH\IceBerg\dataSet\ERA5\era5_2023_11.grib","1049659320","24-09-2026 02:03:45","False"
"D:\SIH\IceBerg\dataSet\ERA5\era5_2023_11.grib.47d85.idx","326473","24-09-2026 17:55:22","False"
"D:\SIH\IceBerg\dataSet\ERA5\era5_2023_11.grib.5b7b6.idx","319241","24-09-2026 17:55:05","False"
"D:\SIH\IceBerg\dataSet\ERA5\era5_2023_12.grib","1097773400","24-09-2026 02:13:14","False"
"D:\SIH\IceBerg\dataSet\ERA5\era5_2023_12.grib.47d85.idx","337315","24-09-2026 17:55:48","False"
"D:\SIH\IceBerg\dataSet\ERA5\era5_2023_12.grib.5b7b6.idx","329843","24-09-2026 17:55:30","False"
"D:\SIH\IceBerg\dataSet\ERA5\era5_2024_01.grib","1109537896","24-09-2026 02:23:41","False"
"D:\SIH\IceBerg\dataSet\ERA5\era5_2024_01.grib.47d85.idx","337315","24-09-2026 17:56:08","False"
"D:\SIH\IceBerg\dataSet\ERA5\era5_2024_01.grib.5b7b6.idx","329843","24-09-2026 17:55:53","False"
"D:\SIH\IceBerg\dataSet\ERA5\era5_2024_02.grib","1041676008","24-09-2026 02:34:30","False"
"D:\SIH\IceBerg\dataSet\ERA5\era5_2024_02.grib.47d85.idx","315640","24-09-2026 17:56:33","False"
"D:\SIH\IceBerg\dataSet\ERA5\era5_2024_02.grib.5b7b6.idx","308648","24-09-2026 17:56:15","False"
"D:\SIH\IceBerg\dataSet\ERA5\era5_2024_03.grib","1110356848","24-09-2026 02:48:57","False"
"D:\SIH\IceBerg\dataSet\ERA5\era5_2024_03.grib.47d85.idx","337315","24-09-2026 17:57:01","False"
"D:\SIH\IceBerg\dataSet\ERA5\era5_2024_03.grib.5b7b6.idx","329843","24-09-2026 17:56:40","False"
"D:\SIH\IceBerg\dataSet\ERA5\era5_2024_04.grib","1067224264","24-09-2026 03:10:07","False"
"D:\SIH\IceBerg\dataSet\ERA5\era5_2024_04.grib.47d85.idx","326473","24-09-2026 17:57:34","False"
"D:\SIH\IceBerg\dataSet\ERA5\era5_2024_04.grib.5b7b6.idx","319241","24-09-2026 17:57:11","False"
"D:\SIH\IceBerg\dataSet\ERA5\era5_2024_05.grib","1095418184","24-09-2026 03:24:50","False"
"D:\SIH\IceBerg\dataSet\ERA5\era5_2024_05.grib.47d85.idx","337315","24-09-2026 17:58:05","False"
"D:\SIH\IceBerg\dataSet\ERA5\era5_2024_05.grib.5b7b6.idx","329843","24-09-2026 17:57:43","False"
"D:\SIH\IceBerg\dataSet\ERA5\era5_2024_06.grib","1054837672","24-09-2026 03:40:14","False"
"D:\SIH\IceBerg\dataSet\ERA5\era5_2024_06.grib.47d85.idx","326473","24-09-2026 17:43:48","False"
"D:\SIH\IceBerg\dataSet\ERA5\era5_2024_06.grib.5b7b6.idx","319241","24-09-2026 17:43:40","False"
"D:\SIH\IceBerg\dataSet\ERA5\era5_2024_07.grib","1084837400","24-09-2026 03:56:00","False"
"D:\SIH\IceBerg\dataSet\ERA5\era5_2024_07.grib.47d85.idx","337315","24-09-2026 17:58:53","False"
"D:\SIH\IceBerg\dataSet\ERA5\era5_2024_07.grib.5b7b6.idx","329843","24-09-2026 17:58:34","False"
"D:\SIH\IceBerg\dataSet\ERA5\era5_2024_08.grib","1080394064","24-09-2026 04:06:14","False"
"D:\SIH\IceBerg\dataSet\ERA5\era5_2024_08.grib.47d85.idx","337315","24-09-2026 17:59:17","False"
"D:\SIH\IceBerg\dataSet\ERA5\era5_2024_08.grib.5b7b6.idx","329843","24-09-2026 17:58:59","False"
"D:\SIH\IceBerg\dataSet\ERA5\era5_2024_09.grib","1044027408","24-09-2026 04:21:37","False"
"D:\SIH\IceBerg\dataSet\ERA5\era5_2024_09.grib.47d85.idx","326473","24-09-2026 17:59:43","False"
"D:\SIH\IceBerg\dataSet\ERA5\era5_2024_09.grib.5b7b6.idx","319241","24-09-2026 17:59:25","False"
"D:\SIH\IceBerg\dataSet\ERA5\era5_2024_10.grib","858783744","24-09-2026 04:33:13","False"
"D:\SIH\IceBerg\dataSet\ERA5\era5_2024_10.grib.5b7b6.idx","262472","24-09-2026 17:59:50","False"
"D:\SIH\IceBerg\dataSet\ERA5\era5_2024_11.grib","1049961440","24-09-2026 04:48:38","False"
"D:\SIH\IceBerg\dataSet\ERA5\era5_2024_11.grib.47d85.idx","326473","24-09-2026 18:00:18","False"
"D:\SIH\IceBerg\dataSet\ERA5\era5_2024_11.grib.5b7b6.idx","319241","24-09-2026 18:00:01","False"
"D:\SIH\IceBerg\dataSet\ERA5\era5_2024_12.grib","1095912792","24-09-2026 04:59:15","False"
"D:\SIH\IceBerg\dataSet\ERA5\era5_2024_12.grib.47d85.idx","337315","24-09-2026 18:00:45","False"
"D:\SIH\IceBerg\dataSet\ERA5\era5_2024_12.grib.5b7b6.idx","329843","24-09-2026 18:00:25","False"
"D:\SIH\IceBerg\dataSet\ERA5\era5_2025_01.grib","1107727584","24-09-2026 05:07:50","False"
"D:\SIH\IceBerg\dataSet\ERA5\era5_2025_01.grib.47d85.idx","337315","24-09-2026 18:01:19","False"
"D:\SIH\IceBerg\dataSet\ERA5\era5_2025_01.grib.5b7b6.idx","329843","24-09-2026 18:00:57","False"
"D:\SIH\IceBerg\dataSet\ERA5\era5_2025_02.grib","1006045680","24-09-2026 05:20:26","False"
"D:\SIH\IceBerg\dataSet\ERA5\era5_2025_02.grib.47d85.idx","304807","24-09-2026 18:01:50","False"
"D:\SIH\IceBerg\dataSet\ERA5\era5_2025_02.grib.5b7b6.idx","298055","24-09-2026 18:01:30","False"
"D:\SIH\IceBerg\dataSet\ERA5\era5_2025_03.grib","1111033680","24-09-2026 05:37:07","False"
"D:\SIH\IceBerg\dataSet\ERA5\era5_2025_03.grib.47d85.idx","337315","24-09-2026 18:02:17","False"
"D:\SIH\IceBerg\dataSet\ERA5\era5_2025_03.grib.5b7b6.idx","329843","24-09-2026 18:01:58","False"
"D:\SIH\IceBerg\dataSet\ERA5\era5_2025_04.grib","1067181272","24-09-2026 05:51:25","False"
"D:\SIH\IceBerg\dataSet\ERA5\era5_2025_04.grib.47d85.idx","326473","24-09-2026 18:02:32","False"
"D:\SIH\IceBerg\dataSet\ERA5\era5_2025_04.grib.5b7b6.idx","319241","24-09-2026 18:02:21","False"
"D:\SIH\IceBerg\dataSet\ERA5\era5_2025_05.grib","1095394824","24-09-2026 06:01:09","False"
"D:\SIH\IceBerg\dataSet\ERA5\era5_2025_05.grib.47d85.idx","337315","24-09-2026 18:03:05","False"
"D:\SIH\IceBerg\dataSet\ERA5\era5_2025_05.grib.5b7b6.idx","329843","24-09-2026 18:02:41","False"
"D:\SIH\IceBerg\dataSet\ERA5\era5_2025_06.grib","1054202512","24-09-2026 06:13:40","False"
"D:\SIH\IceBerg\dataSet\ERA5\era5_2025_06.grib.47d85.idx","326473","24-09-2026 17:43:58","False"
"D:\SIH\IceBerg\dataSet\ERA5\era5_2025_06.grib.5b7b6.idx","319241","24-09-2026 17:43:53","False"
"D:\SIH\IceBerg\dataSet\ERA5\era5_2025_07.grib","1083936088","24-09-2026 06:24:18","False"
"D:\SIH\IceBerg\dataSet\ERA5\era5_2025_07.grib.47d85.idx","337315","24-09-2026 18:03:47","False"
"D:\SIH\IceBerg\dataSet\ERA5\era5_2025_07.grib.5b7b6.idx","329843","24-09-2026 18:03:30","False"
"D:\SIH\IceBerg\dataSet\ERA5\era5_2025_08.grib","1080208592","24-09-2026 06:33:59","False"
"D:\SIH\IceBerg\dataSet\ERA5\era5_2025_08.grib.47d85.idx","337315","24-09-2026 18:04:17","False"
"D:\SIH\IceBerg\dataSet\ERA5\era5_2025_08.grib.5b7b6.idx","329843","24-09-2026 18:03:57","False"
"D:\SIH\IceBerg\dataSet\ERA5\era5_2025_09.grib","1043224208","24-09-2026 06:44:13","False"
"D:\SIH\IceBerg\dataSet\ERA5\era5_2025_09.grib.47d85.idx","326473","24-09-2026 18:04:43","False"
"D:\SIH\IceBerg\dataSet\ERA5\era5_2025_09.grib.5b7b6.idx","319241","24-09-2026 18:04:24","False"
"D:\SIH\IceBerg\dataSet\ERA5\era5_2025_10.grib","1079408424","24-09-2026 06:57:04","False"
"D:\SIH\IceBerg\dataSet\ERA5\era5_2025_10.grib.47d85.idx","337315","24-09-2026 18:05:08","False"
"D:\SIH\IceBerg\dataSet\ERA5\era5_2025_10.grib.5b7b6.idx","329843","24-09-2026 18:04:51","False"
"D:\SIH\IceBerg\dataSet\ERA5\era5_2025_11.grib","1049734616","24-09-2026 07:05:50","False"
"D:\SIH\IceBerg\dataSet\ERA5\era5_2025_11.grib.47d85.idx","326473","24-09-2026 18:05:33","False"
"D:\SIH\IceBerg\dataSet\ERA5\era5_2025_11.grib.5b7b6.idx","319241","24-09-2026 18:05:16","False"
"D:\SIH\IceBerg\dataSet\ERA5\era5_2025_12.grib","1096859800","24-09-2026 07:14:42","False"
"D:\SIH\IceBerg\dataSet\ERA5\era5_2025_12.grib.47d85.idx","337315","24-09-2026 18:05:58","False"
"D:\SIH\IceBerg\dataSet\ERA5\era5_2025_12.grib.5b7b6.idx","329843","24-09-2026 18:05:40","False"
"D:\SIH\IceBerg\dataSet\ERA5\era5_2026_01.grib","1108420248","24-09-2026 07:25:21","False"
"D:\SIH\IceBerg\dataSet\ERA5\era5_2026_01.grib.47d85.idx","337315","24-09-2026 18:06:24","False"
"D:\SIH\IceBerg\dataSet\ERA5\era5_2026_01.grib.5b7b6.idx","329843","24-09-2026 18:06:05","False"
"D:\SIH\IceBerg\dataSet\ERA5\era5_2026_02.grib","1004647344","24-09-2026 07:36:14","False"
"D:\SIH\IceBerg\dataSet\ERA5\era5_2026_02.grib.47d85.idx","304807","24-09-2026 18:06:47","False"
"D:\SIH\IceBerg\dataSet\ERA5\era5_2026_02.grib.5b7b6.idx","298055","24-09-2026 18:06:31","False"
"D:\SIH\IceBerg\dataSet\ERA5\era5_2026_03.grib","1109793416","24-09-2026 07:45:18","False"
"D:\SIH\IceBerg\dataSet\ERA5\era5_2026_03.grib.47d85.idx","337315","24-09-2026 18:07:19","False"
"D:\SIH\IceBerg\dataSet\ERA5\era5_2026_03.grib.5b7b6.idx","329843","24-09-2026 18:06:54","False"
"D:\SIH\IceBerg\dataSet\ERA5\era5_2026_04.grib","1067066904","24-09-2026 07:53:43","False"
"D:\SIH\IceBerg\dataSet\ERA5\era5_2026_04.grib.47d85.idx","326473","24-09-2026 18:07:56","False"
"D:\SIH\IceBerg\dataSet\ERA5\era5_2026_04.grib.5b7b6.idx","319241","24-09-2026 18:07:36","False"
"D:\SIH\IceBerg\dataSet\ERA5_2026\era5_2026_04.grib","1807152024","24-09-2026 13:18:06","False"
"D:\SIH\IceBerg\dataSet\ERA5_2026\era5_2026_05.grib","1859982128","24-09-2026 13:43:31","False"
"D:\SIH\IceBerg\dataSet\ERA5_2026\era5_2026_05.grib.47d85.idx","471186","24-09-2026 17:44:12","False"
"D:\SIH\IceBerg\dataSet\ERA5_2026\era5_2026_05.grib.5b7b6.idx","460730","24-09-2026 17:44:05","False"
"D:\SIH\IceBerg\dataSet\ERA5_2026\era5_2026_06.grib","1793688808","24-09-2026 14:06:25","False"
"D:\SIH\IceBerg\dataSet\ERA5_2026\era5_2026_07.grib","1847782824","24-09-2026 14:29:47","False"
"D:\SIH\IceBerg\dataSet\ERA5_2026\era5_2026_08.grib","1845162584","24-09-2026 14:51:19","False"
"D:\SIH\IceBerg\dataSet\icebergtragectory\consolidated_database_v8.0",,"24-09-2026 12:18:17","True"
"D:\SIH\IceBerg\dataSet\icebergtragectory\updated7_consol",,"22-09-2026 12:22:53","True"
"D:\SIH\IceBerg\dataSet\icebergtragectory\AntarcticIcebergs_20240419.csv","2884","24-09-2026 12:30:43","False"
"D:\SIH\IceBerg\dataSet\icebergtragectory\AntarcticIcebergs_20240419.zip","92873","24-09-2026 12:26:17","False"
"D:\SIH\IceBerg\dataSet\icebergtragectory\AntarcticIcebergs_20240426.csv","2780","24-09-2026 12:30:42","False"
"D:\SIH\IceBerg\dataSet\icebergtragectory\AntarcticIcebergs_20240426.zip","90339","24-09-2026 12:26:15","False"
"D:\SIH\IceBerg\dataSet\icebergtragectory\AntarcticIcebergs_20240502.csv","2779","24-09-2026 12:30:40","False"
"D:\SIH\IceBerg\dataSet\icebergtragectory\AntarcticIcebergs_20240502.zip","90515","24-09-2026 12:26:14","False"
"D:\SIH\IceBerg\dataSet\icebergtragectory\AntarcticIcebergs_20240509.csv","2776","24-09-2026 12:30:38","False"
"D:\SIH\IceBerg\dataSet\icebergtragectory\AntarcticIcebergs_20240509.zip","90723","24-09-2026 12:26:13","False"
"D:\SIH\IceBerg\dataSet\icebergtragectory\AntarcticIcebergs_20240517.csv","2828","24-09-2026 12:30:34","False"
"D:\SIH\IceBerg\dataSet\icebergtragectory\AntarcticIcebergs_20240517.zip","93966","24-09-2026 12:26:12","False"
"D:\SIH\IceBerg\dataSet\icebergtragectory\AntarcticIcebergs_20240524.csv","2768","24-09-2026 12:30:32","False"
"D:\SIH\IceBerg\dataSet\icebergtragectory\AntarcticIcebergs_20240524.zip","92435","24-09-2026 12:26:11","False"
"D:\SIH\IceBerg\dataSet\icebergtragectory\AntarcticIcebergs_20240531.csv","2766","24-09-2026 12:30:30","False"
"D:\SIH\IceBerg\dataSet\icebergtragectory\AntarcticIcebergs_20240531.zip","93331","24-09-2026 12:26:11","False"
"D:\SIH\IceBerg\dataSet\icebergtragectory\AntarcticIcebergs_20240607.csv","2663","24-09-2026 12:30:29","False"
"D:\SIH\IceBerg\dataSet\icebergtragectory\AntarcticIcebergs_20240607.zip","89581","24-09-2026 12:26:04","False"
"D:\SIH\IceBerg\dataSet\icebergtragectory\AntarcticIcebergs_20240614.csv","2663","24-09-2026 12:30:28","False"
"D:\SIH\IceBerg\dataSet\icebergtragectory\AntarcticIcebergs_20240614.zip","89581","24-09-2026 12:26:02","False"
"D:\SIH\IceBerg\dataSet\icebergtragectory\AntarcticIcebergs_20240621.csv","2663","24-09-2026 12:30:27","False"
"D:\SIH\IceBerg\dataSet\icebergtragectory\AntarcticIcebergs_20240621.zip","89581","24-09-2026 12:26:01","False"
"D:\SIH\IceBerg\dataSet\icebergtragectory\AntarcticIcebergs_20240627.csv","2663","24-09-2026 12:30:26","False"
"D:\SIH\IceBerg\dataSet\icebergtragectory\AntarcticIcebergs_20240627.zip","89581","24-09-2026 12:26:00","False"
"D:\SIH\IceBerg\dataSet\icebergtragectory\AntarcticIcebergs_20240705.csv","2663","24-09-2026 12:30:25","False"
"D:\SIH\IceBerg\dataSet\icebergtragectory\AntarcticIcebergs_20240705.zip","89581","24-09-2026 12:25:59","False"
"D:\SIH\IceBerg\dataSet\icebergtragectory\AntarcticIcebergs_20240712.csv","2501","24-09-2026 12:30:24","False"
"D:\SIH\IceBerg\dataSet\icebergtragectory\AntarcticIcebergs_20240712.zip","85244","24-09-2026 12:25:58","False"
"D:\SIH\IceBerg\dataSet\icebergtragectory\AntarcticIcebergs_20240719.csv","2500","24-09-2026 12:30:22","False"
"D:\SIH\IceBerg\dataSet\icebergtragectory\AntarcticIcebergs_20240719.zip","85244","24-09-2026 12:25:57","False"
"D:\SIH\IceBerg\dataSet\icebergtragectory\AntarcticIcebergs_20240725.csv","2503","24-09-2026 12:30:22","False"
"D:\SIH\IceBerg\dataSet\icebergtragectory\AntarcticIcebergs_20240725.zip","85244","24-09-2026 12:25:56","False"
"D:\SIH\IceBerg\dataSet\icebergtragectory\AntarcticIcebergs_20240802.csv","2498","24-09-2026 12:30:21","False"
"D:\SIH\IceBerg\dataSet\icebergtragectory\AntarcticIcebergs_20240802.zip","87964","24-09-2026 12:25:55","False"
"D:\SIH\IceBerg\dataSet\icebergtragectory\AntarcticIcebergs_20240808.csv","2498","24-09-2026 12:30:17","False"
"D:\SIH\IceBerg\dataSet\icebergtragectory\AntarcticIcebergs_20240808.zip","87964","24-09-2026 12:25:54","False"
"D:\SIH\IceBerg\dataSet\icebergtragectory\AntarcticIcebergs_20240815.csv","2605","24-09-2026 12:30:14","False"
"D:\SIH\IceBerg\dataSet\icebergtragectory\AntarcticIcebergs_20240815.zip","127290","24-09-2026 12:25:53","False"
"D:\SIH\IceBerg\dataSet\icebergtragectory\AntarcticIcebergs_20240822.csv","2610","24-09-2026 12:30:13","False"
"D:\SIH\IceBerg\dataSet\icebergtragectory\AntarcticIcebergs_20240822.zip","127818","24-09-2026 12:25:52","False"
"D:\SIH\IceBerg\dataSet\icebergtragectory\AntarcticIcebergs_20240829.csv","2611","24-09-2026 12:30:12","False"
"D:\SIH\IceBerg\dataSet\icebergtragectory\AntarcticIcebergs_20240829.zip","127818","24-09-2026 12:25:52","False"
"D:\SIH\IceBerg\dataSet\icebergtragectory\AntarcticIcebergs_20240906.csv","2610","24-09-2026 12:30:11","False"
"D:\SIH\IceBerg\dataSet\icebergtragectory\AntarcticIcebergs_20240906.zip","127306","24-09-2026 12:25:44","False"
"D:\SIH\IceBerg\dataSet\icebergtragectory\AntarcticIcebergs_20240913.csv","2610","24-09-2026 12:30:10","False"
"D:\SIH\IceBerg\dataSet\icebergtragectory\AntarcticIcebergs_20240913.zip","131162","24-09-2026 12:25:42","False"
"D:\SIH\IceBerg\dataSet\icebergtragectory\AntarcticIcebergs_20240920.csv","2606","24-09-2026 12:30:09","False"
"D:\SIH\IceBerg\dataSet\icebergtragectory\AntarcticIcebergs_20240920.zip","140154","24-09-2026 12:25:41","False"
"D:\SIH\IceBerg\dataSet\icebergtragectory\AntarcticIcebergs_20240926.csv","2556","24-09-2026 12:30:08","False"
"D:\SIH\IceBerg\dataSet\icebergtragectory\AntarcticIcebergs_20240926.zip","138040","24-09-2026 12:25:40","False"
"D:\SIH\IceBerg\dataSet\icebergtragectory\AntarcticIcebergs_20241004.csv","2555","24-09-2026 12:30:07","False"
"D:\SIH\IceBerg\dataSet\icebergtragectory\AntarcticIcebergs_20241004.zip","144520","24-09-2026 12:25:38","False"
"D:\SIH\IceBerg\dataSet\icebergtragectory\AntarcticIcebergs_20241010.csv","2555","24-09-2026 12:30:06","False"
"D:\SIH\IceBerg\dataSet\icebergtragectory\AntarcticIcebergs_20241010.zip","144536","24-09-2026 12:25:37","False"
"D:\SIH\IceBerg\dataSet\icebergtragectory\AntarcticIcebergs_20241018.csv","2550","24-09-2026 12:30:05","False"
"D:\SIH\IceBerg\dataSet\icebergtragectory\AntarcticIcebergs_20241018.zip","144520","24-09-2026 12:25:36","False"
"D:\SIH\IceBerg\dataSet\icebergtragectory\AntarcticIcebergs_20241025.csv","2445","24-09-2026 12:30:01","False"
"D:\SIH\IceBerg\dataSet\icebergtragectory\AntarcticIcebergs_20241025.zip","141044","24-09-2026 12:25:33","False"
"D:\SIH\IceBerg\dataSet\icebergtragectory\AntarcticIcebergs_20241031 (1).zip","141044","24-09-2026 12:25:33","False"
"D:\SIH\IceBerg\dataSet\icebergtragectory\AntarcticIcebergs_20241031.csv","2442","24-09-2026 12:30:00","False"
"D:\SIH\IceBerg\dataSet\icebergtragectory\AntarcticIcebergs_20241031.zip","141044","24-09-2026 12:25:28","False"
"D:\SIH\IceBerg\dataSet\icebergtragectory\AntarcticIcebergs_20241107 (1).zip","141044","24-09-2026 12:25:35","False"
"D:\SIH\IceBerg\dataSet\icebergtragectory\AntarcticIcebergs_20241107.csv","2445","24-09-2026 12:29:59","False"
"D:\SIH\IceBerg\dataSet\icebergtragectory\AntarcticIcebergs_20241107.zip","141044","24-09-2026 12:25:28","False"
"D:\SIH\IceBerg\dataSet\icebergtragectory\AntarcticIcebergs_20241115.csv","2447","24-09-2026 12:29:58","False"
"D:\SIH\IceBerg\dataSet\icebergtragectory\AntarcticIcebergs_20241115.zip","141060","24-09-2026 12:25:28","False"
"D:\SIH\IceBerg\dataSet\icebergtragectory\AntarcticIcebergs_20241121.csv","2446","24-09-2026 12:29:57","False"
"D:\SIH\IceBerg\dataSet\icebergtragectory\AntarcticIcebergs_20241121.zip","138116","24-09-2026 12:25:25","False"
"D:\SIH\IceBerg\dataSet\icebergtragectory\AntarcticIcebergs_20241128.csv","2444","24-09-2026 12:29:56","False"
"D:\SIH\IceBerg\dataSet\icebergtragectory\AntarcticIcebergs_20241128.zip","138116","24-09-2026 12:25:17","False"
"D:\SIH\IceBerg\dataSet\icebergtragectory\AntarcticIcebergs_20241206.csv","2447","24-09-2026 12:29:55","False"
"D:\SIH\IceBerg\dataSet\icebergtragectory\AntarcticIcebergs_20241206.zip","141956","24-09-2026 12:25:16","False"
"D:\SIH\IceBerg\dataSet\icebergtragectory\AntarcticIcebergs_20241213.csv","2445","24-09-2026 12:29:54","False"
"D:\SIH\IceBerg\dataSet\icebergtragectory\AntarcticIcebergs_20241213.zip","150948","24-09-2026 12:25:15","False"
"D:\SIH\IceBerg\dataSet\icebergtragectory\AntarcticIcebergs_20241220.csv","2447","24-09-2026 12:29:53","False"
"D:\SIH\IceBerg\dataSet\icebergtragectory\AntarcticIcebergs_20241220.zip","150948","24-09-2026 12:25:14","False"
"D:\SIH\IceBerg\dataSet\icebergtragectory\AntarcticIcebergs_20241226.csv","2449","24-09-2026 12:29:52","False"
"D:\SIH\IceBerg\dataSet\icebergtragectory\AntarcticIcebergs_20241226.zip","151748","24-09-2026 12:25:13","False"
"D:\SIH\IceBerg\dataSet\icebergtragectory\AntarcticIcebergs_20250102.csv","2399","24-09-2026 12:29:51","False"
"D:\SIH\IceBerg\dataSet\icebergtragectory\AntarcticIcebergs_20250102.zip","150178","24-09-2026 12:25:12","False"
"D:\SIH\IceBerg\dataSet\icebergtragectory\AntarcticIcebergs_20250110.csv","2399","24-09-2026 12:29:49","False"
"D:\SIH\IceBerg\dataSet\icebergtragectory\AntarcticIcebergs_20250110.zip","150178","24-09-2026 12:25:11","False"
"D:\SIH\IceBerg\dataSet\icebergtragectory\AntarcticIcebergs_20250116.csv","2237","24-09-2026 12:29:46","False"
"D:\SIH\IceBerg\dataSet\icebergtragectory\AntarcticIcebergs_20250116.zip","144300","24-09-2026 12:25:10","False"
"D:\SIH\IceBerg\dataSet\icebergtragectory\AntarcticIcebergs_20250123 (1).csv","2235","24-09-2026 12:29:47","False"
"D:\SIH\IceBerg\dataSet\icebergtragectory\AntarcticIcebergs_20250123.csv","2235","24-09-2026 12:29:40","False"
"D:\SIH\IceBerg\dataSet\icebergtragectory\AntarcticIcebergs_20250123.zip","144300","24-09-2026 12:25:09","False"
"D:\SIH\IceBerg\dataSet\icebergtragectory\AntarcticIcebergs_20250131.csv","2336","24-09-2026 12:29:38","False"
"D:\SIH\IceBerg\dataSet\icebergtragectory\AntarcticIcebergs_20250131.zip","150528","24-09-2026 12:25:08","False"
"D:\SIH\IceBerg\dataSet\icebergtragectory\AntarcticIcebergs_20250206.csv","2344","24-09-2026 12:29:37","False"
"D:\SIH\IceBerg\dataSet\icebergtragectory\AntarcticIcebergs_20250206.zip","157792","24-09-2026 12:25:07","False"
"D:\SIH\IceBerg\dataSet\icebergtragectory\AntarcticIcebergs_20250214.csv","2342","24-09-2026 12:29:36","False"
"D:\SIH\IceBerg\dataSet\icebergtragectory\AntarcticIcebergs_20250214.zip","159920","24-09-2026 12:25:07","False"
"D:\SIH\IceBerg\dataSet\icebergtragectory\AntarcticIcebergs_20250221.csv","2450","24-09-2026 12:29:35","False"
"D:\SIH\IceBerg\dataSet\icebergtragectory\AntarcticIcebergs_20250221.zip","176926","24-09-2026 12:25:00","False"
"D:\SIH\IceBerg\dataSet\icebergtragectory\AntarcticIcebergs_20250228 (1).zip","176238","24-09-2026 12:24:59","False"
"D:\SIH\IceBerg\dataSet\icebergtragectory\AntarcticIcebergs_20250228.csv","2449","24-09-2026 12:29:34","False"
"D:\SIH\IceBerg\dataSet\icebergtragectory\AntarcticIcebergs_20250228.zip","176238","24-09-2026 12:24:58","False"
"D:\SIH\IceBerg\dataSet\icebergtragectory\AntarcticIcebergs_20250306.csv","2449","24-09-2026 12:29:33","False"
"D:\SIH\IceBerg\dataSet\icebergtragectory\AntarcticIcebergs_20250306.zip","176238","24-09-2026 12:24:56","False"
"D:\SIH\IceBerg\dataSet\icebergtragectory\AntarcticIcebergs_20250313.csv","2396","24-09-2026 12:29:32","False"
"D:\SIH\IceBerg\dataSet\icebergtragectory\AntarcticIcebergs_20250313.zip","205500","24-09-2026 12:24:55","False"
"D:\SIH\IceBerg\dataSet\icebergtragectory\AntarcticIcebergs_20250321.csv","2397","24-09-2026 12:29:31","False"
"D:\SIH\IceBerg\dataSet\icebergtragectory\AntarcticIcebergs_20250321.zip","204348","24-09-2026 12:24:53","False"
"D:\SIH\IceBerg\dataSet\icebergtragectory\AntarcticIcebergs_20250327.csv","2289","24-09-2026 12:29:30","False"
"D:\SIH\IceBerg\dataSet\icebergtragectory\AntarcticIcebergs_20250327.zip","201528","24-09-2026 12:24:52","False"
"D:\SIH\IceBerg\dataSet\icebergtragectory\AntarcticIcebergs_20250404.csv","2288","24-09-2026 12:29:29","False"
"D:\SIH\IceBerg\dataSet\icebergtragectory\AntarcticIcebergs_20250404.zip","201528","24-09-2026 12:24:51","False"
"D:\SIH\IceBerg\dataSet\icebergtragectory\AntarcticIcebergs_20250411.csv","2237","24-09-2026 12:29:29","False"
"D:\SIH\IceBerg\dataSet\icebergtragectory\AntarcticIcebergs_20250411.zip","199686","24-09-2026 12:24:50","False"
"D:\SIH\IceBerg\dataSet\icebergtragectory\AntarcticIcebergs_20250418.csv","2339","24-09-2026 12:29:23","False"
"D:\SIH\IceBerg\dataSet\icebergtragectory\AntarcticIcebergs_20250418.zip","196010","24-09-2026 12:24:49","False"
"D:\SIH\IceBerg\dataSet\icebergtragectory\AntarcticIcebergs_20250424.csv","2290","24-09-2026 12:29:21","False"
"D:\SIH\IceBerg\dataSet\icebergtragectory\AntarcticIcebergs_20250424.zip","194808","24-09-2026 12:24:48","False"
"D:\SIH\IceBerg\dataSet\icebergtragectory\AntarcticIcebergs_20250502.csv","2289","24-09-2026 12:29:20","False"
"D:\SIH\IceBerg\dataSet\icebergtragectory\AntarcticIcebergs_20250502.zip","195128","24-09-2026 12:24:47","False"
"D:\SIH\IceBerg\dataSet\icebergtragectory\AntarcticIcebergs_20250509.csv","2290","24-09-2026 12:29:19","False"
"D:\SIH\IceBerg\dataSet\icebergtragectory\AntarcticIcebergs_20250509.zip","194808","24-09-2026 12:24:47","False"
"D:\SIH\IceBerg\dataSet\icebergtragectory\AntarcticIcebergs_20250516.csv","2288","24-09-2026 12:29:18","False"
"D:\SIH\IceBerg\dataSet\icebergtragectory\AntarcticIcebergs_20250516.zip","194232","24-09-2026 12:24:40","False"
"D:\SIH\IceBerg\dataSet\icebergtragectory\AntarcticIcebergs_20250522.csv","2284","24-09-2026 12:29:17","False"
"D:\SIH\IceBerg\dataSet\icebergtragectory\AntarcticIcebergs_20250522.zip","194328","24-09-2026 12:24:39","False"
"D:\SIH\IceBerg\dataSet\icebergtragectory\AntarcticIcebergs_20250529.csv","2289","24-09-2026 12:29:15","False"
"D:\SIH\IceBerg\dataSet\icebergtragectory\AntarcticIcebergs_20250529.zip","194120","24-09-2026 12:24:38","False"
"D:\SIH\IceBerg\dataSet\icebergtragectory\AntarcticIcebergs_20250605.csv","2290","24-09-2026 12:29:14","False"
"D:\SIH\IceBerg\dataSet\icebergtragectory\AntarcticIcebergs_20250605.zip","195416","24-09-2026 12:24:37","False"
"D:\SIH\IceBerg\dataSet\icebergtragectory\AntarcticIcebergs_20250612.csv","2234","24-09-2026 12:29:13","False"
"D:\SIH\IceBerg\dataSet\icebergtragectory\AntarcticIcebergs_20250612.zip","193670","24-09-2026 12:24:36","False"
"D:\SIH\IceBerg\dataSet\icebergtragectory\AntarcticIcebergs_20250620.csv","2230","24-09-2026 12:29:12","False"
"D:\SIH\IceBerg\dataSet\icebergtragectory\AntarcticIcebergs_20250620.zip","193670","24-09-2026 12:24:34","False"
"D:\SIH\IceBerg\dataSet\icebergtragectory\AntarcticIcebergs_20250627.csv","2236","24-09-2026 12:29:11","False"
"D:\SIH\IceBerg\dataSet\icebergtragectory\AntarcticIcebergs_20250627.zip","193638","24-09-2026 12:24:33","False"
"D:\SIH\IceBerg\dataSet\icebergtragectory\AntarcticIcebergs_20250704.csv","2230","24-09-2026 12:29:06","False"
"D:\SIH\IceBerg\dataSet\icebergtragectory\AntarcticIcebergs_20250704.zip","193638","24-09-2026 12:24:33","False"
"D:\SIH\IceBerg\dataSet\icebergtragectory\AntarcticIcebergs_20250711.csv","2346","24-09-2026 12:29:05","False"
"D:\SIH\IceBerg\dataSet\icebergtragectory\AntarcticIcebergs_20250711.zip","194410","24-09-2026 12:24:32","False"
"D:\SIH\IceBerg\dataSet\icebergtragectory\AntarcticIcebergs_20250718.csv","2450","24-09-2026 12:29:04","False"
"D:\SIH\IceBerg\dataSet\icebergtragectory\AntarcticIcebergs_20250718.zip","200238","24-09-2026 12:24:30","False"
"D:\SIH\IceBerg\dataSet\icebergtragectory\AntarcticIcebergs_20250724.csv","2450","24-09-2026 12:29:02","False"
"D:\SIH\IceBerg\dataSet\icebergtragectory\AntarcticIcebergs_20250724.zip","205422","24-09-2026 12:24:30","False"
"D:\SIH\IceBerg\dataSet\icebergtragectory\AntarcticIcebergs_20250731.csv","2448","24-09-2026 12:29:01","False"
"D:\SIH\IceBerg\dataSet\icebergtragectory\AntarcticIcebergs_20250731.zip","204750","24-09-2026 12:24:23","False"
"D:\SIH\IceBerg\dataSet\icebergtragectory\AntarcticIcebergs_20250808.csv","2396","24-09-2026 12:29:00","False"
"D:\SIH\IceBerg\dataSet\icebergtragectory\AntarcticIcebergs_20250808.zip","202348","24-09-2026 12:24:22","False"
"D:\SIH\IceBerg\dataSet\icebergtragectory\AntarcticIcebergs_20250814.csv","2393","24-09-2026 12:28:58","False"
"D:\SIH\IceBerg\dataSet\icebergtragectory\AntarcticIcebergs_20250814.zip","201996","24-09-2026 12:24:21","False"
"D:\SIH\IceBerg\dataSet\icebergtragectory\AntarcticIcebergs_20250821.csv","2447","24-09-2026 12:28:57","False"
"D:\SIH\IceBerg\dataSet\icebergtragectory\AntarcticIcebergs_20250821.zip","206385","24-09-2026 12:24:20","False"
"D:\SIH\IceBerg\dataSet\icebergtragectory\AntarcticIcebergs_20250828.csv","2447","24-09-2026 12:28:56","False"
"D:\SIH\IceBerg\dataSet\icebergtragectory\AntarcticIcebergs_20250828.zip","206353","24-09-2026 12:24:20","False"
"D:\SIH\IceBerg\dataSet\icebergtragectory\AntarcticIcebergs_20250904.csv","2502","24-09-2026 12:28:55","False"
"D:\SIH\IceBerg\dataSet\icebergtragectory\AntarcticIcebergs_20250904.zip","206099","24-09-2026 12:24:17","False"
"D:\SIH\IceBerg\dataSet\icebergtragectory\AntarcticIcebergs_20250911.csv","2556","24-09-2026 12:28:54","False"
"D:\SIH\IceBerg\dataSet\icebergtragectory\AntarcticIcebergs_20250911.zip","216469","24-09-2026 12:24:17","False"
"D:\SIH\IceBerg\dataSet\icebergtragectory\AntarcticIcebergs_20250918.csv","2562","24-09-2026 12:28:48","False"
"D:\SIH\IceBerg\dataSet\icebergtragectory\AntarcticIcebergs_20250918.zip","215845","24-09-2026 12:24:16","False"
"D:\SIH\IceBerg\dataSet\icebergtragectory\AntarcticIcebergs_20250926.csv","2559","24-09-2026 12:28:47","False"
"D:\SIH\IceBerg\dataSet\icebergtragectory\AntarcticIcebergs_20250926.zip","215493","24-09-2026 12:24:15","False"
"D:\SIH\IceBerg\dataSet\icebergtragectory\AntarcticIcebergs_20251009.csv","2505","24-09-2026 12:28:46","False"
"D:\SIH\IceBerg\dataSet\icebergtragectory\AntarcticIcebergs_20251009.zip","214243","24-09-2026 12:24:14","False"
"D:\SIH\IceBerg\dataSet\icebergtragectory\AntarcticIcebergs_20251016.csv","2508","24-09-2026 12:28:44","False"
"D:\SIH\IceBerg\dataSet\icebergtragectory\AntarcticIcebergs_20251016.zip","213619","24-09-2026 12:24:12","False"
"D:\SIH\IceBerg\dataSet\icebergtragectory\AntarcticIcebergs_20251023.csv","2506","24-09-2026 12:28:43","False"
"D:\SIH\IceBerg\dataSet\icebergtragectory\AntarcticIcebergs_20251023.zip","213619","24-09-2026 12:24:12","False"
"D:\SIH\IceBerg\dataSet\icebergtragectory\AntarcticIcebergs_20251031.csv","2562","24-09-2026 12:28:43","False"
"D:\SIH\IceBerg\dataSet\icebergtragectory\AntarcticIcebergs_20251031.zip","212965","24-09-2026 12:24:07","False"
"D:\SIH\IceBerg\dataSet\icebergtragectory\AntarcticIcebergs_20251107.csv","2560","24-09-2026 12:28:42","False"
"D:\SIH\IceBerg\dataSet\icebergtragectory\AntarcticIcebergs_20251107.zip","212549","24-09-2026 12:24:06","False"
"D:\SIH\IceBerg\dataSet\icebergtragectory\AntarcticIcebergs_20251114.csv","2562","24-09-2026 12:28:41","False"
"D:\SIH\IceBerg\dataSet\icebergtragectory\AntarcticIcebergs_20251114.zip","212549","24-09-2026 12:24:03","False"
"D:\SIH\IceBerg\dataSet\icebergtragectory\AntarcticIcebergs_20251121.csv","2561","24-09-2026 12:28:40","False"
"D:\SIH\IceBerg\dataSet\icebergtragectory\AntarcticIcebergs_20251121.zip","210517","24-09-2026 12:24:02","False"
"D:\SIH\IceBerg\dataSet\icebergtragectory\AntarcticIcebergs_20251128.csv","2453","24-09-2026 12:28:39","False"
"D:\SIH\IceBerg\dataSet\icebergtragectory\AntarcticIcebergs_20251128.zip","207777","24-09-2026 12:24:01","False"
"D:\SIH\IceBerg\dataSet\icebergtragectory\AntarcticIcebergs_20251205.csv","2446","24-09-2026 12:28:38","False"
"D:\SIH\IceBerg\dataSet\icebergtragectory\AntarcticIcebergs_20251205.zip","207729","24-09-2026 12:24:00","False"
"D:\SIH\IceBerg\dataSet\icebergtragectory\AntarcticIcebergs_20251212.csv","2078","24-09-2026 12:28:36","False"
"D:\SIH\IceBerg\dataSet\icebergtragectory\AntarcticIcebergs_20251212.zip","190931","24-09-2026 12:23:58","False"
"D:\SIH\IceBerg\dataSet\icebergtragectory\AntarcticIcebergs_20251218.csv","2079","24-09-2026 12:28:28","False"
"D:\SIH\IceBerg\dataSet\icebergtragectory\AntarcticIcebergs_20251218.zip","190931","24-09-2026 12:23:57","False"
"D:\SIH\IceBerg\dataSet\icebergtragectory\AntarcticIcebergs_20251226.csv","2024","24-09-2026 12:28:27","False"
"D:\SIH\IceBerg\dataSet\icebergtragectory\AntarcticIcebergs_20251226.zip","189265","24-09-2026 12:23:56","False"
"D:\SIH\IceBerg\dataSet\icebergtragectory\AntarcticIcebergs_20260102.csv","2021","24-09-2026 12:28:26","False"
"D:\SIH\IceBerg\dataSet\icebergtragectory\AntarcticIcebergs_20260102.zip","188833","24-09-2026 12:23:54","False"
"D:\SIH\IceBerg\dataSet\icebergtragectory\AntarcticIcebergs_20260109.csv","2025","24-09-2026 12:28:25","False"
"D:\SIH\IceBerg\dataSet\icebergtragectory\AntarcticIcebergs_20260109.zip","189265","24-09-2026 12:23:53","False"
"D:\SIH\IceBerg\dataSet\icebergtragectory\AntarcticIcebergs_20260116.csv","2084","24-09-2026 12:28:23","False"
"D:\SIH\IceBerg\dataSet\icebergtragectory\AntarcticIcebergs_20260116.zip","188851","24-09-2026 12:23:53","False"
"D:\SIH\IceBerg\dataSet\icebergtragectory\AntarcticIcebergs_20260123.csv","2082","24-09-2026 12:28:22","False"
"D:\SIH\IceBerg\dataSet\icebergtragectory\AntarcticIcebergs_20260123.zip","188307","24-09-2026 12:23:46","False"
"D:\SIH\IceBerg\dataSet\icebergtragectory\AntarcticIcebergs_20260130.csv","2077","24-09-2026 12:28:21","False"
"D:\SIH\IceBerg\dataSet\icebergtragectory\AntarcticIcebergs_20260130.zip","188867","24-09-2026 12:23:43","False"
"D:\SIH\IceBerg\dataSet\icebergtragectory\AntarcticIcebergs_20260206.csv","2083","24-09-2026 12:28:20","False"
"D:\SIH\IceBerg\dataSet\icebergtragectory\AntarcticIcebergs_20260206.zip","185075","24-09-2026 12:23:42","False"
"D:\SIH\IceBerg\dataSet\icebergtragectory\AntarcticIcebergs_20260213.csv","2076","24-09-2026 12:28:17","False"
"D:\SIH\IceBerg\dataSet\icebergtragectory\AntarcticIcebergs_20260213.zip","181651","24-09-2026 12:23:40","False"
"D:\SIH\IceBerg\dataSet\icebergtragectory\AntarcticIcebergs_20260219.csv","2077","24-09-2026 12:28:16","False"
"D:\SIH\IceBerg\dataSet\icebergtragectory\AntarcticIcebergs_20260219.zip","178915","24-09-2026 12:23:38","False"
"D:\SIH\IceBerg\dataSet\icebergtragectory\AntarcticIcebergs_20260226.csv","2075","24-09-2026 12:28:15","False"
"D:\SIH\IceBerg\dataSet\icebergtragectory\AntarcticIcebergs_20260226.zip","177923","24-09-2026 12:23:36","False"
"D:\SIH\IceBerg\dataSet\icebergtragectory\AntarcticIcebergs_20260306.csv","2069","24-09-2026 12:28:14","False"
"D:\SIH\IceBerg\dataSet\icebergtragectory\AntarcticIcebergs_20260306.zip","166003","24-09-2026 12:23:35","False"
"D:\SIH\IceBerg\dataSet\icebergtragectory\AntarcticIcebergs_20260313.csv","1905","24-09-2026 12:28:10","False"
"D:\SIH\IceBerg\dataSet\icebergtragectory\AntarcticIcebergs_20260313.zip","161853","24-09-2026 12:23:34","False"
"D:\SIH\IceBerg\dataSet\icebergtragectory\AntarcticIcebergs_20260320.csv","1906","24-09-2026 12:28:09","False"
"D:\SIH\IceBerg\dataSet\icebergtragectory\AntarcticIcebergs_20260320.zip","161853","24-09-2026 12:23:33","False"
"D:\SIH\IceBerg\dataSet\icebergtragectory\AntarcticIcebergs_20260326.csv","1792","24-09-2026 12:28:08","False"
"D:\SIH\IceBerg\dataSet\icebergtragectory\AntarcticIcebergs_20260326.zip","159529","24-09-2026 12:23:32","False"
"D:\SIH\IceBerg\dataSet\icebergtragectory\AntarcticIcebergs_20260403.csv","1739","24-09-2026 12:28:07","False"
"D:\SIH\IceBerg\dataSet\icebergtragectory\AntarcticIcebergs_20260403.zip","157687","24-09-2026 12:23:31","False"
"D:\SIH\IceBerg\dataSet\icebergtragectory\AntarcticIcebergs_20260410.csv","1742","24-09-2026 12:28:06","False"
"D:\SIH\IceBerg\dataSet\icebergtragectory\AntarcticIcebergs_20260410.zip","157687","24-09-2026 12:23:31","False"
"D:\SIH\IceBerg\dataSet\icebergtragectory\AntarcticIcebergs_20260417.csv","1739","24-09-2026 12:28:05","False"
"D:\SIH\IceBerg\dataSet\icebergtragectory\AntarcticIcebergs_20260417.zip","156967","24-09-2026 12:23:26","False"
"D:\SIH\IceBerg\dataSet\icebergtragectory\AntarcticIcebergs_20260424.csv","1742","24-09-2026 12:28:04","False"
"D:\SIH\IceBerg\dataSet\icebergtragectory\AntarcticIcebergs_20260424.zip","164471","24-09-2026 12:23:25","False"
"D:\SIH\IceBerg\dataSet\icebergtragectory\AntarcticIcebergs_20260430.csv","1738","24-09-2026 12:28:03","False"
"D:\SIH\IceBerg\dataSet\icebergtragectory\AntarcticIcebergs_20260430.zip","171239","24-09-2026 12:23:23","False"
"D:\SIH\IceBerg\dataSet\icebergtragectory\AntarcticIcebergs_20260508.csv","1845","24-09-2026 12:28:02","False"
"D:\SIH\IceBerg\dataSet\icebergtragectory\AntarcticIcebergs_20260508.zip","192081","24-09-2026 12:23:22","False"
"D:\SIH\IceBerg\dataSet\icebergtragectory\AntarcticIcebergs_20260515.csv","1844","24-09-2026 12:28:01","False"
"D:\SIH\IceBerg\dataSet\icebergtragectory\AntarcticIcebergs_20260515.zip","192081","24-09-2026 12:23:21","False"
"D:\SIH\IceBerg\dataSet\icebergtragectory\AntarcticIcebergs_20260521.csv","1843","24-09-2026 12:27:59","False"
"D:\SIH\IceBerg\dataSet\icebergtragectory\AntarcticIcebergs_20260521.zip","191953","24-09-2026 12:23:21","False"
"D:\SIH\IceBerg\dataSet\icebergtragectory\AntarcticIcebergs_20260529.csv","1846","24-09-2026 12:27:58","False"
"D:\SIH\IceBerg\dataSet\icebergtragectory\AntarcticIcebergs_20260529.zip","191969","24-09-2026 12:23:16","False"
"D:\SIH\IceBerg\dataSet\icebergtragectory\AntarcticIcebergs_20260605.csv","1846","24-09-2026 12:27:54","False"
"D:\SIH\IceBerg\dataSet\icebergtragectory\AntarcticIcebergs_20260605.zip","191025","24-09-2026 12:23:19","False"
"D:\SIH\IceBerg\dataSet\icebergtragectory\AntarcticIcebergs_20260612.csv","1840","24-09-2026 12:27:52","False"
"D:\SIH\IceBerg\dataSet\icebergtragectory\AntarcticIcebergs_20260612.zip","191025","24-09-2026 12:23:19","False"
"D:\SIH\IceBerg\dataSet\icebergtragectory\AntarcticIcebergs_20260618.csv","1841","24-09-2026 12:27:51","False"
"D:\SIH\IceBerg\dataSet\icebergtragectory\AntarcticIcebergs_20260618.zip","190977","24-09-2026 12:23:09","False"
"D:\SIH\IceBerg\dataSet\icebergtragectory\AntarcticIcebergs_20260625.csv","1899","24-09-2026 12:27:50","False"
"D:\SIH\IceBerg\dataSet\icebergtragectory\AntarcticIcebergs_20260625.zip","186419","24-09-2026 12:23:08","False"
"D:\SIH\IceBerg\dataSet\icebergtragectory\AntarcticIcebergs_20260703.csv","1899","24-09-2026 12:27:49","False"
"D:\SIH\IceBerg\dataSet\icebergtragectory\AntarcticIcebergs_20260703.zip","186419","24-09-2026 12:23:07","False"
"D:\SIH\IceBerg\dataSet\icebergtragectory\AntarcticIcebergs_20260710.csv","1897","24-09-2026 12:27:48","False"
"D:\SIH\IceBerg\dataSet\icebergtragectory\AntarcticIcebergs_20260710.zip","186291","24-09-2026 12:23:06","False"
"D:\SIH\IceBerg\dataSet\icebergtragectory\AntarcticIcebergs_20260717.csv","1903","24-09-2026 12:27:47","False"
"D:\SIH\IceBerg\dataSet\icebergtragectory\AntarcticIcebergs_20260717.zip","185811","24-09-2026 12:23:04","False"
"D:\SIH\IceBerg\dataSet\icebergtragectory\AntarcticIcebergs_20260723.csv","1902","24-09-2026 12:27:46","False"
"D:\SIH\IceBerg\dataSet\icebergtragectory\AntarcticIcebergs_20260723.zip","185811","24-09-2026 12:23:03","False"
"D:\SIH\IceBerg\dataSet\icebergtragectory\AntarcticIcebergs_20260730.csv","1902","24-09-2026 12:27:45","False"
"D:\SIH\IceBerg\dataSet\icebergtragectory\AntarcticIcebergs_20260730.zip","185507","24-09-2026 12:23:02","False"
"D:\SIH\IceBerg\dataSet\icebergtragectory\AntarcticIcebergs_20260807.csv","1902","24-09-2026 12:27:44","False"
"D:\SIH\IceBerg\dataSet\icebergtragectory\AntarcticIcebergs_20260807.zip","182643","24-09-2026 12:23:01","False"
"D:\SIH\IceBerg\dataSet\icebergtragectory\AntarcticIcebergs_20260813.csv","1900","24-09-2026 12:27:43","False"
"D:\SIH\IceBerg\dataSet\icebergtragectory\AntarcticIcebergs_20260813.zip","183395","24-09-2026 12:22:59","False"
"D:\SIH\IceBerg\dataSet\icebergtragectory\AntarcticIcebergs_20260820.csv","1896","24-09-2026 12:27:37","False"
"D:\SIH\IceBerg\dataSet\icebergtragectory\AntarcticIcebergs_20260820.zip","181507","24-09-2026 12:22:59","False"
"D:\SIH\IceBerg\dataSet\icebergtragectory\AntarcticIcebergs_20260827.csv","1897","24-09-2026 12:27:36","False"
"D:\SIH\IceBerg\dataSet\icebergtragectory\AntarcticIcebergs_20260827.zip","181187","24-09-2026 12:22:57","False"
"D:\SIH\IceBerg\dataSet\icebergtragectory\AntarcticIcebergs_20260904.csv","1897","24-09-2026 12:27:35","False"
"D:\SIH\IceBerg\dataSet\icebergtragectory\AntarcticIcebergs_20260904.zip","179939","24-09-2026 12:22:55","False"
"D:\SIH\IceBerg\dataSet\icebergtragectory\AntarcticIcebergs_20260910.csv","1897","24-09-2026 12:27:34","False"
"D:\SIH\IceBerg\dataSet\icebergtragectory\AntarcticIcebergs_20260910.zip","179939","24-09-2026 12:22:54","False"
"D:\SIH\IceBerg\dataSet\icebergtragectory\AntarcticIcebergs_20260918 (1).csv","1897","24-09-2026 12:27:33","False"
"D:\SIH\IceBerg\dataSet\icebergtragectory\AntarcticIcebergs_20260918 (1).zip","178179","24-09-2026 12:22:54","False"
"D:\SIH\IceBerg\dataSet\icebergtragectory\AntarcticIcebergs_20260918.csv","1897","24-09-2026 12:08:00","False"
"D:\SIH\IceBerg\dataSet\icebergtragectory\AntarcticIcebergs_20260918.zip","178179","24-09-2026 12:13:36","False"
"D:\SIH\IceBerg\dataSet\icebergtragectory\consolidated_database_v8.0.zip","4065659","24-09-2026 12:17:43","False"
"D:\SIH\IceBerg\dataSet\icebergtragectory\consolidated_database_v8.0\updated7_consol",,"24-09-2026 12:18:21","True"
"D:\SIH\IceBerg\dataSet\icebergtragectory\consolidated_database_v8.0\updated7_consol\#d15b.csv#","14716","24-09-2026 12:18:19","False"
"D:\SIH\IceBerg\dataSet\icebergtragectory\consolidated_database_v8.0\updated7_consol\a01.csv","3720","24-09-2026 12:18:17","False"
"D:\SIH\IceBerg\dataSet\icebergtragectory\consolidated_database_v8.0\updated7_consol\a02.csv","3403","24-09-2026 12:18:17","False"
"D:\SIH\IceBerg\dataSet\icebergtragectory\consolidated_database_v8.0\updated7_consol\a03.csv","149","24-09-2026 12:18:17","False"
"D:\SIH\IceBerg\dataSet\icebergtragectory\consolidated_database_v8.0\updated7_consol\a04.csv","65","24-09-2026 12:18:17","False"
"D:\SIH\IceBerg\dataSet\icebergtragectory\consolidated_database_v8.0\updated7_consol\a05.csv","283","24-09-2026 12:18:17","False"
"D:\SIH\IceBerg\dataSet\icebergtragectory\consolidated_database_v8.0\updated7_consol\a06.csv","119","24-09-2026 12:18:17","False"
"D:\SIH\IceBerg\dataSet\icebergtragectory\consolidated_database_v8.0\updated7_consol\a07.csv","61","24-09-2026 12:18:17","False"
"D:\SIH\IceBerg\dataSet\icebergtragectory\consolidated_database_v8.0\updated7_consol\a08.csv","119","24-09-2026 12:18:17","False"
"D:\SIH\IceBerg\dataSet\icebergtragectory\consolidated_database_v8.0\updated7_consol\a09.csv","65","24-09-2026 12:18:17","False"
"D:\SIH\IceBerg\dataSet\icebergtragectory\consolidated_database_v8.0\updated7_consol\a10.csv","65","24-09-2026 12:18:17","False"
"D:\SIH\IceBerg\dataSet\icebergtragectory\consolidated_database_v8.0\updated7_consol\a11.csv","93","24-09-2026 12:18:17","False"
"D:\SIH\IceBerg\dataSet\icebergtragectory\consolidated_database_v8.0\updated7_consol\a12.csv","149","24-09-2026 12:18:17","False"
"D:\SIH\IceBerg\dataSet\icebergtragectory\consolidated_database_v8.0\updated7_consol\a13.csv","1178","24-09-2026 12:18:17","False"
"D:\SIH\IceBerg\dataSet\icebergtragectory\consolidated_database_v8.0\updated7_consol\a14.csv","89","24-09-2026 12:18:17","False"
"D:\SIH\IceBerg\dataSet\icebergtragectory\consolidated_database_v8.0\updated7_consol\a15.csv","885","24-09-2026 12:18:17","False"
"D:\SIH\IceBerg\dataSet\icebergtragectory\consolidated_database_v8.0\updated7_consol\a16.csv","1334","24-09-2026 12:18:17","False"
"D:\SIH\IceBerg\dataSet\icebergtragectory\consolidated_database_v8.0\updated7_consol\a17.csv","147","24-09-2026 12:18:17","False"
"D:\SIH\IceBerg\dataSet\icebergtragectory\consolidated_database_v8.0\updated7_consol\a19.csv","893","24-09-2026 12:18:17","False"
"D:\SIH\IceBerg\dataSet\icebergtragectory\consolidated_database_v8.0\updated7_consol\a20.csv","1130","24-09-2026 12:18:17","False"
"D:\SIH\IceBerg\dataSet\icebergtragectory\consolidated_database_v8.0\updated7_consol\a20a.csv","6107","24-09-2026 12:18:17","False"
"D:\SIH\IceBerg\dataSet\icebergtragectory\consolidated_database_v8.0\updated7_consol\a20b.csv","7126","24-09-2026 12:18:17","False"
"D:\SIH\IceBerg\dataSet\icebergtragectory\consolidated_database_v8.0\updated7_consol\a21.csv","1040","24-09-2026 12:18:17","False"
"D:\SIH\IceBerg\dataSet\icebergtragectory\consolidated_database_v8.0\updated7_consol\a21a.csv","1464","24-09-2026 12:18:17","False"
"D:\SIH\IceBerg\dataSet\icebergtragectory\consolidated_database_v8.0\updated7_consol\a22.csv","41024","24-09-2026 12:18:17","False"
"D:\SIH\IceBerg\dataSet\icebergtragectory\consolidated_database_v8.0\updated7_consol\a22a.csv","300023","24-09-2026 12:18:17","False"
"D:\SIH\IceBerg\dataSet\icebergtragectory\consolidated_database_v8.0\updated7_consol\a22b.csv","123702","24-09-2026 12:18:17","False"
"D:\SIH\IceBerg\dataSet\icebergtragectory\consolidated_database_v8.0\updated7_consol\a22c.csv","51970","24-09-2026 12:18:17","False"
"D:\SIH\IceBerg\dataSet\icebergtragectory\consolidated_database_v8.0\updated7_consol\a23.csv","9125","24-09-2026 12:18:17","False"
"D:\SIH\IceBerg\dataSet\icebergtragectory\consolidated_database_v8.0\updated7_consol\a23a.csv","868635","24-09-2026 12:18:17","False"
"D:\SIH\IceBerg\dataSet\icebergtragectory\consolidated_database_v8.0\updated7_consol\a23b.csv","149055","24-09-2026 12:18:17","False"
"D:\SIH\IceBerg\dataSet\icebergtragectory\consolidated_database_v8.0\updated7_consol\a24.csv","11995","24-09-2026 12:18:17","False"
"D:\SIH\IceBerg\dataSet\icebergtragectory\consolidated_database_v8.0\updated7_consol\a24a.csv","274","24-09-2026 12:18:17","False"
"D:\SIH\IceBerg\dataSet\icebergtragectory\consolidated_database_v8.0\updated7_consol\a24b.csv","272","24-09-2026 12:18:17","False"
"D:\SIH\IceBerg\dataSet\icebergtragectory\consolidated_database_v8.0\updated7_consol\a24c.csv","277","24-09-2026 12:18:17","False"
"D:\SIH\IceBerg\dataSet\icebergtragectory\consolidated_database_v8.0\updated7_consol\a24d.csv","274","24-09-2026 12:18:17","False"
"D:\SIH\IceBerg\dataSet\icebergtragectory\consolidated_database_v8.0\updated7_consol\a25.csv","5336","24-09-2026 12:18:17","False"
"D:\SIH\IceBerg\dataSet\icebergtragectory\consolidated_database_v8.0\updated7_consol\a26.csv","813","24-09-2026 12:18:17","False"
"D:\SIH\IceBerg\dataSet\icebergtragectory\consolidated_database_v8.0\updated7_consol\a27.csv","265976","24-09-2026 12:18:17","False"
"D:\SIH\IceBerg\dataSet\icebergtragectory\consolidated_database_v8.0\updated7_consol\a27a.csv","64","24-09-2026 12:18:17","False"
"D:\SIH\IceBerg\dataSet\icebergtragectory\consolidated_database_v8.0\updated7_consol\a28.csv","9428","24-09-2026 12:18:17","False"
"D:\SIH\IceBerg\dataSet\icebergtragectory\consolidated_database_v8.0\updated7_consol\a29.csv","5175","24-09-2026 12:18:17","False"
"D:\SIH\IceBerg\dataSet\icebergtragectory\consolidated_database_v8.0\updated7_consol\a30.csv","116","24-09-2026 12:18:17","False"
"D:\SIH\IceBerg\dataSet\icebergtragectory\consolidated_database_v8.0\updated7_consol\a31.csv","7837","24-09-2026 12:18:17","False"
"D:\SIH\IceBerg\dataSet\icebergtragectory\consolidated_database_v8.0\updated7_consol\a32.csv","3990","24-09-2026 12:18:17","False"
"D:\SIH\IceBerg\dataSet\icebergtragectory\consolidated_database_v8.0\updated7_consol\a32a.csv","8023","24-09-2026 12:18:17","False"
"D:\SIH\IceBerg\dataSet\icebergtragectory\consolidated_database_v8.0\updated7_consol\a32b.csv","65","24-09-2026 12:18:17","False"
"D:\SIH\IceBerg\dataSet\icebergtragectory\consolidated_database_v8.0\updated7_consol\a33.csv","93","24-09-2026 12:18:17","False"
"D:\SIH\IceBerg\dataSet\icebergtragectory\consolidated_database_v8.0\updated7_consol\a34.csv","93","24-09-2026 12:18:17","False"
"D:\SIH\IceBerg\dataSet\icebergtragectory\consolidated_database_v8.0\updated7_consol\a34a.csv","47458","24-09-2026 12:18:17","False"
"D:\SIH\IceBerg\dataSet\icebergtragectory\consolidated_database_v8.0\updated7_consol\a35.csv","74195","24-09-2026 12:18:17","False"
"D:\SIH\IceBerg\dataSet\icebergtragectory\consolidated_database_v8.0\updated7_consol\a35a.csv","34558","24-09-2026 12:18:17","False"
"D:\SIH\IceBerg\dataSet\icebergtragectory\consolidated_database_v8.0\updated7_consol\a35b.csv","12707","24-09-2026 12:18:17","False"
"D:\SIH\IceBerg\dataSet\icebergtragectory\consolidated_database_v8.0\updated7_consol\a35c.csv","7866","24-09-2026 12:18:17","False"
"D:\SIH\IceBerg\dataSet\icebergtragectory\consolidated_database_v8.0\updated7_consol\a36.csv","6283","24-09-2026 12:18:17","False"
"D:\SIH\IceBerg\dataSet\icebergtragectory\consolidated_database_v8.0\updated7_consol\a37.csv","168","24-09-2026 12:18:17","False"
"D:\SIH\IceBerg\dataSet\icebergtragectory\consolidated_database_v8.0\updated7_consol\a38.csv","65","24-09-2026 12:18:17","False"
"D:\SIH\IceBerg\dataSet\icebergtragectory\consolidated_database_v8.0\updated7_consol\a38a.csv","86687","24-09-2026 12:18:17","False"
"D:\SIH\IceBerg\dataSet\icebergtragectory\consolidated_database_v8.0\updated7_consol\a38b.csv","113688","24-09-2026 12:18:17","False"
"D:\SIH\IceBerg\dataSet\icebergtragectory\consolidated_database_v8.0\updated7_consol\a38c.csv","46657","24-09-2026 12:18:17","False"
"D:\SIH\IceBerg\dataSet\icebergtragectory\consolidated_database_v8.0\updated7_consol\a38d.csv","73044","24-09-2026 12:18:17","False"
"D:\SIH\IceBerg\dataSet\icebergtragectory\consolidated_database_v8.0\updated7_consol\a38e.csv","3557","24-09-2026 12:18:17","False"
"D:\SIH\IceBerg\dataSet\icebergtragectory\consolidated_database_v8.0\updated7_consol\a38f.csv","1535","24-09-2026 12:18:17","False"
"D:\SIH\IceBerg\dataSet\icebergtragectory\consolidated_database_v8.0\updated7_consol\a38g.csv","85","24-09-2026 12:18:17","False"
"D:\SIH\IceBerg\dataSet\icebergtragectory\consolidated_database_v8.0\updated7_consol\a39.csv","4427","24-09-2026 12:18:17","False"
"D:\SIH\IceBerg\dataSet\icebergtragectory\consolidated_database_v8.0\updated7_consol\a40.csv","1113","24-09-2026 12:18:17","False"
"D:\SIH\IceBerg\dataSet\icebergtragectory\consolidated_database_v8.0\updated7_consol\a40a.csv","5504","24-09-2026 12:18:17","False"
"D:\SIH\IceBerg\dataSet\icebergtragectory\consolidated_database_v8.0\updated7_consol\a41.csv","4627","24-09-2026 12:18:17","False"
"D:\SIH\IceBerg\dataSet\icebergtragectory\consolidated_database_v8.0\updated7_consol\a42.csv","31066","24-09-2026 12:18:17","False"
"D:\SIH\IceBerg\dataSet\icebergtragectory\consolidated_database_v8.0\updated7_consol\a43a.csv","75341","24-09-2026 12:18:17","False"
"D:\SIH\IceBerg\dataSet\icebergtragectory\consolidated_database_v8.0\updated7_consol\a43b.csv","66134","24-09-2026 12:18:17","False"
"D:\SIH\IceBerg\dataSet\icebergtragectory\consolidated_database_v8.0\updated7_consol\a43c.csv","72951","24-09-2026 12:18:17","False"
"D:\SIH\IceBerg\dataSet\icebergtragectory\consolidated_database_v8.0\updated7_consol\a43d.csv","181012","24-09-2026 12:18:17","False"
"D:\SIH\IceBerg\dataSet\icebergtragectory\consolidated_database_v8.0\updated7_consol\a43e.csv","16911","24-09-2026 12:18:17","False"
"D:\SIH\IceBerg\dataSet\icebergtragectory\consolidated_database_v8.0\updated7_consol\a43f.csv","135670","24-09-2026 12:18:17","False"
"D:\SIH\IceBerg\dataSet\icebergtragectory\consolidated_database_v8.0\updated7_consol\a43g.csv","31851","24-09-2026 12:18:17","False"
"D:\SIH\IceBerg\dataSet\icebergtragectory\consolidated_database_v8.0\updated7_consol\a43h.csv","1271","24-09-2026 12:18:17","False"
"D:\SIH\IceBerg\dataSet\icebergtragectory\consolidated_database_v8.0\updated7_consol\a43i.csv","4344","24-09-2026 12:18:17","False"
"D:\SIH\IceBerg\dataSet\icebergtragectory\consolidated_database_v8.0\updated7_consol\a43j.csv","5085","24-09-2026 12:18:17","False"
"D:\SIH\IceBerg\dataSet\icebergtragectory\consolidated_database_v8.0\updated7_consol\a43k.csv","21778","24-09-2026 12:18:17","False"
"D:\SIH\IceBerg\dataSet\icebergtragectory\consolidated_database_v8.0\updated7_consol\a44.csv","118","24-09-2026 12:18:17","False"
"D:\SIH\IceBerg\dataSet\icebergtragectory\consolidated_database_v8.0\updated7_consol\a45.csv","4956","24-09-2026 12:18:17","False"
"D:\SIH\IceBerg\dataSet\icebergtragectory\consolidated_database_v8.0\updated7_consol\a46.csv","24141","24-09-2026 12:18:17","False"
"D:\SIH\IceBerg\dataSet\icebergtragectory\consolidated_database_v8.0\updated7_consol\a47.csv","25963","24-09-2026 12:18:17","False"
"D:\SIH\IceBerg\dataSet\icebergtragectory\consolidated_database_v8.0\updated7_consol\a48.csv","36139","24-09-2026 12:18:17","False"
"D:\SIH\IceBerg\dataSet\icebergtragectory\consolidated_database_v8.0\updated7_consol\a49.csv","89","24-09-2026 12:18:17","False"
"D:\SIH\IceBerg\dataSet\icebergtragectory\consolidated_database_v8.0\updated7_consol\a50.csv","3590","24-09-2026 12:18:17","False"
"D:\SIH\IceBerg\dataSet\icebergtragectory\consolidated_database_v8.0\updated7_consol\a51.csv","64","24-09-2026 12:18:17","False"
"D:\SIH\IceBerg\dataSet\icebergtragectory\consolidated_database_v8.0\updated7_consol\a52.csv","57168","24-09-2026 12:18:17","False"
"D:\SIH\IceBerg\dataSet\icebergtragectory\consolidated_database_v8.0\updated7_consol\a53.csv","97","24-09-2026 12:18:17","False"
"D:\SIH\IceBerg\dataSet\icebergtragectory\consolidated_database_v8.0\updated7_consol\a53a.csv","46660","24-09-2026 12:18:17","False"
"D:\SIH\IceBerg\dataSet\icebergtragectory\consolidated_database_v8.0\updated7_consol\a53b.csv","8934","24-09-2026 12:18:17","False"
"D:\SIH\IceBerg\dataSet\icebergtragectory\consolidated_database_v8.0\updated7_consol\a54.csv","12754","24-09-2026 12:18:17","False"
"D:\SIH\IceBerg\dataSet\icebergtragectory\consolidated_database_v8.0\updated7_consol\a54a.csv","2211","24-09-2026 12:18:17","False"
"D:\SIH\IceBerg\dataSet\icebergtragectory\consolidated_database_v8.0\updated7_consol\a54b.csv","287","24-09-2026 12:18:17","False"
"D:\SIH\IceBerg\dataSet\icebergtragectory\consolidated_database_v8.0\updated7_consol\a55.csv","11737","24-09-2026 12:18:17","False"
"D:\SIH\IceBerg\dataSet\icebergtragectory\consolidated_database_v8.0\updated7_consol\a56.csv","175544","24-09-2026 12:18:17","False"
"D:\SIH\IceBerg\dataSet\icebergtragectory\consolidated_database_v8.0\updated7_consol\a57.csv","117519","24-09-2026 12:18:17","False"
"D:\SIH\IceBerg\dataSet\icebergtragectory\consolidated_database_v8.0\updated7_consol\a57a.csv","55750","24-09-2026 12:18:17","False"
"D:\SIH\IceBerg\dataSet\icebergtragectory\consolidated_database_v8.0\updated7_consol\a57b.csv","46890","24-09-2026 12:18:17","False"
"D:\SIH\IceBerg\dataSet\icebergtragectory\consolidated_database_v8.0\updated7_consol\a58.csv","585","24-09-2026 12:18:17","False"
"D:\SIH\IceBerg\dataSet\icebergtragectory\consolidated_database_v8.0\updated7_consol\a59.csv","9155","24-09-2026 12:18:17","False"
"D:\SIH\IceBerg\dataSet\icebergtragectory\consolidated_database_v8.0\updated7_consol\a60.csv","731","24-09-2026 12:18:17","False"
"D:\SIH\IceBerg\dataSet\icebergtragectory\consolidated_database_v8.0\updated7_consol\a61.csv","156921","24-09-2026 12:18:17","False"
"D:\SIH\IceBerg\dataSet\icebergtragectory\consolidated_database_v8.0\updated7_consol\a62.csv","57113","24-09-2026 12:18:17","False"
"D:\SIH\IceBerg\dataSet\icebergtragectory\consolidated_database_v8.0\updated7_consol\a62a.csv","6699","24-09-2026 12:18:17","False"
"D:\SIH\IceBerg\dataSet\icebergtragectory\consolidated_database_v8.0\updated7_consol\a63.csv","172899","24-09-2026 12:18:17","False"
"D:\SIH\IceBerg\dataSet\icebergtragectory\consolidated_database_v8.0\updated7_consol\a64.csv","136925","24-09-2026 12:18:17","False"
"D:\SIH\IceBerg\dataSet\icebergtragectory\consolidated_database_v8.0\updated7_consol\a65.csv","2865","24-09-2026 12:18:17","False"
"D:\SIH\IceBerg\dataSet\icebergtragectory\consolidated_database_v8.0\updated7_consol\a66.csv","21540","24-09-2026 12:18:17","False"
"D:\SIH\IceBerg\dataSet\icebergtragectory\consolidated_database_v8.0\updated7_consol\a67.csv","7727","24-09-2026 12:18:17","False"
"D:\SIH\IceBerg\dataSet\icebergtragectory\consolidated_database_v8.0\updated7_consol\a68.csv","2155","24-09-2026 12:18:17","False"
"D:\SIH\IceBerg\dataSet\icebergtragectory\consolidated_database_v8.0\updated7_consol\a68a.csv","60749","24-09-2026 12:18:17","False"
"D:\SIH\IceBerg\dataSet\icebergtragectory\consolidated_database_v8.0\updated7_consol\a68b.csv","49021","24-09-2026 12:18:17","False"
"D:\SIH\IceBerg\dataSet\icebergtragectory\consolidated_database_v8.0\updated7_consol\a68c.csv","10356","24-09-2026 12:18:17","False"
"D:\SIH\IceBerg\dataSet\icebergtragectory\consolidated_database_v8.0\updated7_consol\a68d.csv","2223","24-09-2026 12:18:17","False"
"D:\SIH\IceBerg\dataSet\icebergtragectory\consolidated_database_v8.0\updated7_consol\a68e.csv","3433","24-09-2026 12:18:17","False"
"D:\SIH\IceBerg\dataSet\icebergtragectory\consolidated_database_v8.0\updated7_consol\a68f.csv","352","24-09-2026 12:18:17","False"
"D:\SIH\IceBerg\dataSet\icebergtragectory\consolidated_database_v8.0\updated7_consol\a68g.csv","2353","24-09-2026 12:18:17","False"
"D:\SIH\IceBerg\dataSet\icebergtragectory\consolidated_database_v8.0\updated7_consol\a68h.csv","2280","24-09-2026 12:18:17","False"
"D:\SIH\IceBerg\dataSet\icebergtragectory\consolidated_database_v8.0\updated7_consol\a68i.csv","1333","24-09-2026 12:18:17","False"
"D:\SIH\IceBerg\dataSet\icebergtragectory\consolidated_database_v8.0\updated7_consol\a68j.csv","2227","24-09-2026 12:18:17","False"
"D:\SIH\IceBerg\dataSet\icebergtragectory\consolidated_database_v8.0\updated7_consol\a68k.csv","1154","24-09-2026 12:18:17","False"
"D:\SIH\IceBerg\dataSet\icebergtragectory\consolidated_database_v8.0\updated7_consol\a68l.csv","841","24-09-2026 12:18:17","False"
"D:\SIH\IceBerg\dataSet\icebergtragectory\consolidated_database_v8.0\updated7_consol\a68m.csv","2128","24-09-2026 12:18:17","False"
"D:\SIH\IceBerg\dataSet\icebergtragectory\consolidated_database_v8.0\updated7_consol\a68n.csv","814","24-09-2026 12:18:17","False"
"D:\SIH\IceBerg\dataSet\icebergtragectory\consolidated_database_v8.0\updated7_consol\a68o.csv","410","24-09-2026 12:18:17","False"
"D:\SIH\IceBerg\dataSet\icebergtragectory\consolidated_database_v8.0\updated7_consol\a68p.csv","746","24-09-2026 12:18:17","False"
"D:\SIH\IceBerg\dataSet\icebergtragectory\consolidated_database_v8.0\updated7_consol\a69.csv","1440","24-09-2026 12:18:17","False"
"D:\SIH\IceBerg\dataSet\icebergtragectory\consolidated_database_v8.0\updated7_consol\a69a.csv","40759","24-09-2026 12:18:17","False"
"D:\SIH\IceBerg\dataSet\icebergtragectory\consolidated_database_v8.0\updated7_consol\a69b.csv","35689","24-09-2026 12:18:17","False"
"D:\SIH\IceBerg\dataSet\icebergtragectory\consolidated_database_v8.0\updated7_consol\a69c.csv","15839","24-09-2026 12:18:17","False"
"D:\SIH\IceBerg\dataSet\icebergtragectory\consolidated_database_v8.0\updated7_consol\a70.csv","39710","24-09-2026 12:18:17","False"
"D:\SIH\IceBerg\dataSet\icebergtragectory\consolidated_database_v8.0\updated7_consol\a71.csv","7944","24-09-2026 12:18:17","False"
"D:\SIH\IceBerg\dataSet\icebergtragectory\consolidated_database_v8.0\updated7_consol\a72.csv","1877","24-09-2026 12:18:17","False"
"D:\SIH\IceBerg\dataSet\icebergtragectory\consolidated_database_v8.0\updated7_consol\a73.csv","2213","24-09-2026 12:18:18","False"
"D:\SIH\IceBerg\dataSet\icebergtragectory\consolidated_database_v8.0\updated7_consol\a74.csv","13647","24-09-2026 12:18:18","False"
"D:\SIH\IceBerg\dataSet\icebergtragectory\consolidated_database_v8.0\updated7_consol\a74a.csv","85106","24-09-2026 12:18:18","False"
"D:\SIH\IceBerg\dataSet\icebergtragectory\consolidated_database_v8.0\updated7_consol\a74b.csv","21073","24-09-2026 12:18:18","False"
"D:\SIH\IceBerg\dataSet\icebergtragectory\consolidated_database_v8.0\updated7_consol\a75.csv","3738","24-09-2026 12:18:18","False"
"D:\SIH\IceBerg\dataSet\icebergtragectory\consolidated_database_v8.0\updated7_consol\a76.csv","541","24-09-2026 12:18:18","False"
"D:\SIH\IceBerg\dataSet\icebergtragectory\consolidated_database_v8.0\updated7_consol\a76a.csv","39732","24-09-2026 12:18:18","False"
"D:\SIH\IceBerg\dataSet\icebergtragectory\consolidated_database_v8.0\updated7_consol\a76b.csv","39063","24-09-2026 12:18:18","False"
"D:\SIH\IceBerg\dataSet\icebergtragectory\consolidated_database_v8.0\updated7_consol\a76c.csv","79784","24-09-2026 12:18:18","False"
"D:\SIH\IceBerg\dataSet\icebergtragectory\consolidated_database_v8.0\updated7_consol\a76d.csv","5316","24-09-2026 12:18:18","False"
"D:\SIH\IceBerg\dataSet\icebergtragectory\consolidated_database_v8.0\updated7_consol\a76e.csv","3402","24-09-2026 12:18:18","False"
"D:\SIH\IceBerg\dataSet\icebergtragectory\consolidated_database_v8.0\updated7_consol\a76f.csv","4372","24-09-2026 12:18:18","False"
"D:\SIH\IceBerg\dataSet\icebergtragectory\consolidated_database_v8.0\updated7_consol\a76g.csv","5057","24-09-2026 12:18:18","False"
"D:\SIH\IceBerg\dataSet\icebergtragectory\consolidated_database_v8.0\updated7_consol\a76h.csv","4889","24-09-2026 12:18:18","False"
"D:\SIH\IceBerg\dataSet\icebergtragectory\consolidated_database_v8.0\updated7_consol\a76i.csv","769","24-09-2026 12:18:18","False"
"D:\SIH\IceBerg\dataSet\icebergtragectory\consolidated_database_v8.0\updated7_consol\a76j.csv","3186","24-09-2026 12:18:18","False"
"D:\SIH\IceBerg\dataSet\icebergtragectory\consolidated_database_v8.0\updated7_consol\a76k.csv","4237","24-09-2026 12:18:18","False"
"D:\SIH\IceBerg\dataSet\icebergtragectory\consolidated_database_v8.0\updated7_consol\a76l.csv","3883","24-09-2026 12:18:18","False"
"D:\SIH\IceBerg\dataSet\icebergtragectory\consolidated_database_v8.0\updated7_consol\a76m.csv","2379","24-09-2026 12:18:18","False"
"D:\SIH\IceBerg\dataSet\icebergtragectory\consolidated_database_v8.0\updated7_consol\a77.csv","70964","24-09-2026 12:18:18","False"
"D:\SIH\IceBerg\dataSet\icebergtragectory\consolidated_database_v8.0\updated7_consol\a78.csv","34963","24-09-2026 12:18:18","False"
"D:\SIH\IceBerg\dataSet\icebergtragectory\consolidated_database_v8.0\updated7_consol\a79.csv","3954","24-09-2026 12:18:18","False"
"D:\SIH\IceBerg\dataSet\icebergtragectory\consolidated_database_v8.0\updated7_consol\a80a.csv","42325","24-09-2026 12:18:18","False"
"D:\SIH\IceBerg\dataSet\icebergtragectory\consolidated_database_v8.0\updated7_consol\a80b.csv","1503","24-09-2026 12:18:18","False"
"D:\SIH\IceBerg\dataSet\icebergtragectory\consolidated_database_v8.0\updated7_consol\a80c.csv","1014","24-09-2026 12:18:18","False"
"D:\SIH\IceBerg\dataSet\icebergtragectory\consolidated_database_v8.0\updated7_consol\a80d.csv","8077","24-09-2026 12:18:18","False"
"D:\SIH\IceBerg\dataSet\icebergtragectory\consolidated_database_v8.0\updated7_consol\a81.csv","52311","24-09-2026 12:18:18","False"
"D:\SIH\IceBerg\dataSet\icebergtragectory\consolidated_database_v8.0\updated7_consol\a82.csv","36393","24-09-2026 12:18:21","False"
"D:\SIH\IceBerg\dataSet\icebergtragectory\consolidated_database_v8.0\updated7_consol\a83.csv","35316","24-09-2026 12:18:21","False"
"D:\SIH\IceBerg\dataSet\icebergtragectory\consolidated_database_v8.0\updated7_consol\a84.csv","20571","24-09-2026 12:18:21","False"
"D:\SIH\IceBerg\dataSet\icebergtragectory\consolidated_database_v8.0\updated7_consol\a85.csv","21666","24-09-2026 12:18:21","False"
"D:\SIH\IceBerg\dataSet\icebergtragectory\consolidated_database_v8.0\updated7_consol\b01.csv","8757","24-09-2026 12:18:18","False"
"D:\SIH\IceBerg\dataSet\icebergtragectory\consolidated_database_v8.0\updated7_consol\b02.csv","2160","24-09-2026 12:18:18","False"
"D:\SIH\IceBerg\dataSet\icebergtragectory\consolidated_database_v8.0\updated7_consol\b03.csv","234","24-09-2026 12:18:18","False"
"D:\SIH\IceBerg\dataSet\icebergtragectory\consolidated_database_v8.0\updated7_consol\b04.csv","1000","24-09-2026 12:18:18","False"
"D:\SIH\IceBerg\dataSet\icebergtragectory\consolidated_database_v8.0\updated7_consol\b05.csv","605","24-09-2026 12:18:18","False"
"D:\SIH\IceBerg\dataSet\icebergtragectory\consolidated_database_v8.0\updated7_consol\b05a.csv","121","24-09-2026 12:18:18","False"
"D:\SIH\IceBerg\dataSet\icebergtragectory\consolidated_database_v8.0\updated7_consol\b06.csv","3252","24-09-2026 12:18:18","False"
"D:\SIH\IceBerg\dataSet\icebergtragectory\consolidated_database_v8.0\updated7_consol\b07.csv","1713","24-09-2026 12:18:18","False"
"D:\SIH\IceBerg\dataSet\icebergtragectory\consolidated_database_v8.0\updated7_consol\b07a.csv","980","24-09-2026 12:18:18","False"
"D:\SIH\IceBerg\dataSet\icebergtragectory\consolidated_database_v8.0\updated7_consol\b07b.csv","982","24-09-2026 12:18:18","False"
"D:\SIH\IceBerg\dataSet\icebergtragectory\consolidated_database_v8.0\updated7_consol\b08.csv","808","24-09-2026 12:18:18","False"
"D:\SIH\IceBerg\dataSet\icebergtragectory\consolidated_database_v8.0\updated7_consol\b09.csv","13450","24-09-2026 12:18:18","False"
"D:\SIH\IceBerg\dataSet\icebergtragectory\consolidated_database_v8.0\updated7_consol\b09a.csv","232925","24-09-2026 12:18:18","False"
"D:\SIH\IceBerg\dataSet\icebergtragectory\consolidated_database_v8.0\updated7_consol\b09b.csv","928067","24-09-2026 12:18:18","False"
"D:\SIH\IceBerg\dataSet\icebergtragectory\consolidated_database_v8.0\updated7_consol\b09c.csv","88894","24-09-2026 12:18:18","False"
"D:\SIH\IceBerg\dataSet\icebergtragectory\consolidated_database_v8.0\updated7_consol\b09d.csv","137215","24-09-2026 12:18:18","False"
"D:\SIH\IceBerg\dataSet\icebergtragectory\consolidated_database_v8.0\updated7_consol\b09e.csv","275","24-09-2026 12:18:18","False"
"D:\SIH\IceBerg\dataSet\icebergtragectory\consolidated_database_v8.0\updated7_consol\b09f.csv","153479","24-09-2026 12:18:18","False"
"D:\SIH\IceBerg\dataSet\icebergtragectory\consolidated_database_v8.0\updated7_consol\b09g.csv","251173","24-09-2026 12:18:18","False"
"D:\SIH\IceBerg\dataSet\icebergtragectory\consolidated_database_v8.0\updated7_consol\b09h.csv","41810","24-09-2026 12:18:18","False"
"D:\SIH\IceBerg\dataSet\icebergtragectory\consolidated_database_v8.0\updated7_consol\b09i.csv","108521","24-09-2026 12:18:18","False"
"D:\SIH\IceBerg\dataSet\icebergtragectory\consolidated_database_v8.0\updated7_consol\b09j.csv","1345","24-09-2026 12:18:18","False"
"D:\SIH\IceBerg\dataSet\icebergtragectory\consolidated_database_v8.0\updated7_consol\b10.csv","54026","24-09-2026 12:18:18","False"
"D:\SIH\IceBerg\dataSet\icebergtragectory\consolidated_database_v8.0\updated7_consol\b10a.csv","90055","24-09-2026 12:18:18","False"
"D:\SIH\IceBerg\dataSet\icebergtragectory\consolidated_database_v8.0\updated7_consol\b10b.csv","39283","24-09-2026 12:18:18","False"
"D:\SIH\IceBerg\dataSet\icebergtragectory\consolidated_database_v8.0\updated7_consol\b11.csv","12014","24-09-2026 12:18:18","False"
"D:\SIH\IceBerg\dataSet\icebergtragectory\consolidated_database_v8.0\updated7_consol\b12.csv","7446","24-09-2026 12:18:18","False"
"D:\SIH\IceBerg\dataSet\icebergtragectory\consolidated_database_v8.0\updated7_consol\b13.csv","8032","24-09-2026 12:18:18","False"
"D:\SIH\IceBerg\dataSet\icebergtragectory\consolidated_database_v8.0\updated7_consol\b14.csv","68002","24-09-2026 12:18:18","False"
"D:\SIH\IceBerg\dataSet\icebergtragectory\consolidated_database_v8.0\updated7_consol\b14a.csv","511","24-09-2026 12:18:18","False"
"D:\SIH\IceBerg\dataSet\icebergtragectory\consolidated_database_v8.0\updated7_consol\b14b.csv","3070","24-09-2026 12:18:18","False"
"D:\SIH\IceBerg\dataSet\icebergtragectory\consolidated_database_v8.0\updated7_consol\b15.csv","4853","24-09-2026 12:18:18","False"
"D:\SIH\IceBerg\dataSet\icebergtragectory\consolidated_database_v8.0\updated7_consol\b15a.csv","164403","24-09-2026 12:18:18","False"
"D:\SIH\IceBerg\dataSet\icebergtragectory\consolidated_database_v8.0\updated7_consol\b15aa.csv","86916","24-09-2026 12:18:18","False"
"D:\SIH\IceBerg\dataSet\icebergtragectory\consolidated_database_v8.0\updated7_consol\b15ab.csv","174563","24-09-2026 12:18:18","False"
"D:\SIH\IceBerg\dataSet\icebergtragectory\consolidated_database_v8.0\updated7_consol\b15ac.csv","2194","24-09-2026 12:18:18","False"
"D:\SIH\IceBerg\dataSet\icebergtragectory\consolidated_database_v8.0\updated7_consol\b15b.csv","311574","24-09-2026 12:18:18","False"
"D:\SIH\IceBerg\dataSet\icebergtragectory\consolidated_database_v8.0\updated7_consol\b15c.csv","30044","24-09-2026 12:18:18","False"
"D:\SIH\IceBerg\dataSet\icebergtragectory\consolidated_database_v8.0\updated7_consol\b15d.csv","150600","24-09-2026 12:18:18","False"
"D:\SIH\IceBerg\dataSet\icebergtragectory\consolidated_database_v8.0\updated7_consol\b15e.csv","6114","24-09-2026 12:18:18","False"
"D:\SIH\IceBerg\dataSet\icebergtragectory\consolidated_database_v8.0\updated7_consol\b15f.csv","266118","24-09-2026 12:18:18","False"
"D:\SIH\IceBerg\dataSet\icebergtragectory\consolidated_database_v8.0\updated7_consol\b15g.csv","251469","24-09-2026 12:18:18","False"
"D:\SIH\IceBerg\dataSet\icebergtragectory\consolidated_database_v8.0\updated7_consol\b15h.csv","5044","24-09-2026 12:18:18","False"
"D:\SIH\IceBerg\dataSet\icebergtragectory\consolidated_database_v8.0\updated7_consol\b15i.csv","55496","24-09-2026 12:18:18","False"
"D:\SIH\IceBerg\dataSet\icebergtragectory\consolidated_database_v8.0\updated7_consol\b15j.csv","182437","24-09-2026 12:18:18","False"
"D:\SIH\IceBerg\dataSet\icebergtragectory\consolidated_database_v8.0\updated7_consol\b15j1.csv","779","24-09-2026 12:18:18","False"
"D:\SIH\IceBerg\dataSet\icebergtragectory\consolidated_database_v8.0\updated7_consol\b15k.csv","251818","24-09-2026 12:18:18","False"
"D:\SIH\IceBerg\dataSet\icebergtragectory\consolidated_database_v8.0\updated7_consol\b15l.csv","57105","24-09-2026 12:18:18","False"
"D:\SIH\IceBerg\dataSet\icebergtragectory\consolidated_database_v8.0\updated7_consol\b15m.csv","25994","24-09-2026 12:18:18","False"
"D:\SIH\IceBerg\dataSet\icebergtragectory\consolidated_database_v8.0\updated7_consol\b15n.csv","107126","24-09-2026 12:18:18","False"
"D:\SIH\IceBerg\dataSet\icebergtragectory\consolidated_database_v8.0\updated7_consol\b15p.csv","13020","24-09-2026 12:18:18","False"
"D:\SIH\IceBerg\dataSet\icebergtragectory\consolidated_database_v8.0\updated7_consol\b15q.csv","32135","24-09-2026 12:18:18","False"
"D:\SIH\IceBerg\dataSet\icebergtragectory\consolidated_database_v8.0\updated7_consol\b15r.csv","180744","24-09-2026 12:18:18","False"
"D:\SIH\IceBerg\dataSet\icebergtragectory\consolidated_database_v8.0\updated7_consol\b15s.csv","33795","24-09-2026 12:18:18","False"
"D:\SIH\IceBerg\dataSet\icebergtragectory\consolidated_database_v8.0\updated7_consol\b15t.csv","215817","24-09-2026 12:18:18","False"
"D:\SIH\IceBerg\dataSet\icebergtragectory\consolidated_database_v8.0\updated7_consol\b15u.csv","313","24-09-2026 12:18:18","False"
"D:\SIH\IceBerg\dataSet\icebergtragectory\consolidated_database_v8.0\updated7_consol\b15v.csv","4305","24-09-2026 12:18:18","False"
"D:\SIH\IceBerg\dataSet\icebergtragectory\consolidated_database_v8.0\updated7_consol\b15w.csv","1125","24-09-2026 12:18:18","False"
"D:\SIH\IceBerg\dataSet\icebergtragectory\consolidated_database_v8.0\updated7_consol\b15x.csv","103571","24-09-2026 12:18:18","False"
"D:\SIH\IceBerg\dataSet\icebergtragectory\consolidated_database_v8.0\updated7_consol\b15y.csv","56160","24-09-2026 12:18:18","False"
"D:\SIH\IceBerg\dataSet\icebergtragectory\consolidated_database_v8.0\updated7_consol\b15z.csv","62106","24-09-2026 12:18:18","False"
"D:\SIH\IceBerg\dataSet\icebergtragectory\consolidated_database_v8.0\updated7_consol\b16.csv","428129","24-09-2026 12:18:18","False"
"D:\SIH\IceBerg\dataSet\icebergtragectory\consolidated_database_v8.0\updated7_consol\b17.csv","9863","24-09-2026 12:18:18","False"
"D:\SIH\IceBerg\dataSet\icebergtragectory\consolidated_database_v8.0\updated7_consol\b17a.csv","330244","24-09-2026 12:18:18","False"
"D:\SIH\IceBerg\dataSet\icebergtragectory\consolidated_database_v8.0\updated7_consol\b17b.csv","161362","24-09-2026 12:18:18","False"
"D:\SIH\IceBerg\dataSet\icebergtragectory\consolidated_database_v8.0\updated7_consol\b18.csv","1809","24-09-2026 12:18:18","False"
"D:\SIH\IceBerg\dataSet\icebergtragectory\consolidated_database_v8.0\updated7_consol\b19.csv","40666","24-09-2026 12:18:18","False"
"D:\SIH\IceBerg\dataSet\icebergtragectory\consolidated_database_v8.0\updated7_consol\b20.csv","63","24-09-2026 12:18:18","False"
"D:\SIH\IceBerg\dataSet\icebergtragectory\consolidated_database_v8.0\updated7_consol\b21.csv","3323","24-09-2026 12:18:18","False"
"D:\SIH\IceBerg\dataSet\icebergtragectory\consolidated_database_v8.0\updated7_consol\b21a.csv","217628","24-09-2026 12:18:18","False"
"D:\SIH\IceBerg\dataSet\icebergtragectory\consolidated_database_v8.0\updated7_consol\b21b.csv","23052","24-09-2026 12:18:18","False"
"D:\SIH\IceBerg\dataSet\icebergtragectory\consolidated_database_v8.0\updated7_consol\b22a.csv","544455","24-09-2026 12:18:18","False"
"D:\SIH\IceBerg\dataSet\icebergtragectory\consolidated_database_v8.0\updated7_consol\b22b.csv","40417","24-09-2026 12:18:18","False"
"D:\SIH\IceBerg\dataSet\icebergtragectory\consolidated_database_v8.0\updated7_consol\b22c.csv","1671","24-09-2026 12:18:18","False"
"D:\SIH\IceBerg\dataSet\icebergtragectory\consolidated_database_v8.0\updated7_consol\b22d.csv","320","24-09-2026 12:18:18","False"
"D:\SIH\IceBerg\dataSet\icebergtragectory\consolidated_database_v8.0\updated7_consol\b22e.csv","397","24-09-2026 12:18:18","False"
"D:\SIH\IceBerg\dataSet\icebergtragectory\consolidated_database_v8.0\updated7_consol\b22f.csv","32383","24-09-2026 12:18:21","False"
"D:\SIH\IceBerg\dataSet\icebergtragectory\consolidated_database_v8.0\updated7_consol\b22g.csv","30929","24-09-2026 12:18:21","False"
"D:\SIH\IceBerg\dataSet\icebergtragectory\consolidated_database_v8.0\updated7_consol\b22h.csv","13735","24-09-2026 12:18:21","False"
"D:\SIH\IceBerg\dataSet\icebergtragectory\consolidated_database_v8.0\updated7_consol\b22i.csv","12526","24-09-2026 12:18:21","False"
"D:\SIH\IceBerg\dataSet\icebergtragectory\consolidated_database_v8.0\updated7_consol\b23.csv","33563","24-09-2026 12:18:18","False"
"D:\SIH\IceBerg\dataSet\icebergtragectory\consolidated_database_v8.0\updated7_consol\b24.csv","34174","24-09-2026 12:18:18","False"
"D:\SIH\IceBerg\dataSet\icebergtragectory\consolidated_database_v8.0\updated7_consol\b25.csv","177","24-09-2026 12:18:18","False"
"D:\SIH\IceBerg\dataSet\icebergtragectory\consolidated_database_v8.0\updated7_consol\b26.csv","122","24-09-2026 12:18:18","False"
"D:\SIH\IceBerg\dataSet\icebergtragectory\consolidated_database_v8.0\updated7_consol\b27.csv","126768","24-09-2026 12:18:18","False"
"D:\SIH\IceBerg\dataSet\icebergtragectory\consolidated_database_v8.0\updated7_consol\b28.csv","210411","24-09-2026 12:18:18","False"
"D:\SIH\IceBerg\dataSet\icebergtragectory\consolidated_database_v8.0\updated7_consol\b29.csv","292664","24-09-2026 12:18:18","False"
"D:\SIH\IceBerg\dataSet\icebergtragectory\consolidated_database_v8.0\updated7_consol\b30.csv","143429","24-09-2026 12:18:18","False"
"D:\SIH\IceBerg\dataSet\icebergtragectory\consolidated_database_v8.0\updated7_consol\b30a.csv","3042","24-09-2026 12:18:18","False"
"D:\SIH\IceBerg\dataSet\icebergtragectory\consolidated_database_v8.0\updated7_consol\b30b.csv","659","24-09-2026 12:18:18","False"
"D:\SIH\IceBerg\dataSet\icebergtragectory\consolidated_database_v8.0\updated7_consol\b31.csv","103872","24-09-2026 12:18:18","False"
"D:\SIH\IceBerg\dataSet\icebergtragectory\consolidated_database_v8.0\updated7_consol\b31a.csv","3420","24-09-2026 12:18:18","False"
"D:\SIH\IceBerg\dataSet\icebergtragectory\consolidated_database_v8.0\updated7_consol\b32.csv","14296","24-09-2026 12:18:18","False"
"D:\SIH\IceBerg\dataSet\icebergtragectory\consolidated_database_v8.0\updated7_consol\b33.csv","3606","24-09-2026 12:18:18","False"
"D:\SIH\IceBerg\dataSet\icebergtragectory\consolidated_database_v8.0\updated7_consol\b34.csv","37149","24-09-2026 12:18:18","False"
"D:\SIH\IceBerg\dataSet\icebergtragectory\consolidated_database_v8.0\updated7_consol\b35.csv","39789","24-09-2026 12:18:18","False"
"D:\SIH\IceBerg\dataSet\icebergtragectory\consolidated_database_v8.0\updated7_consol\b36.csv","1893","24-09-2026 12:18:18","False"
"D:\SIH\IceBerg\dataSet\icebergtragectory\consolidated_database_v8.0\updated7_consol\b37.csv","99059","24-09-2026 12:18:18","False"
"D:\SIH\IceBerg\dataSet\icebergtragectory\consolidated_database_v8.0\updated7_consol\b38.csv","124482","24-09-2026 12:18:18","False"
"D:\SIH\IceBerg\dataSet\icebergtragectory\consolidated_database_v8.0\updated7_consol\b39.csv","120794","24-09-2026 12:18:18","False"
"D:\SIH\IceBerg\dataSet\icebergtragectory\consolidated_database_v8.0\updated7_consol\b40.csv","100725","24-09-2026 12:18:18","False"
"D:\SIH\IceBerg\dataSet\icebergtragectory\consolidated_database_v8.0\updated7_consol\b41.csv","66429","24-09-2026 12:18:18","False"
"D:\SIH\IceBerg\dataSet\icebergtragectory\consolidated_database_v8.0\updated7_consol\b42.csv","102082","24-09-2026 12:18:18","False"
"D:\SIH\IceBerg\dataSet\icebergtragectory\consolidated_database_v8.0\updated7_consol\b43.csv","59414","24-09-2026 12:18:18","False"
"D:\SIH\IceBerg\dataSet\icebergtragectory\consolidated_database_v8.0\updated7_consol\b44.csv","825","24-09-2026 12:18:18","False"
"D:\SIH\IceBerg\dataSet\icebergtragectory\consolidated_database_v8.0\updated7_consol\b45.csv","98818","24-09-2026 12:18:18","False"
"D:\SIH\IceBerg\dataSet\icebergtragectory\consolidated_database_v8.0\updated7_consol\b46.csv","82697","24-09-2026 12:18:18","False"
"D:\SIH\IceBerg\dataSet\icebergtragectory\consolidated_database_v8.0\updated7_consol\b47.csv","99748","24-09-2026 12:18:18","False"
"D:\SIH\IceBerg\dataSet\icebergtragectory\consolidated_database_v8.0\updated7_consol\b48.csv","6267","24-09-2026 12:18:18","False"
"D:\SIH\IceBerg\dataSet\icebergtragectory\consolidated_database_v8.0\updated7_consol\b49.csv","11160","24-09-2026 12:18:18","False"
"D:\SIH\IceBerg\dataSet\icebergtragectory\consolidated_database_v8.0\updated7_consol\b50.csv","45524","24-09-2026 12:18:18","False"
"D:\SIH\IceBerg\dataSet\icebergtragectory\consolidated_database_v8.0\updated7_consol\c01.csv","645","24-09-2026 12:18:18","False"
"D:\SIH\IceBerg\dataSet\icebergtragectory\consolidated_database_v8.0\updated7_consol\c02.csv","8287","24-09-2026 12:18:18","False"
"D:\SIH\IceBerg\dataSet\icebergtragectory\consolidated_database_v8.0\updated7_consol\c03.csv","93","24-09-2026 12:18:18","False"
"D:\SIH\IceBerg\dataSet\icebergtragectory\consolidated_database_v8.0\updated7_consol\c04.csv","60","24-09-2026 12:18:19","False"
"D:\SIH\IceBerg\dataSet\icebergtragectory\consolidated_database_v8.0\updated7_consol\c05.csv","5136","24-09-2026 12:18:19","False"
"D:\SIH\IceBerg\dataSet\icebergtragectory\consolidated_database_v8.0\updated7_consol\c06.csv","29194","24-09-2026 12:18:19","False"
"D:\SIH\IceBerg\dataSet\icebergtragectory\consolidated_database_v8.0\updated7_consol\c07.csv","10256","24-09-2026 12:18:19","False"
"D:\SIH\IceBerg\dataSet\icebergtragectory\consolidated_database_v8.0\updated7_consol\c08.csv","291356","24-09-2026 12:18:19","False"
"D:\SIH\IceBerg\dataSet\icebergtragectory\consolidated_database_v8.0\updated7_consol\c09.csv","99001","24-09-2026 12:18:19","False"
"D:\SIH\IceBerg\dataSet\icebergtragectory\consolidated_database_v8.0\updated7_consol\c10.csv","293520","24-09-2026 12:18:19","False"
"D:\SIH\IceBerg\dataSet\icebergtragectory\consolidated_database_v8.0\updated7_consol\c11.csv","66181","24-09-2026 12:18:19","False"
"D:\SIH\IceBerg\dataSet\icebergtragectory\consolidated_database_v8.0\updated7_consol\c12.csv","64639","24-09-2026 12:18:19","False"
"D:\SIH\IceBerg\dataSet\icebergtragectory\consolidated_database_v8.0\updated7_consol\c13.csv","93","24-09-2026 12:18:19","False"
"D:\SIH\IceBerg\dataSet\icebergtragectory\consolidated_database_v8.0\updated7_consol\c14.csv","12561","24-09-2026 12:18:19","False"
"D:\SIH\IceBerg\dataSet\icebergtragectory\consolidated_database_v8.0\updated7_consol\c14a.csv","232452","24-09-2026 12:18:19","False"
"D:\SIH\IceBerg\dataSet\icebergtragectory\consolidated_database_v8.0\updated7_consol\c14b.csv","57844","24-09-2026 12:18:19","False"
"D:\SIH\IceBerg\dataSet\icebergtragectory\consolidated_database_v8.0\updated7_consol\c15.csv","520203","24-09-2026 12:18:19","False"
"D:\SIH\IceBerg\dataSet\icebergtragectory\consolidated_database_v8.0\updated7_consol\c16.csv","313085","24-09-2026 12:18:19","False"
"D:\SIH\IceBerg\dataSet\icebergtragectory\consolidated_database_v8.0\updated7_consol\c17.csv","5321","24-09-2026 12:18:19","False"
"D:\SIH\IceBerg\dataSet\icebergtragectory\consolidated_database_v8.0\updated7_consol\c18.csv","32460","24-09-2026 12:18:19","False"
"D:\SIH\IceBerg\dataSet\icebergtragectory\consolidated_database_v8.0\updated7_consol\c18a.csv","67406","24-09-2026 12:18:19","False"
"D:\SIH\IceBerg\dataSet\icebergtragectory\consolidated_database_v8.0\updated7_consol\c18b.csv","448361","24-09-2026 12:18:19","False"
"D:\SIH\IceBerg\dataSet\icebergtragectory\consolidated_database_v8.0\updated7_consol\c18c.csv","8024","24-09-2026 12:18:21","False"
"D:\SIH\IceBerg\dataSet\icebergtragectory\consolidated_database_v8.0\updated7_consol\c19.csv","21379","24-09-2026 12:18:19","False"
"D:\SIH\IceBerg\dataSet\icebergtragectory\consolidated_database_v8.0\updated7_consol\c19a.csv","112565","24-09-2026 12:18:19","False"
"D:\SIH\IceBerg\dataSet\icebergtragectory\consolidated_database_v8.0\updated7_consol\c19b.csv","64408","24-09-2026 12:18:19","False"
"D:\SIH\IceBerg\dataSet\icebergtragectory\consolidated_database_v8.0\updated7_consol\c19c.csv","224181","24-09-2026 12:18:19","False"
"D:\SIH\IceBerg\dataSet\icebergtragectory\consolidated_database_v8.0\updated7_consol\c19c1.csv","5275","24-09-2026 12:18:19","False"
"D:\SIH\IceBerg\dataSet\icebergtragectory\consolidated_database_v8.0\updated7_consol\c19d.csv","79524","24-09-2026 12:18:19","False"
"D:\SIH\IceBerg\dataSet\icebergtragectory\consolidated_database_v8.0\updated7_consol\c19e.csv","7562","24-09-2026 12:18:19","False"
"D:\SIH\IceBerg\dataSet\icebergtragectory\consolidated_database_v8.0\updated7_consol\c20.csv","48093","24-09-2026 12:18:19","False"
"D:\SIH\IceBerg\dataSet\icebergtragectory\consolidated_database_v8.0\updated7_consol\c21.csv","34448","24-09-2026 12:18:19","False"
"D:\SIH\IceBerg\dataSet\icebergtragectory\consolidated_database_v8.0\updated7_consol\c21a.csv","51081","24-09-2026 12:18:19","False"
"D:\SIH\IceBerg\dataSet\icebergtragectory\consolidated_database_v8.0\updated7_consol\c21b.csv","338847","24-09-2026 12:18:19","False"
"D:\SIH\IceBerg\dataSet\icebergtragectory\consolidated_database_v8.0\updated7_consol\c21c.csv","5137","24-09-2026 12:18:19","False"
"D:\SIH\IceBerg\dataSet\icebergtragectory\consolidated_database_v8.0\updated7_consol\c22.csv","1360","24-09-2026 12:18:19","False"
"D:\SIH\IceBerg\dataSet\icebergtragectory\consolidated_database_v8.0\updated7_consol\c23.csv","2206","24-09-2026 12:18:19","False"
"D:\SIH\IceBerg\dataSet\icebergtragectory\consolidated_database_v8.0\updated7_consol\c24.csv","383727","24-09-2026 12:18:19","False"
"D:\SIH\IceBerg\dataSet\icebergtragectory\consolidated_database_v8.0\updated7_consol\c25.csv","15307","24-09-2026 12:18:19","False"
"D:\SIH\IceBerg\dataSet\icebergtragectory\consolidated_database_v8.0\updated7_consol\c26.csv","10626","24-09-2026 12:18:19","False"
"D:\SIH\IceBerg\dataSet\icebergtragectory\consolidated_database_v8.0\updated7_consol\c27.csv","1395","24-09-2026 12:18:19","False"
"D:\SIH\IceBerg\dataSet\icebergtragectory\consolidated_database_v8.0\updated7_consol\c28.csv","1383","24-09-2026 12:18:19","False"
"D:\SIH\IceBerg\dataSet\icebergtragectory\consolidated_database_v8.0\updated7_consol\c28a.csv","86379","24-09-2026 12:18:19","False"
"D:\SIH\IceBerg\dataSet\icebergtragectory\consolidated_database_v8.0\updated7_consol\c28a2.csv","36534","24-09-2026 12:18:19","False"
"D:\SIH\IceBerg\dataSet\icebergtragectory\consolidated_database_v8.0\updated7_consol\c28b.csv","164117","24-09-2026 12:18:19","False"
"D:\SIH\IceBerg\dataSet\icebergtragectory\consolidated_database_v8.0\updated7_consol\c29.csv","149735","24-09-2026 12:18:19","False"
"D:\SIH\IceBerg\dataSet\icebergtragectory\consolidated_database_v8.0\updated7_consol\c30.csv","144225","24-09-2026 12:18:19","False"
"D:\SIH\IceBerg\dataSet\icebergtragectory\consolidated_database_v8.0\updated7_consol\c31.csv","149807","24-09-2026 12:18:19","False"
"D:\SIH\IceBerg\dataSet\icebergtragectory\consolidated_database_v8.0\updated7_consol\c32.csv","102837","24-09-2026 12:18:19","False"
"D:\SIH\IceBerg\dataSet\icebergtragectory\consolidated_database_v8.0\updated7_consol\c33.csv","156049","24-09-2026 12:18:19","False"
"D:\SIH\IceBerg\dataSet\icebergtragectory\consolidated_database_v8.0\updated7_consol\c34.csv","61727","24-09-2026 12:18:19","False"
"D:\SIH\IceBerg\dataSet\icebergtragectory\consolidated_database_v8.0\updated7_consol\c35.csv","112183","24-09-2026 12:18:19","False"
"D:\SIH\IceBerg\dataSet\icebergtragectory\consolidated_database_v8.0\updated7_consol\c36.csv","99558","24-09-2026 12:18:19","False"
"D:\SIH\IceBerg\dataSet\icebergtragectory\consolidated_database_v8.0\updated7_consol\c37.csv","8659","24-09-2026 12:18:19","False"
"D:\SIH\IceBerg\dataSet\icebergtragectory\consolidated_database_v8.0\updated7_consol\c38.csv","488","24-09-2026 12:18:19","False"
"D:\SIH\IceBerg\dataSet\icebergtragectory\consolidated_database_v8.0\updated7_consol\c38a.csv","15046","24-09-2026 12:18:19","False"
"D:\SIH\IceBerg\dataSet\icebergtragectory\consolidated_database_v8.0\updated7_consol\c38b.csv","22796","24-09-2026 12:18:19","False"
"D:\SIH\IceBerg\dataSet\icebergtragectory\consolidated_database_v8.0\updated7_consol\c39.csv","55511","24-09-2026 12:18:19","False"
"D:\SIH\IceBerg\dataSet\icebergtragectory\consolidated_database_v8.0\updated7_consol\c40.csv","1316","24-09-2026 12:18:19","False"
"D:\SIH\IceBerg\dataSet\icebergtragectory\consolidated_database_v8.0\updated7_consol\d01.csv","304","24-09-2026 12:18:19","False"
"D:\SIH\IceBerg\dataSet\icebergtragectory\consolidated_database_v8.0\updated7_consol\d02.csv","3323","24-09-2026 12:18:19","False"
"D:\SIH\IceBerg\dataSet\icebergtragectory\consolidated_database_v8.0\updated7_consol\d03.csv","2801","24-09-2026 12:18:19","False"
"D:\SIH\IceBerg\dataSet\icebergtragectory\consolidated_database_v8.0\updated7_consol\d04.csv","672","24-09-2026 12:18:19","False"
"D:\SIH\IceBerg\dataSet\icebergtragectory\consolidated_database_v8.0\updated7_consol\d05.csv","63","24-09-2026 12:18:19","False"
"D:\SIH\IceBerg\dataSet\icebergtragectory\consolidated_database_v8.0\updated7_consol\d06.csv","64","24-09-2026 12:18:19","False"
"D:\SIH\IceBerg\dataSet\icebergtragectory\consolidated_database_v8.0\updated7_consol\d07.csv","63","24-09-2026 12:18:19","False"
"D:\SIH\IceBerg\dataSet\icebergtragectory\consolidated_database_v8.0\updated7_consol\d08.csv","62","24-09-2026 12:18:19","False"
"D:\SIH\IceBerg\dataSet\icebergtragectory\consolidated_database_v8.0\updated7_consol\d09.csv","64","24-09-2026 12:18:19","False"
"D:\SIH\IceBerg\dataSet\icebergtragectory\consolidated_database_v8.0\updated7_consol\d10.csv","85","24-09-2026 12:18:19","False"
"D:\SIH\IceBerg\dataSet\icebergtragectory\consolidated_database_v8.0\updated7_consol\d11.csv","101404","24-09-2026 12:18:19","False"
"D:\SIH\IceBerg\dataSet\icebergtragectory\consolidated_database_v8.0\updated7_consol\d12.csv","62788","24-09-2026 12:18:19","False"
"D:\SIH\IceBerg\dataSet\icebergtragectory\consolidated_database_v8.0\updated7_consol\d13.csv","137","24-09-2026 12:18:19","False"
"D:\SIH\IceBerg\dataSet\icebergtragectory\consolidated_database_v8.0\updated7_consol\d14.csv","26766","24-09-2026 12:18:19","False"
"D:\SIH\IceBerg\dataSet\icebergtragectory\consolidated_database_v8.0\updated7_consol\d15.csv","70336","24-09-2026 12:18:19","False"
"D:\SIH\IceBerg\dataSet\icebergtragectory\consolidated_database_v8.0\updated7_consol\d15a.csv","122784","24-09-2026 12:18:19","False"
"D:\SIH\IceBerg\dataSet\icebergtragectory\consolidated_database_v8.0\updated7_consol\d15b.csv","150162","24-09-2026 12:18:19","False"
"D:\SIH\IceBerg\dataSet\icebergtragectory\consolidated_database_v8.0\updated7_consol\d15c.csv","4207","24-09-2026 12:18:21","False"
"D:\SIH\IceBerg\dataSet\icebergtragectory\consolidated_database_v8.0\updated7_consol\d20.csv","599","24-09-2026 12:18:19","False"
"D:\SIH\IceBerg\dataSet\icebergtragectory\consolidated_database_v8.0\updated7_consol\d20a.csv","193814","24-09-2026 12:18:19","False"
"D:\SIH\IceBerg\dataSet\icebergtragectory\consolidated_database_v8.0\updated7_consol\d20b.csv","46974","24-09-2026 12:18:19","False"
"D:\SIH\IceBerg\dataSet\icebergtragectory\consolidated_database_v8.0\updated7_consol\d21.csv","1028","24-09-2026 12:18:19","False"
"D:\SIH\IceBerg\dataSet\icebergtragectory\consolidated_database_v8.0\updated7_consol\d21a.csv","71183","24-09-2026 12:18:19","False"
"D:\SIH\IceBerg\dataSet\icebergtragectory\consolidated_database_v8.0\updated7_consol\d21b.csv","108780","24-09-2026 12:18:19","False"
"D:\SIH\IceBerg\dataSet\icebergtragectory\consolidated_database_v8.0\updated7_consol\d22.csv","100346","24-09-2026 12:18:19","False"
"D:\SIH\IceBerg\dataSet\icebergtragectory\consolidated_database_v8.0\updated7_consol\d23.csv","147903","24-09-2026 12:18:19","False"
"D:\SIH\IceBerg\dataSet\icebergtragectory\consolidated_database_v8.0\updated7_consol\d24.csv","3035","24-09-2026 12:18:19","False"
"D:\SIH\IceBerg\dataSet\icebergtragectory\consolidated_database_v8.0\updated7_consol\d25.csv","7011","24-09-2026 12:18:19","False"
"D:\SIH\IceBerg\dataSet\icebergtragectory\consolidated_database_v8.0\updated7_consol\d26.csv","104688","24-09-2026 12:18:19","False"
"D:\SIH\IceBerg\dataSet\icebergtragectory\consolidated_database_v8.0\updated7_consol\d27.csv","89369","24-09-2026 12:18:19","False"
"D:\SIH\IceBerg\dataSet\icebergtragectory\consolidated_database_v8.0\updated7_consol\d28.csv","68656","24-09-2026 12:18:19","False"
"D:\SIH\IceBerg\dataSet\icebergtragectory\consolidated_database_v8.0\updated7_consol\d29a.csv","38948","24-09-2026 12:18:19","False"
"D:\SIH\IceBerg\dataSet\icebergtragectory\consolidated_database_v8.0\updated7_consol\d29b.csv","37596","24-09-2026 12:18:19","False"
"D:\SIH\IceBerg\dataSet\icebergtragectory\consolidated_database_v8.0\updated7_consol\d29c.csv","38012","24-09-2026 12:18:19","False"
"D:\SIH\IceBerg\dataSet\icebergtragectory\consolidated_database_v8.0\updated7_consol\d30a.csv","38718","24-09-2026 12:18:19","False"
"D:\SIH\IceBerg\dataSet\icebergtragectory\consolidated_database_v8.0\updated7_consol\d30b.csv","67954","24-09-2026 12:18:19","False"
"D:\SIH\IceBerg\dataSet\icebergtragectory\consolidated_database_v8.0\updated7_consol\d31.csv","27720","24-09-2026 12:18:19","False"
"D:\SIH\IceBerg\dataSet\icebergtragectory\consolidated_database_v8.0\updated7_consol\d32.csv","56335","24-09-2026 12:18:19","False"
"D:\SIH\IceBerg\dataSet\icebergtragectory\consolidated_database_v8.0\updated7_consol\d33a.csv","43982","24-09-2026 12:18:21","False"
"D:\SIH\IceBerg\dataSet\icebergtragectory\consolidated_database_v8.0\updated7_consol\d33b.csv","43881","24-09-2026 12:18:21","False"
"D:\SIH\IceBerg\dataSet\icebergtragectory\consolidated_database_v8.0\updated7_consol\d33c.csv","30667","24-09-2026 12:18:21","False"
"D:\SIH\IceBerg\dataSet\icebergtragectory\consolidated_database_v8.0\updated7_consol\d34.csv","38453","24-09-2026 12:18:21","False"
"D:\SIH\IceBerg\dataSet\icebergtragectory\consolidated_database_v8.0\updated7_consol\d35.csv","39778","24-09-2026 12:18:21","False"
"D:\SIH\IceBerg\dataSet\icebergtragectory\consolidated_database_v8.0\updated7_consol\d36.csv","26484","24-09-2026 12:18:21","False"
"D:\SIH\IceBerg\dataSet\icebergtragectory\consolidated_database_v8.0\updated7_consol\d37.csv","19053","24-09-2026 12:18:21","False"
"D:\SIH\IceBerg\dataSet\icebergtragectory\consolidated_database_v8.0\updated7_consol\e01.csv","8493","24-09-2026 12:18:19","False"
"D:\SIH\IceBerg\dataSet\icebergtragectory\consolidated_database_v8.0\updated7_consol\e02.csv","9145","24-09-2026 12:18:19","False"
"D:\SIH\IceBerg\dataSet\icebergtragectory\consolidated_database_v8.0\updated7_consol\e03.csv","3821","24-09-2026 12:18:19","False"
"D:\SIH\IceBerg\dataSet\icebergtragectory\consolidated_database_v8.0\updated7_consol\e04.csv","8599","24-09-2026 12:18:19","False"
"D:\SIH\IceBerg\dataSet\icebergtragectory\consolidated_database_v8.0\updated7_consol\e05.csv","18067","24-09-2026 12:18:19","False"
"D:\SIH\IceBerg\dataSet\icebergtragectory\consolidated_database_v8.0\updated7_consol\e06.csv","3768","24-09-2026 12:18:19","False"
"D:\SIH\IceBerg\dataSet\icebergtragectory\consolidated_database_v8.0\updated7_consol\e07.csv","6638","24-09-2026 12:18:19","False"
"D:\SIH\IceBerg\dataSet\icebergtragectory\consolidated_database_v8.0\updated7_consol\e08.csv","5088","24-09-2026 12:18:19","False"
"D:\SIH\IceBerg\dataSet\icebergtragectory\consolidated_database_v8.0\updated7_consol\e09.csv","5229","24-09-2026 12:18:19","False"
"D:\SIH\IceBerg\dataSet\icebergtragectory\consolidated_database_v8.0\updated7_consol\e10.csv","1890","24-09-2026 12:18:19","False"
"D:\SIH\IceBerg\dataSet\icebergtragectory\consolidated_database_v8.0\updated7_consol\e11.csv","5535","24-09-2026 12:18:19","False"
"D:\SIH\IceBerg\dataSet\icebergtragectory\consolidated_database_v8.0\updated7_consol\e12.csv","2809","24-09-2026 12:18:19","False"
"D:\SIH\IceBerg\dataSet\icebergtragectory\consolidated_database_v8.0\updated7_consol\e13.csv","3288","24-09-2026 12:18:19","False"
"D:\SIH\IceBerg\dataSet\icebergtragectory\consolidated_database_v8.0\updated7_consol\e14.csv","13796","24-09-2026 12:18:19","False"
"D:\SIH\IceBerg\dataSet\icebergtragectory\consolidated_database_v8.0\updated7_consol\e15.csv","6360","24-09-2026 12:18:19","False"
"D:\SIH\IceBerg\dataSet\icebergtragectory\consolidated_database_v8.0\updated7_consol\e16.csv","12226","24-09-2026 12:18:19","False"
"D:\SIH\IceBerg\dataSet\icebergtragectory\consolidated_database_v8.0\updated7_consol\e17.csv","12233","24-09-2026 12:18:19","False"
"D:\SIH\IceBerg\dataSet\icebergtragectory\consolidated_database_v8.0\updated7_consol\e18.csv","4330","24-09-2026 12:18:19","False"
"D:\SIH\IceBerg\dataSet\icebergtragectory\consolidated_database_v8.0\updated7_consol\e19.csv","4266","24-09-2026 12:18:19","False"
"D:\SIH\IceBerg\dataSet\icebergtragectory\consolidated_database_v8.0\updated7_consol\e20.csv","14416","24-09-2026 12:18:19","False"
"D:\SIH\IceBerg\dataSet\icebergtragectory\consolidated_database_v8.0\updated7_consol\e21.csv","962","24-09-2026 12:18:19","False"
"D:\SIH\IceBerg\dataSet\icebergtragectory\consolidated_database_v8.0\updated7_consol\README_consolidated.TXT","4196","24-09-2026 12:18:19","False"
"D:\SIH\IceBerg\dataSet\icebergtragectory\consolidated_database_v8.0\updated7_consol\sa02.csv","1978","24-09-2026 12:18:19","False"
"D:\SIH\IceBerg\dataSet\icebergtragectory\consolidated_database_v8.0\updated7_consol\sa03.csv","1920","24-09-2026 12:18:19","False"
"D:\SIH\IceBerg\dataSet\icebergtragectory\consolidated_database_v8.0\updated7_consol\sa04.csv","2024","24-09-2026 12:18:19","False"
"D:\SIH\IceBerg\dataSet\icebergtragectory\consolidated_database_v8.0\updated7_consol\sa05.csv","2025","24-09-2026 12:18:19","False"
"D:\SIH\IceBerg\dataSet\icebergtragectory\consolidated_database_v8.0\updated7_consol\sa06.csv","691","24-09-2026 12:18:19","False"
"D:\SIH\IceBerg\dataSet\icebergtragectory\consolidated_database_v8.0\updated7_consol\sa07.csv","667","24-09-2026 12:18:19","False"
"D:\SIH\IceBerg\dataSet\icebergtragectory\consolidated_database_v8.0\updated7_consol\uk01.csv","6943","24-09-2026 12:18:19","False"
"D:\SIH\IceBerg\dataSet\icebergtragectory\consolidated_database_v8.0\updated7_consol\uk02.csv","8302","24-09-2026 12:18:19","False"
"D:\SIH\IceBerg\dataSet\icebergtragectory\consolidated_database_v8.0\updated7_consol\uk03.csv","4566","24-09-2026 12:18:19","False"
"D:\SIH\IceBerg\dataSet\icebergtragectory\consolidated_database_v8.0\updated7_consol\uk04.csv","6569","24-09-2026 12:18:19","False"
"D:\SIH\IceBerg\dataSet\icebergtragectory\consolidated_database_v8.0\updated7_consol\uk05.csv","3402","24-09-2026 12:18:19","False"
"D:\SIH\IceBerg\dataSet\icebergtragectory\consolidated_database_v8.0\updated7_consol\uk052.csv","22736","24-09-2026 12:18:19","False"
"D:\SIH\IceBerg\dataSet\icebergtragectory\consolidated_database_v8.0\updated7_consol\uk06.csv","1542","24-09-2026 12:18:19","False"
"D:\SIH\IceBerg\dataSet\icebergtragectory\consolidated_database_v8.0\updated7_consol\uk07.csv","3609","24-09-2026 12:18:19","False"
"D:\SIH\IceBerg\dataSet\icebergtragectory\consolidated_database_v8.0\updated7_consol\uk08.csv","4057","24-09-2026 12:18:19","False"
"D:\SIH\IceBerg\dataSet\icebergtragectory\consolidated_database_v8.0\updated7_consol\uk093.csv","36633","24-09-2026 12:18:19","False"
"D:\SIH\IceBerg\dataSet\icebergtragectory\consolidated_database_v8.0\updated7_consol\uk10.csv","5083","24-09-2026 12:18:19","False"
"D:\SIH\IceBerg\dataSet\icebergtragectory\consolidated_database_v8.0\updated7_consol\uk100.csv","3703","24-09-2026 12:18:19","False"
"D:\SIH\IceBerg\dataSet\icebergtragectory\consolidated_database_v8.0\updated7_consol\uk110.csv","4470","24-09-2026 12:18:19","False"
"D:\SIH\IceBerg\dataSet\icebergtragectory\consolidated_database_v8.0\updated7_consol\uk112.csv","4075","24-09-2026 12:18:19","False"
"D:\SIH\IceBerg\dataSet\icebergtragectory\consolidated_database_v8.0\updated7_consol\uk116.csv","21328","24-09-2026 12:18:19","False"
"D:\SIH\IceBerg\dataSet\icebergtragectory\consolidated_database_v8.0\updated7_consol\uk119.csv","5333","24-09-2026 12:18:19","False"
"D:\SIH\IceBerg\dataSet\icebergtragectory\consolidated_database_v8.0\updated7_consol\uk12.csv","11432","24-09-2026 12:18:20","False"
"D:\SIH\IceBerg\dataSet\icebergtragectory\consolidated_database_v8.0\updated7_consol\uk120.csv","14724","24-09-2026 12:18:19","False"
"D:\SIH\IceBerg\dataSet\icebergtragectory\consolidated_database_v8.0\updated7_consol\uk122.csv","4811","24-09-2026 12:18:19","False"
"D:\SIH\IceBerg\dataSet\icebergtragectory\consolidated_database_v8.0\updated7_consol\uk125.csv","4216","24-09-2026 12:18:20","False"
"D:\SIH\IceBerg\dataSet\icebergtragectory\consolidated_database_v8.0\updated7_consol\uk126.csv","560","24-09-2026 12:18:20","False"
"D:\SIH\IceBerg\dataSet\icebergtragectory\consolidated_database_v8.0\updated7_consol\uk13.csv","11890","24-09-2026 12:18:20","False"
"D:\SIH\IceBerg\dataSet\icebergtragectory\consolidated_database_v8.0\updated7_consol\uk130.csv","6496","24-09-2026 12:18:20","False"
"D:\SIH\IceBerg\dataSet\icebergtragectory\consolidated_database_v8.0\updated7_consol\uk131.csv","216","24-09-2026 12:18:20","False"
"D:\SIH\IceBerg\dataSet\icebergtragectory\consolidated_database_v8.0\updated7_consol\uk132.csv","797","24-09-2026 12:18:20","False"
"D:\SIH\IceBerg\dataSet\icebergtragectory\consolidated_database_v8.0\updated7_consol\uk133.csv","4012","24-09-2026 12:18:20","False"
"D:\SIH\IceBerg\dataSet\icebergtragectory\consolidated_database_v8.0\updated7_consol\uk134.csv","4637","24-09-2026 12:18:20","False"
"D:\SIH\IceBerg\dataSet\icebergtragectory\consolidated_database_v8.0\updated7_consol\uk135.csv","1077","24-09-2026 12:18:20","False"
"D:\SIH\IceBerg\dataSet\icebergtragectory\consolidated_database_v8.0\updated7_consol\uk136.csv","22002","24-09-2026 12:18:20","False"
"D:\SIH\IceBerg\dataSet\icebergtragectory\consolidated_database_v8.0\updated7_consol\uk137.csv","10060","24-09-2026 12:18:20","False"
"D:\SIH\IceBerg\dataSet\icebergtragectory\consolidated_database_v8.0\updated7_consol\uk138.csv","13841","24-09-2026 12:18:20","False"
"D:\SIH\IceBerg\dataSet\icebergtragectory\consolidated_database_v8.0\updated7_consol\uk139.csv","4586","24-09-2026 12:18:20","False"
"D:\SIH\IceBerg\dataSet\icebergtragectory\consolidated_database_v8.0\updated7_consol\uk14.csv","9840","24-09-2026 12:18:20","False"
"D:\SIH\IceBerg\dataSet\icebergtragectory\consolidated_database_v8.0\updated7_consol\uk140.csv","4298","24-09-2026 12:18:20","False"
"D:\SIH\IceBerg\dataSet\icebergtragectory\consolidated_database_v8.0\updated7_consol\uk144.csv","1658","24-09-2026 12:18:20","False"
"D:\SIH\IceBerg\dataSet\icebergtragectory\consolidated_database_v8.0\updated7_consol\uk145.csv","32947","24-09-2026 12:18:20","False"
"D:\SIH\IceBerg\dataSet\icebergtragectory\consolidated_database_v8.0\updated7_consol\uk147.csv","720","24-09-2026 12:18:20","False"
"D:\SIH\IceBerg\dataSet\icebergtragectory\consolidated_database_v8.0\updated7_consol\uk148.csv","13682","24-09-2026 12:18:20","False"
"D:\SIH\IceBerg\dataSet\icebergtragectory\consolidated_database_v8.0\updated7_consol\uk15.csv","12250","24-09-2026 12:18:20","False"
"D:\SIH\IceBerg\dataSet\icebergtragectory\consolidated_database_v8.0\updated7_consol\uk151.csv","7414","24-09-2026 12:18:20","False"
"D:\SIH\IceBerg\dataSet\icebergtragectory\consolidated_database_v8.0\updated7_consol\uk155.csv","14385","24-09-2026 12:18:20","False"
"D:\SIH\IceBerg\dataSet\icebergtragectory\consolidated_database_v8.0\updated7_consol\uk156.csv","6137","24-09-2026 12:18:20","False"
"D:\SIH\IceBerg\dataSet\icebergtragectory\consolidated_database_v8.0\updated7_consol\uk157.csv","28588","24-09-2026 12:18:20","False"
"D:\SIH\IceBerg\dataSet\icebergtragectory\consolidated_database_v8.0\updated7_consol\uk158.csv","8473","24-09-2026 12:18:20","False"
"D:\SIH\IceBerg\dataSet\icebergtragectory\consolidated_database_v8.0\updated7_consol\uk159.csv","7679","24-09-2026 12:18:20","False"
"D:\SIH\IceBerg\dataSet\icebergtragectory\consolidated_database_v8.0\updated7_consol\uk16.csv","9239","24-09-2026 12:18:20","False"
"D:\SIH\IceBerg\dataSet\icebergtragectory\consolidated_database_v8.0\updated7_consol\uk160.csv","8662","24-09-2026 12:18:20","False"
"D:\SIH\IceBerg\dataSet\icebergtragectory\consolidated_database_v8.0\updated7_consol\uk161.csv","7962","24-09-2026 12:18:20","False"
"D:\SIH\IceBerg\dataSet\icebergtragectory\consolidated_database_v8.0\updated7_consol\uk163.csv","2065","24-09-2026 12:18:20","False"
"D:\SIH\IceBerg\dataSet\icebergtragectory\consolidated_database_v8.0\updated7_consol\uk164.csv","24800","24-09-2026 12:18:20","False"
"D:\SIH\IceBerg\dataSet\icebergtragectory\consolidated_database_v8.0\updated7_consol\uk165.csv","5732","24-09-2026 12:18:20","False"
"D:\SIH\IceBerg\dataSet\icebergtragectory\consolidated_database_v8.0\updated7_consol\uk166.csv","5604","24-09-2026 12:18:20","False"
"D:\SIH\IceBerg\dataSet\icebergtragectory\consolidated_database_v8.0\updated7_consol\uk17.csv","3849","24-09-2026 12:18:20","False"
"D:\SIH\IceBerg\dataSet\icebergtragectory\consolidated_database_v8.0\updated7_consol\uk170.csv","3492","24-09-2026 12:18:20","False"
"D:\SIH\IceBerg\dataSet\icebergtragectory\consolidated_database_v8.0\updated7_consol\uk171.csv","1806","24-09-2026 12:18:20","False"
"D:\SIH\IceBerg\dataSet\icebergtragectory\consolidated_database_v8.0\updated7_consol\uk172.csv","37164","24-09-2026 12:18:20","False"
"D:\SIH\IceBerg\dataSet\icebergtragectory\consolidated_database_v8.0\updated7_consol\uk173.csv","38769","24-09-2026 12:18:20","False"
"D:\SIH\IceBerg\dataSet\icebergtragectory\consolidated_database_v8.0\updated7_consol\uk174.csv","60603","24-09-2026 12:18:20","False"
"D:\SIH\IceBerg\dataSet\icebergtragectory\consolidated_database_v8.0\updated7_consol\uk175.csv","35649","24-09-2026 12:18:20","False"
"D:\SIH\IceBerg\dataSet\icebergtragectory\consolidated_database_v8.0\updated7_consol\uk176.csv","5020","24-09-2026 12:18:20","False"
"D:\SIH\IceBerg\dataSet\icebergtragectory\consolidated_database_v8.0\updated7_consol\uk177.csv","16895","24-09-2026 12:18:20","False"
"D:\SIH\IceBerg\dataSet\icebergtragectory\consolidated_database_v8.0\updated7_consol\uk179.csv","1611","24-09-2026 12:18:20","False"
"D:\SIH\IceBerg\dataSet\icebergtragectory\consolidated_database_v8.0\updated7_consol\uk18.csv","1691","24-09-2026 12:18:20","False"
"D:\SIH\IceBerg\dataSet\icebergtragectory\consolidated_database_v8.0\updated7_consol\uk180.csv","8193","24-09-2026 12:18:20","False"
"D:\SIH\IceBerg\dataSet\icebergtragectory\consolidated_database_v8.0\updated7_consol\uk183.csv","24504","24-09-2026 12:18:20","False"
"D:\SIH\IceBerg\dataSet\icebergtragectory\consolidated_database_v8.0\updated7_consol\uk185.csv","18255","24-09-2026 12:18:20","False"
"D:\SIH\IceBerg\dataSet\icebergtragectory\consolidated_database_v8.0\updated7_consol\uk186.csv","17708","24-09-2026 12:18:20","False"
"D:\SIH\IceBerg\dataSet\icebergtragectory\consolidated_database_v8.0\updated7_consol\uk187.csv","17213","24-09-2026 12:18:20","False"
"D:\SIH\IceBerg\dataSet\icebergtragectory\consolidated_database_v8.0\updated7_consol\uk188.csv","3809","24-09-2026 12:18:20","False"
"D:\SIH\IceBerg\dataSet\icebergtragectory\consolidated_database_v8.0\updated7_consol\uk189.csv","568","24-09-2026 12:18:20","False"
"D:\SIH\IceBerg\dataSet\icebergtragectory\consolidated_database_v8.0\updated7_consol\uk19.csv","26512","24-09-2026 12:18:20","False"
"D:\SIH\IceBerg\dataSet\icebergtragectory\consolidated_database_v8.0\updated7_consol\uk190.csv","724","24-09-2026 12:18:20","False"
"D:\SIH\IceBerg\dataSet\icebergtragectory\consolidated_database_v8.0\updated7_consol\uk191.csv","805","24-09-2026 12:18:20","False"
"D:\SIH\IceBerg\dataSet\icebergtragectory\consolidated_database_v8.0\updated7_consol\uk192.csv","66198","24-09-2026 12:18:20","False"
"D:\SIH\IceBerg\dataSet\icebergtragectory\consolidated_database_v8.0\updated7_consol\uk193.csv","17925","24-09-2026 12:18:20","False"
"D:\SIH\IceBerg\dataSet\icebergtragectory\consolidated_database_v8.0\updated7_consol\uk194.csv","10351","24-09-2026 12:18:20","False"
"D:\SIH\IceBerg\dataSet\icebergtragectory\consolidated_database_v8.0\updated7_consol\uk195.csv","2017","24-09-2026 12:18:20","False"
"D:\SIH\IceBerg\dataSet\icebergtragectory\consolidated_database_v8.0\updated7_consol\uk196.csv","689","24-09-2026 12:18:20","False"
"D:\SIH\IceBerg\dataSet\icebergtragectory\consolidated_database_v8.0\updated7_consol\uk20.csv","11133","24-09-2026 12:18:20","False"
"D:\SIH\IceBerg\dataSet\icebergtragectory\consolidated_database_v8.0\updated7_consol\uk201.csv","3917","24-09-2026 12:18:20","False"
"D:\SIH\IceBerg\dataSet\icebergtragectory\consolidated_database_v8.0\updated7_consol\uk202.csv","637","24-09-2026 12:18:20","False"
"D:\SIH\IceBerg\dataSet\icebergtragectory\consolidated_database_v8.0\updated7_consol\uk203.csv","281","24-09-2026 12:18:20","False"
"D:\SIH\IceBerg\dataSet\icebergtragectory\consolidated_database_v8.0\updated7_consol\uk205.csv","6337","24-09-2026 12:18:20","False"
"D:\SIH\IceBerg\dataSet\icebergtragectory\consolidated_database_v8.0\updated7_consol\uk206.csv","9732","24-09-2026 12:18:20","False"
"D:\SIH\IceBerg\dataSet\icebergtragectory\consolidated_database_v8.0\updated7_consol\uk207.csv","18300","24-09-2026 12:18:20","False"
"D:\SIH\IceBerg\dataSet\icebergtragectory\consolidated_database_v8.0\updated7_consol\uk208.csv","7345","24-09-2026 12:18:20","False"
"D:\SIH\IceBerg\dataSet\icebergtragectory\consolidated_database_v8.0\updated7_consol\uk209.csv","2738","24-09-2026 12:18:20","False"
"D:\SIH\IceBerg\dataSet\icebergtragectory\consolidated_database_v8.0\updated7_consol\uk21.csv","2527","24-09-2026 12:18:20","False"
"D:\SIH\IceBerg\dataSet\icebergtragectory\consolidated_database_v8.0\updated7_consol\uk210.csv","10246","24-09-2026 12:18:20","False"
"D:\SIH\IceBerg\dataSet\icebergtragectory\consolidated_database_v8.0\updated7_consol\uk211.csv","70965","24-09-2026 12:18:20","False"
"D:\SIH\IceBerg\dataSet\icebergtragectory\consolidated_database_v8.0\updated7_consol\uk212.csv","11448","24-09-2026 12:18:20","False"
"D:\SIH\IceBerg\dataSet\icebergtragectory\consolidated_database_v8.0\updated7_consol\uk213.csv","2836","24-09-2026 12:18:20","False"
"D:\SIH\IceBerg\dataSet\icebergtragectory\consolidated_database_v8.0\updated7_consol\uk215.csv","18051","24-09-2026 12:18:20","False"
"D:\SIH\IceBerg\dataSet\icebergtragectory\consolidated_database_v8.0\updated7_consol\uk216.csv","7382","24-09-2026 12:18:20","False"
"D:\SIH\IceBerg\dataSet\icebergtragectory\consolidated_database_v8.0\updated7_consol\uk217.csv","7464","24-09-2026 12:18:20","False"
"D:\SIH\IceBerg\dataSet\icebergtragectory\consolidated_database_v8.0\updated7_consol\uk22.csv","2094","24-09-2026 12:18:20","False"
"D:\SIH\IceBerg\dataSet\icebergtragectory\consolidated_database_v8.0\updated7_consol\uk220.csv","5890","24-09-2026 12:18:20","False"
"D:\SIH\IceBerg\dataSet\icebergtragectory\consolidated_database_v8.0\updated7_consol\uk221.csv","7209","24-09-2026 12:18:20","False"
"D:\SIH\IceBerg\dataSet\icebergtragectory\consolidated_database_v8.0\updated7_consol\uk222.csv","3802","24-09-2026 12:18:20","False"
"D:\SIH\IceBerg\dataSet\icebergtragectory\consolidated_database_v8.0\updated7_consol\uk23.csv","1885","24-09-2026 12:18:20","False"
"D:\SIH\IceBerg\dataSet\icebergtragectory\consolidated_database_v8.0\updated7_consol\uk231.csv","6251","24-09-2026 12:18:20","False"
"D:\SIH\IceBerg\dataSet\icebergtragectory\consolidated_database_v8.0\updated7_consol\uk233.csv","4217","24-09-2026 12:18:20","False"
"D:\SIH\IceBerg\dataSet\icebergtragectory\consolidated_database_v8.0\updated7_consol\uk234.csv","894","24-09-2026 12:18:20","False"
"D:\SIH\IceBerg\dataSet\icebergtragectory\consolidated_database_v8.0\updated7_consol\uk235.csv","47521","24-09-2026 12:18:20","False"
"D:\SIH\IceBerg\dataSet\icebergtragectory\consolidated_database_v8.0\updated7_consol\uk236.csv","4153","24-09-2026 12:18:20","False"
"D:\SIH\IceBerg\dataSet\icebergtragectory\consolidated_database_v8.0\updated7_consol\uk237.csv","4123","24-09-2026 12:18:20","False"
"D:\SIH\IceBerg\dataSet\icebergtragectory\consolidated_database_v8.0\updated7_consol\uk238.csv","2130","24-09-2026 12:18:20","False"
"D:\SIH\IceBerg\dataSet\icebergtragectory\consolidated_database_v8.0\updated7_consol\uk239.csv","1274","24-09-2026 12:18:20","False"
"D:\SIH\IceBerg\dataSet\icebergtragectory\consolidated_database_v8.0\updated7_consol\uk24.csv","11744","24-09-2026 12:18:20","False"
"D:\SIH\IceBerg\dataSet\icebergtragectory\consolidated_database_v8.0\updated7_consol\uk240.csv","335","24-09-2026 12:18:20","False"
"D:\SIH\IceBerg\dataSet\icebergtragectory\consolidated_database_v8.0\updated7_consol\uk241.csv","748","24-09-2026 12:18:20","False"
"D:\SIH\IceBerg\dataSet\icebergtragectory\consolidated_database_v8.0\updated7_consol\uk242.csv","1279","24-09-2026 12:18:20","False"
"D:\SIH\IceBerg\dataSet\icebergtragectory\consolidated_database_v8.0\updated7_consol\uk243.csv","1445","24-09-2026 12:18:20","False"
"D:\SIH\IceBerg\dataSet\icebergtragectory\consolidated_database_v8.0\updated7_consol\uk245.csv","7114","24-09-2026 12:18:20","False"
"D:\SIH\IceBerg\dataSet\icebergtragectory\consolidated_database_v8.0\updated7_consol\uk246.csv","3112","24-09-2026 12:18:20","False"
"D:\SIH\IceBerg\dataSet\icebergtragectory\consolidated_database_v8.0\updated7_consol\uk247.csv","11012","24-09-2026 12:18:20","False"
"D:\SIH\IceBerg\dataSet\icebergtragectory\consolidated_database_v8.0\updated7_consol\uk248.csv","6791","24-09-2026 12:18:20","False"
"D:\SIH\IceBerg\dataSet\icebergtragectory\consolidated_database_v8.0\updated7_consol\uk249.csv","15838","24-09-2026 12:18:20","False"
"D:\SIH\IceBerg\dataSet\icebergtragectory\consolidated_database_v8.0\updated7_consol\uk25.csv","12480","24-09-2026 12:18:20","False"
"D:\SIH\IceBerg\dataSet\icebergtragectory\consolidated_database_v8.0\updated7_consol\uk250.csv","2058","24-09-2026 12:18:20","False"
"D:\SIH\IceBerg\dataSet\icebergtragectory\consolidated_database_v8.0\updated7_consol\uk251.csv","15722","24-09-2026 12:18:20","False"
"D:\SIH\IceBerg\dataSet\icebergtragectory\consolidated_database_v8.0\updated7_consol\uk253.csv","1501","24-09-2026 12:18:20","False"
"D:\SIH\IceBerg\dataSet\icebergtragectory\consolidated_database_v8.0\updated7_consol\uk254.csv","1178","24-09-2026 12:18:20","False"
"D:\SIH\IceBerg\dataSet\icebergtragectory\consolidated_database_v8.0\updated7_consol\uk255.csv","1309","24-09-2026 12:18:20","False"
"D:\SIH\IceBerg\dataSet\icebergtragectory\consolidated_database_v8.0\updated7_consol\uk256.csv","12747","24-09-2026 12:18:20","False"
"D:\SIH\IceBerg\dataSet\icebergtragectory\consolidated_database_v8.0\updated7_consol\uk257.csv","1145","24-09-2026 12:18:20","False"
"D:\SIH\IceBerg\dataSet\icebergtragectory\consolidated_database_v8.0\updated7_consol\uk258.csv","1200","24-09-2026 12:18:20","False"
"D:\SIH\IceBerg\dataSet\icebergtragectory\consolidated_database_v8.0\updated7_consol\uk259.csv","1504","24-09-2026 12:18:20","False"
"D:\SIH\IceBerg\dataSet\icebergtragectory\consolidated_database_v8.0\updated7_consol\uk26.csv","9582","24-09-2026 12:18:20","False"
"D:\SIH\IceBerg\dataSet\icebergtragectory\consolidated_database_v8.0\updated7_consol\uk261.csv","1696","24-09-2026 12:18:20","False"
"D:\SIH\IceBerg\dataSet\icebergtragectory\consolidated_database_v8.0\updated7_consol\uk262.csv","4279","24-09-2026 12:18:20","False"
"D:\SIH\IceBerg\dataSet\icebergtragectory\consolidated_database_v8.0\updated7_consol\uk263.csv","9608","24-09-2026 12:18:20","False"
"D:\SIH\IceBerg\dataSet\icebergtragectory\consolidated_database_v8.0\updated7_consol\uk264.csv","4139","24-09-2026 12:18:20","False"
"D:\SIH\IceBerg\dataSet\icebergtragectory\consolidated_database_v8.0\updated7_consol\uk265.csv","4899","24-09-2026 12:18:20","False"
"D:\SIH\IceBerg\dataSet\icebergtragectory\consolidated_database_v8.0\updated7_consol\uk266.csv","556","24-09-2026 12:18:20","False"
"D:\SIH\IceBerg\dataSet\icebergtragectory\consolidated_database_v8.0\updated7_consol\uk267.csv","2638","24-09-2026 12:18:20","False"
"D:\SIH\IceBerg\dataSet\icebergtragectory\consolidated_database_v8.0\updated7_consol\uk268.csv","5649","24-09-2026 12:18:20","False"
"D:\SIH\IceBerg\dataSet\icebergtragectory\consolidated_database_v8.0\updated7_consol\uk269.csv","474","24-09-2026 12:18:20","False"
"D:\SIH\IceBerg\dataSet\icebergtragectory\consolidated_database_v8.0\updated7_consol\uk27.csv","3957","24-09-2026 12:18:20","False"
"D:\SIH\IceBerg\dataSet\icebergtragectory\consolidated_database_v8.0\updated7_consol\uk270.csv","7173","24-09-2026 12:18:20","False"
"D:\SIH\IceBerg\dataSet\icebergtragectory\consolidated_database_v8.0\updated7_consol\uk271.csv","2955","24-09-2026 12:18:20","False"
"D:\SIH\IceBerg\dataSet\icebergtragectory\consolidated_database_v8.0\updated7_consol\uk272.csv","8697","24-09-2026 12:18:20","False"
"D:\SIH\IceBerg\dataSet\icebergtragectory\consolidated_database_v8.0\updated7_consol\uk273.csv","363","24-09-2026 12:18:20","False"
"D:\SIH\IceBerg\dataSet\icebergtragectory\consolidated_database_v8.0\updated7_consol\uk274.csv","390","24-09-2026 12:18:20","False"
"D:\SIH\IceBerg\dataSet\icebergtragectory\consolidated_database_v8.0\updated7_consol\uk275.csv","305","24-09-2026 12:18:20","False"
"D:\SIH\IceBerg\dataSet\icebergtragectory\consolidated_database_v8.0\updated7_consol\uk276.csv","9898","24-09-2026 12:18:20","False"
"D:\SIH\IceBerg\dataSet\icebergtragectory\consolidated_database_v8.0\updated7_consol\uk277.csv","1776","24-09-2026 12:18:20","False"
"D:\SIH\IceBerg\dataSet\icebergtragectory\consolidated_database_v8.0\updated7_consol\uk278.csv","250","24-09-2026 12:18:20","False"
"D:\SIH\IceBerg\dataSet\icebergtragectory\consolidated_database_v8.0\updated7_consol\uk279.csv","309","24-09-2026 12:18:20","False"
"D:\SIH\IceBerg\dataSet\icebergtragectory\consolidated_database_v8.0\updated7_consol\uk28.csv","2778","24-09-2026 12:18:20","False"
"D:\SIH\IceBerg\dataSet\icebergtragectory\consolidated_database_v8.0\updated7_consol\uk280.csv","2067","24-09-2026 12:18:20","False"
"D:\SIH\IceBerg\dataSet\icebergtragectory\consolidated_database_v8.0\updated7_consol\uk281.csv","2892","24-09-2026 12:18:20","False"
"D:\SIH\IceBerg\dataSet\icebergtragectory\consolidated_database_v8.0\updated7_consol\uk282.csv","1553","24-09-2026 12:18:20","False"
"D:\SIH\IceBerg\dataSet\icebergtragectory\consolidated_database_v8.0\updated7_consol\uk283.csv","215","24-09-2026 12:18:20","False"
"D:\SIH\IceBerg\dataSet\icebergtragectory\consolidated_database_v8.0\updated7_consol\uk284.csv","6345","24-09-2026 12:18:20","False"
"D:\SIH\IceBerg\dataSet\icebergtragectory\consolidated_database_v8.0\updated7_consol\uk285.csv","3141","24-09-2026 12:18:20","False"
"D:\SIH\IceBerg\dataSet\icebergtragectory\consolidated_database_v8.0\updated7_consol\uk286.csv","1920","24-09-2026 12:18:20","False"
"D:\SIH\IceBerg\dataSet\icebergtragectory\consolidated_database_v8.0\updated7_consol\uk288.csv","1265","24-09-2026 12:18:20","False"
"D:\SIH\IceBerg\dataSet\icebergtragectory\consolidated_database_v8.0\updated7_consol\uk289.csv","5864","24-09-2026 12:18:20","False"
"D:\SIH\IceBerg\dataSet\icebergtragectory\consolidated_database_v8.0\updated7_consol\uk29.csv","982","24-09-2026 12:18:21","False"
"D:\SIH\IceBerg\dataSet\icebergtragectory\consolidated_database_v8.0\updated7_consol\uk290.csv","23809","24-09-2026 12:18:20","False"
"D:\SIH\IceBerg\dataSet\icebergtragectory\consolidated_database_v8.0\updated7_consol\uk291.csv","5582","24-09-2026 12:18:20","False"
"D:\SIH\IceBerg\dataSet\icebergtragectory\consolidated_database_v8.0\updated7_consol\uk292.csv","3502","24-09-2026 12:18:20","False"
"D:\SIH\IceBerg\dataSet\icebergtragectory\consolidated_database_v8.0\updated7_consol\uk293.csv","5228","24-09-2026 12:18:20","False"
"D:\SIH\IceBerg\dataSet\icebergtragectory\consolidated_database_v8.0\updated7_consol\uk294.csv","3338","24-09-2026 12:18:20","False"
"D:\SIH\IceBerg\dataSet\icebergtragectory\consolidated_database_v8.0\updated7_consol\uk295.csv","616","24-09-2026 12:18:21","False"
"D:\SIH\IceBerg\dataSet\icebergtragectory\consolidated_database_v8.0\updated7_consol\uk297.csv","750","24-09-2026 12:18:21","False"
"D:\SIH\IceBerg\dataSet\icebergtragectory\consolidated_database_v8.0\updated7_consol\uk30.csv","5478","24-09-2026 12:18:21","False"
"D:\SIH\IceBerg\dataSet\icebergtragectory\consolidated_database_v8.0\updated7_consol\uk304.csv","5555","24-09-2026 12:18:21","False"
"D:\SIH\IceBerg\dataSet\icebergtragectory\consolidated_database_v8.0\updated7_consol\uk31.csv","7310","24-09-2026 12:18:21","False"
"D:\SIH\IceBerg\dataSet\icebergtragectory\consolidated_database_v8.0\updated7_consol\uk314.csv","32963","24-09-2026 12:18:21","False"
"D:\SIH\IceBerg\dataSet\icebergtragectory\consolidated_database_v8.0\updated7_consol\uk315.csv","49984","24-09-2026 12:18:21","False"
"D:\SIH\IceBerg\dataSet\icebergtragectory\consolidated_database_v8.0\updated7_consol\uk316.csv","51986","24-09-2026 12:18:21","False"
"D:\SIH\IceBerg\dataSet\icebergtragectory\consolidated_database_v8.0\updated7_consol\uk318.csv","3907","24-09-2026 12:18:21","False"
"D:\SIH\IceBerg\dataSet\icebergtragectory\consolidated_database_v8.0\updated7_consol\uk319.csv","18831","24-09-2026 12:18:21","False"
"D:\SIH\IceBerg\dataSet\icebergtragectory\consolidated_database_v8.0\updated7_consol\uk32.csv","3359","24-09-2026 12:18:21","False"
"D:\SIH\IceBerg\dataSet\icebergtragectory\consolidated_database_v8.0\updated7_consol\uk320.csv","24243","24-09-2026 12:18:21","False"
"D:\SIH\IceBerg\dataSet\icebergtragectory\consolidated_database_v8.0\updated7_consol\uk321.csv","42134","24-09-2026 12:18:21","False"
"D:\SIH\IceBerg\dataSet\icebergtragectory\consolidated_database_v8.0\updated7_consol\uk321b.csv","5274","24-09-2026 12:18:21","False"
"D:\SIH\IceBerg\dataSet\icebergtragectory\consolidated_database_v8.0\updated7_consol\uk322.csv","44765","24-09-2026 12:18:21","False"
"D:\SIH\IceBerg\dataSet\icebergtragectory\consolidated_database_v8.0\updated7_consol\uk323.csv","6057","24-09-2026 12:18:21","False"
"D:\SIH\IceBerg\dataSet\icebergtragectory\consolidated_database_v8.0\updated7_consol\uk324.csv","121476","24-09-2026 12:18:21","False"
"D:\SIH\IceBerg\dataSet\icebergtragectory\consolidated_database_v8.0\updated7_consol\uk325.csv","23383","24-09-2026 12:18:21","False"
"D:\SIH\IceBerg\dataSet\icebergtragectory\consolidated_database_v8.0\updated7_consol\uk326.csv","24721","24-09-2026 12:18:21","False"
"D:\SIH\IceBerg\dataSet\icebergtragectory\consolidated_database_v8.0\updated7_consol\uk33.csv","4203","24-09-2026 12:18:21","False"
"D:\SIH\IceBerg\dataSet\icebergtragectory\consolidated_database_v8.0\updated7_consol\uk34.csv","19378","24-09-2026 12:18:21","False"
"D:\SIH\IceBerg\dataSet\icebergtragectory\consolidated_database_v8.0\updated7_consol\uk35.csv","3000","24-09-2026 12:18:21","False"
"D:\SIH\IceBerg\dataSet\icebergtragectory\consolidated_database_v8.0\updated7_consol\uk36.csv","1912","24-09-2026 12:18:21","False"
"D:\SIH\IceBerg\dataSet\icebergtragectory\consolidated_database_v8.0\updated7_consol\uk38.csv","17158","24-09-2026 12:18:21","False"
"D:\SIH\IceBerg\dataSet\icebergtragectory\consolidated_database_v8.0\updated7_consol\uk39.csv","18351","24-09-2026 12:18:21","False"
"D:\SIH\IceBerg\dataSet\icebergtragectory\consolidated_database_v8.0\updated7_consol\uk40.csv","17612","24-09-2026 12:18:21","False"
"D:\SIH\IceBerg\dataSet\icebergtragectory\consolidated_database_v8.0\updated7_consol\uk42.csv","7714","24-09-2026 12:18:21","False"
"D:\SIH\IceBerg\dataSet\icebergtragectory\consolidated_database_v8.0\updated7_consol\uk45.csv","2314","24-09-2026 12:18:21","False"
"D:\SIH\IceBerg\dataSet\icebergtragectory\consolidated_database_v8.0\updated7_consol\uk46.csv","5107","24-09-2026 12:18:21","False"
"D:\SIH\IceBerg\dataSet\icebergtragectory\consolidated_database_v8.0\updated7_consol\uk47.csv","2360","24-09-2026 12:18:21","False"
"D:\SIH\IceBerg\dataSet\icebergtragectory\consolidated_database_v8.0\updated7_consol\uk48.csv","29593","24-09-2026 12:18:21","False"
"D:\SIH\IceBerg\dataSet\icebergtragectory\consolidated_database_v8.0\updated7_consol\uk49.csv","6330","24-09-2026 12:18:21","False"
"D:\SIH\IceBerg\dataSet\icebergtragectory\consolidated_database_v8.0\updated7_consol\uk50.csv","31153","24-09-2026 12:18:21","False"
"D:\SIH\IceBerg\dataSet\icebergtragectory\consolidated_database_v8.0\updated7_consol\uk51.csv","14528","24-09-2026 12:18:21","False"
"D:\SIH\IceBerg\dataSet\icebergtragectory\consolidated_database_v8.0\updated7_consol\uk52.csv","173507","24-09-2026 12:18:21","False"
"D:\SIH\IceBerg\dataSet\icebergtragectory\consolidated_database_v8.0\updated7_consol\uk53.csv","28094","24-09-2026 12:18:21","False"
"D:\SIH\IceBerg\dataSet\icebergtragectory\consolidated_database_v8.0\updated7_consol\uk54.csv","22856","24-09-2026 12:18:21","False"
"D:\SIH\IceBerg\dataSet\icebergtragectory\consolidated_database_v8.0\updated7_consol\uk55.csv","6782","24-09-2026 12:18:21","False"
"D:\SIH\IceBerg\dataSet\icebergtragectory\consolidated_database_v8.0\updated7_consol\uk56.csv","5180","24-09-2026 12:18:21","False"
"D:\SIH\IceBerg\dataSet\icebergtragectory\consolidated_database_v8.0\updated7_consol\uk57.csv","2786","24-09-2026 12:18:21","False"
"D:\SIH\IceBerg\dataSet\icebergtragectory\consolidated_database_v8.0\updated7_consol\uk58.csv","4338","24-09-2026 12:18:21","False"
"D:\SIH\IceBerg\dataSet\icebergtragectory\consolidated_database_v8.0\updated7_consol\uk59.csv","3513","24-09-2026 12:18:21","False"
"D:\SIH\IceBerg\dataSet\icebergtragectory\consolidated_database_v8.0\updated7_consol\uk60.csv","2843","24-09-2026 12:18:21","False"
"D:\SIH\IceBerg\dataSet\icebergtragectory\consolidated_database_v8.0\updated7_consol\uk61.csv","2514","24-09-2026 12:18:21","False"
"D:\SIH\IceBerg\dataSet\icebergtragectory\consolidated_database_v8.0\updated7_consol\uk62.csv","4301","24-09-2026 12:18:21","False"
"D:\SIH\IceBerg\dataSet\icebergtragectory\consolidated_database_v8.0\updated7_consol\uk63.csv","5643","24-09-2026 12:18:21","False"
"D:\SIH\IceBerg\dataSet\icebergtragectory\consolidated_database_v8.0\updated7_consol\uk64.csv","71134","24-09-2026 12:18:21","False"
"D:\SIH\IceBerg\dataSet\icebergtragectory\consolidated_database_v8.0\updated7_consol\uk65.csv","3624","24-09-2026 12:18:21","False"
"D:\SIH\IceBerg\dataSet\icebergtragectory\consolidated_database_v8.0\updated7_consol\uk66.csv","1882","24-09-2026 12:18:21","False"
"D:\SIH\IceBerg\dataSet\icebergtragectory\consolidated_database_v8.0\updated7_consol\uk67.csv","793","24-09-2026 12:18:21","False"
"D:\SIH\IceBerg\dataSet\icebergtragectory\consolidated_database_v8.0\updated7_consol\uk68.csv","5918","24-09-2026 12:18:21","False"
"D:\SIH\IceBerg\dataSet\icebergtragectory\consolidated_database_v8.0\updated7_consol\uk69.csv","13356","24-09-2026 12:18:21","False"
"D:\SIH\IceBerg\dataSet\icebergtragectory\consolidated_database_v8.0\updated7_consol\uk70.csv","378","24-09-2026 12:18:21","False"
"D:\SIH\IceBerg\dataSet\icebergtragectory\consolidated_database_v8.0\updated7_consol\uk71.csv","17015","24-09-2026 12:18:21","False"
"D:\SIH\IceBerg\dataSet\icebergtragectory\consolidated_database_v8.0\updated7_consol\uk72.csv","11409","24-09-2026 12:18:21","False"
"D:\SIH\IceBerg\dataSet\icebergtragectory\consolidated_database_v8.0\updated7_consol\uk73.csv","9343","24-09-2026 12:18:21","False"
"D:\SIH\IceBerg\dataSet\icebergtragectory\consolidated_database_v8.0\updated7_consol\uk74.csv","466","24-09-2026 12:18:21","False"
"D:\SIH\IceBerg\dataSet\icebergtragectory\consolidated_database_v8.0\updated7_consol\uk75.csv","12745","24-09-2026 12:18:21","False"
"D:\SIH\IceBerg\dataSet\icebergtragectory\consolidated_database_v8.0\updated7_consol\uk84.csv","19542","24-09-2026 12:18:21","False"
"D:\SIH\IceBerg\dataSet\icebergtragectory\consolidated_database_v8.0\updated7_consol\uk85.csv","7876","24-09-2026 12:18:21","False"
"D:\SIH\IceBerg\dataSet\icebergtragectory\consolidated_database_v8.0\updated7_consol\uk86.csv","11544","24-09-2026 12:18:21","False"
"D:\SIH\IceBerg\dataSet\icebergtragectory\consolidated_database_v8.0\updated7_consol\uk87.csv","16303","24-09-2026 12:18:21","False"
"D:\SIH\IceBerg\dataSet\icebergtragectory\consolidated_database_v8.0\updated7_consol\uk88.csv","4455","24-09-2026 12:18:21","False"
"D:\SIH\IceBerg\dataSet\icebergtragectory\consolidated_database_v8.0\updated7_consol\uk89.csv","3753","24-09-2026 12:18:21","False"
"D:\SIH\IceBerg\dataSet\icebergtragectory\consolidated_database_v8.0\updated7_consol\uk90.csv","3773","24-09-2026 12:18:21","False"
"D:\SIH\IceBerg\dataSet\icebergtragectory\consolidated_database_v8.0\updated7_consol\uk91.csv","2976","24-09-2026 12:18:21","False"
"D:\SIH\IceBerg\dataSet\icebergtragectory\consolidated_database_v8.0\updated7_consol\uk92.csv","4371","24-09-2026 12:18:21","False"
"D:\SIH\IceBerg\dataSet\icebergtragectory\consolidated_database_v8.0\updated7_consol\uk93.csv","175347","24-09-2026 12:18:21","False"
"D:\SIH\IceBerg\dataSet\icebergtragectory\consolidated_database_v8.0\updated7_consol\uk94.csv","2279","24-09-2026 12:18:21","False"
"D:\SIH\IceBerg\dataSet\icebergtragectory\consolidated_database_v8.0\updated7_consol\uk95.csv","12874","24-09-2026 12:18:21","False"
"D:\SIH\IceBerg\dataSet\icebergtragectory\consolidated_database_v8.0\updated7_consol\uk96.csv","8219","24-09-2026 12:18:21","False"
"D:\SIH\IceBerg\dataSet\icebergtragectory\consolidated_database_v8.0\updated7_consol\uk97.csv","8700","24-09-2026 12:18:21","False"
"D:\SIH\IceBerg\dataSet\icebergtragectory\consolidated_database_v8.0\updated7_consol\uk99.csv","1779","24-09-2026 12:18:21","False"
"D:\SIH\IceBerg\dataSet\icebergtragectory\consolidated_database_v8.0\updated7_consol\uka57b.csv","28559","24-09-2026 12:18:21","False"
"D:\SIH\IceBerg\dataSet\icebergtragectory\consolidated_database_v8.0\updated7_consol\ukc33.csv","44155","24-09-2026 12:18:21","False"
"D:\SIH\IceBerg\dataSet\icebergtragectory\updated7_consol\a01.csv","3720","22-09-2026 12:22:53","False"
"D:\SIH\IceBerg\dataSet\icebergtragectory\updated7_consol\a02.csv","3403","22-09-2026 12:22:53","False"
"D:\SIH\IceBerg\dataSet\icebergtragectory\updated7_consol\a08.csv","119","22-09-2026 12:22:53","False"
"D:\SIH\IceBerg\dataSet\icebergtragectory\updated7_consol\a13.csv","1178","22-09-2026 12:22:53","False"
"D:\SIH\IceBerg\dataSet\icebergtragectory\updated7_consol\a20.csv","1130","22-09-2026 12:22:53","False"
"D:\SIH\IceBerg\dataSet\icebergtragectory\updated7_consol\a21a.csv","1464","22-09-2026 12:22:53","False"
"D:\SIH\IceBerg\dataSet\icebergtragectory\updated7_consol\a24a.csv","274","22-09-2026 12:22:53","False"
"D:\SIH\IceBerg\dataSet\icebergtragectory\updated7_consol\a33.csv","93","22-09-2026 12:22:53","False"
"D:\SIH\IceBerg\dataSet\icebergtragectory\updated7_consol\a36.csv","6283","22-09-2026 12:22:53","False"
"D:\SIH\IceBerg\dataSet\icebergtragectory\updated7_consol\a38g.csv","85","22-09-2026 12:22:53","False"
"D:\SIH\IceBerg\dataSet\icebergtragectory\updated7_consol\a39.csv","4427","22-09-2026 12:22:53","False"
"D:\SIH\IceBerg\dataSet\icebergtragectory\updated7_consol\a43a.csv","75341","22-09-2026 12:22:53","False"
"D:\SIH\IceBerg\dataSet\icebergtragectory\updated7_consol\a57b.csv","46890","22-09-2026 12:22:53","False"
"D:\SIH\IceBerg\dataSet\icebergtragectory\updated7_consol\a68.csv","2155","22-09-2026 12:22:53","False"
"D:\SIH\IceBerg\dataSet\icebergtragectory\updated7_consol\a68i.csv","1333","22-09-2026 12:22:53","False"
"D:\SIH\IceBerg\dataSet\icebergtragectory\updated7_consol\a68l.csv","841","22-09-2026 12:22:52","False"
"D:\SIH\IceBerg\dataSet\icebergtragectory\updated7_consol\a68o.csv","410","22-09-2026 12:22:53","False"
"D:\SIH\IceBerg\dataSet\icebergtragectory\updated7_consol\a74b.csv","21073","22-09-2026 12:22:53","False"
"D:\SIH\IceBerg\dataSet\icebergtragectory\updated7_consol\a76c.csv","79784","22-09-2026 12:22:53","False"
"D:\SIH\IceBerg\dataSet\icebergtragectory\updated7_consol\a79.csv","3954","22-09-2026 12:22:53","False"
"D:\SIH\IceBerg\dataSet\icebergtragectory\updated7_consol\a84.csv","20571","22-09-2026 12:22:52","False"
"D:\SIH\IceBerg\dataSet\icebergtragectory\updated7_consol\b05a.csv","121","22-09-2026 12:22:53","False"
"D:\SIH\IceBerg\dataSet\icebergtragectory\updated7_consol\b08.csv","808","22-09-2026 12:22:53","False"
"D:\SIH\IceBerg\dataSet\icebergtragectory\updated7_consol\b09b.csv","928067","22-09-2026 12:22:53","False"
"D:\SIH\IceBerg\dataSet\icebergtragectory\updated7_consol\b09f.csv","153479","22-09-2026 12:22:53","False"
"D:\SIH\IceBerg\dataSet\icebergtragectory\updated7_consol\b09h.csv","41810","22-09-2026 12:22:53","False"
"D:\SIH\IceBerg\dataSet\icebergtragectory\updated7_consol\b10a.csv","90055","22-09-2026 12:22:53","False"
"D:\SIH\IceBerg\dataSet\icebergtragectory\updated7_consol\b12.csv","7446","22-09-2026 12:22:53","False"
"D:\SIH\IceBerg\dataSet\icebergtragectory\updated7_consol\b15ab.csv","174563","22-09-2026 12:22:53","False"
"D:\SIH\IceBerg\dataSet\icebergtragectory\updated7_consol\b15e.csv","6114","22-09-2026 12:22:53","False"
"D:\SIH\IceBerg\dataSet\icebergtragectory\updated7_consol\b15i.csv","55496","22-09-2026 12:22:53","False"
"D:\SIH\IceBerg\dataSet\icebergtragectory\updated7_consol\b15p.csv","13020","22-09-2026 12:22:53","False"
"D:\SIH\IceBerg\dataSet\icebergtragectory\updated7_consol\b15q.csv","32135","22-09-2026 12:22:53","False"
"D:\SIH\IceBerg\dataSet\icebergtragectory\updated7_consol\b15w.csv","1125","22-09-2026 12:22:53","False"
"D:\SIH\IceBerg\dataSet\icebergtragectory\updated7_consol\b16.csv","428129","22-09-2026 12:22:53","False"
"D:\SIH\IceBerg\dataSet\icebergtragectory\updated7_consol\b22c.csv","1671","22-09-2026 12:22:53","False"
"D:\SIH\IceBerg\dataSet\icebergtragectory\updated7_consol\b22f.csv","32383","22-09-2026 12:22:52","False"
"D:\SIH\IceBerg\dataSet\icebergtragectory\updated7_consol\b29.csv","292664","22-09-2026 12:22:53","False"
"D:\SIH\IceBerg\dataSet\icebergtragectory\updated7_consol\b38.csv","124482","22-09-2026 12:22:53","False"
"D:\SIH\IceBerg\dataSet\icebergtragectory\updated7_consol\c14a.csv","232452","22-09-2026 12:22:52","False"
"D:\SIH\IceBerg\dataSet\icebergtragectory\updated7_consol\c15.csv","520203","22-09-2026 12:22:52","False"
"D:\SIH\IceBerg\dataSet\icebergtragectory\updated7_consol\c19.csv","21379","22-09-2026 12:22:52","False"
"D:\SIH\IceBerg\dataSet\icebergtragectory\updated7_consol\c19c1.csv","5275","22-09-2026 12:22:53","False"
"D:\SIH\IceBerg\dataSet\icebergtragectory\updated7_consol\c21.csv","34448","22-09-2026 12:22:52","False"
"D:\SIH\IceBerg\dataSet\icebergtragectory\updated7_consol\c21c.csv","5137","22-09-2026 12:22:52","False"
"D:\SIH\IceBerg\dataSet\icebergtragectory\updated7_consol\c23.csv","2206","22-09-2026 12:22:52","False"
"D:\SIH\IceBerg\dataSet\icebergtragectory\updated7_consol\c34.csv","61727","22-09-2026 12:22:52","False"
"D:\SIH\IceBerg\dataSet\icebergtragectory\updated7_consol\c39.csv","55511","22-09-2026 12:22:52","False"
"D:\SIH\IceBerg\dataSet\icebergtragectory\updated7_consol\d02.csv","3323","22-09-2026 12:22:53","False"
"D:\SIH\IceBerg\dataSet\icebergtragectory\updated7_consol\d25.csv","7011","22-09-2026 12:22:52","False"
"D:\SIH\IceBerg\dataSet\icebergtragectory\updated7_consol\d28.csv","68656","22-09-2026 12:22:52","False"
"D:\SIH\IceBerg\dataSet\icebergtragectory\updated7_consol\d34.csv","38453","22-09-2026 12:22:52","False"
"D:\SIH\IceBerg\dataSet\icebergtragectory\updated7_consol\d37.csv","19053","22-09-2026 12:22:52","False"
"D:\SIH\IceBerg\dataSet\icebergtragectory\updated7_consol\e03.csv","3821","22-09-2026 12:22:52","False"
"D:\SIH\IceBerg\dataSet\icebergtragectory\updated7_consol\e04.csv","8599","22-09-2026 12:22:52","False"
"D:\SIH\IceBerg\dataSet\icebergtragectory\updated7_consol\README_consolidated.TXT","4196","22-09-2026 12:22:52","False"
"D:\SIH\IceBerg\dataSet\icebergtragectory\updated7_consol\uk04.csv","6569","22-09-2026 12:22:52","False"
"D:\SIH\IceBerg\dataSet\icebergtragectory\updated7_consol\uk110.csv","4470","22-09-2026 12:22:52","False"
"D:\SIH\IceBerg\dataSet\icebergtragectory\updated7_consol\uk119.csv","5333","22-09-2026 12:22:52","False"
"D:\SIH\IceBerg\dataSet\icebergtragectory\updated7_consol\uk12.csv","11432","22-09-2026 12:22:52","False"
"D:\SIH\IceBerg\dataSet\icebergtragectory\updated7_consol\uk130.csv","6496","22-09-2026 12:22:52","False"
"D:\SIH\IceBerg\dataSet\icebergtragectory\updated7_consol\uk145.csv","32947","22-09-2026 12:22:53","False"
"D:\SIH\IceBerg\dataSet\icebergtragectory\updated7_consol\uk16.csv","9239","22-09-2026 12:22:53","False"
"D:\SIH\IceBerg\dataSet\icebergtragectory\updated7_consol\uk164.csv","24800","22-09-2026 12:22:52","False"
"D:\SIH\IceBerg\dataSet\icebergtragectory\updated7_consol\uk17.csv","3849","22-09-2026 12:22:52","False"
"D:\SIH\IceBerg\dataSet\icebergtragectory\updated7_consol\uk180.csv","8193","22-09-2026 12:22:52","False"
"D:\SIH\IceBerg\dataSet\icebergtragectory\updated7_consol\uk183.csv","24504","22-09-2026 12:22:53","False"
"D:\SIH\IceBerg\dataSet\icebergtragectory\updated7_consol\uk20.csv","11133","22-09-2026 12:22:52","False"
"D:\SIH\IceBerg\dataSet\icebergtragectory\updated7_consol\uk208.csv","7345","22-09-2026 12:22:52","False"
"D:\SIH\IceBerg\dataSet\icebergtragectory\updated7_consol\uk209.csv","2738","22-09-2026 12:22:52","False"
"D:\SIH\IceBerg\dataSet\icebergtragectory\updated7_consol\uk231.csv","6251","22-09-2026 12:22:52","False"
"D:\SIH\IceBerg\dataSet\icebergtragectory\updated7_consol\uk234.csv","894","22-09-2026 12:22:52","False"
"D:\SIH\IceBerg\dataSet\icebergtragectory\updated7_consol\uk239.csv","1274","22-09-2026 12:22:52","False"
"D:\SIH\IceBerg\dataSet\icebergtragectory\updated7_consol\uk249.csv","15838","22-09-2026 12:22:52","False"
"D:\SIH\IceBerg\dataSet\icebergtragectory\updated7_consol\uk258.csv","1200","22-09-2026 12:22:52","False"
"D:\SIH\IceBerg\dataSet\icebergtragectory\updated7_consol\uk267.csv","2638","22-09-2026 12:22:52","False"
"D:\SIH\IceBerg\dataSet\icebergtragectory\updated7_consol\uk28.csv","2778","22-09-2026 12:22:52","False"
"D:\SIH\IceBerg\dataSet\icebergtragectory\updated7_consol\uk281.csv","2892","22-09-2026 12:22:52","False"
"D:\SIH\IceBerg\dataSet\icebergtragectory\updated7_consol\uk288.csv","1265","22-09-2026 12:22:52","False"
"D:\SIH\IceBerg\dataSet\icebergtragectory\updated7_consol\uk289.csv","5864","22-09-2026 12:22:52","False"
"D:\SIH\IceBerg\dataSet\icebergtragectory\updated7_consol\uk291.csv","5582","22-09-2026 12:22:52","False"
"D:\SIH\IceBerg\dataSet\icebergtragectory\updated7_consol\uk31.csv","7310","22-09-2026 12:22:52","False"
"D:\SIH\IceBerg\dataSet\icebergtragectory\updated7_consol\uk39.csv","18351","22-09-2026 12:22:52","False"
"D:\SIH\IceBerg\dataSet\icebergtragectory\updated7_consol\uk52.csv","173507","22-09-2026 12:22:52","False"
"D:\SIH\IceBerg\dataSet\icebergtragectory\updated7_consol\uk57.csv","2786","22-09-2026 12:22:52","False"
"D:\SIH\IceBerg\dataSet\icebergtragectory\updated7_consol\uk60.csv","2843","22-09-2026 12:22:52","False"
"D:\SIH\IceBerg\dataSet\icebergtragectory\updated7_consol\uk66.csv","1882","22-09-2026 12:22:52","False"
"D:\SIH\IceBerg\dataSet\icebergtragectory\updated7_consol\uk67.csv","793","22-09-2026 12:22:52","False"
"D:\SIH\IceBerg\dataSet\icebergtragectory\updated7_consol\uk73.csv","9343","22-09-2026 12:22:52","False"
"D:\SIH\IceBerg\dataSet\icebergtragectory\updated7_consol\uk75.csv","12745","22-09-2026 12:22:52","False"
"D:\SIH\IceBerg\dataSet\icebergtragectory\updated7_consol\uk94.csv","2279","22-09-2026 12:22:52","False"
"D:\SIH\IceBerg\dataSet\icebergtragectory\updated7_consol\uka57b.csv","28559","22-09-2026 12:22:52","False"
"D:\SIH\IceBerg\dataSet\OceanDepthData\gebco_2024_n-60.0_s-75.0_w-180.0_e180.0.nc","622805208","22-09-2026 12:22:58","False"
"D:\SIH\IceBerg\dataSet\raw-20260921T095550Z-1-008\raw",,"22-09-2026 12:23:45","True"
"D:\SIH\IceBerg\dataSet\raw-20260921T095550Z-1-008\raw\iceberg",,"22-09-2026 12:23:44","True"
"D:\SIH\IceBerg\dataSet\raw-20260921T095550Z-1-008\raw\OceanDepthData",,"22-09-2026 12:23:45","True"
"D:\SIH\IceBerg\dataSet\raw-20260921T095550Z-1-008\raw\seaice",,"22-09-2026 12:23:34","True"
"D:\SIH\IceBerg\dataSet\raw-20260921T095550Z-1-008\raw\sentinel",,"22-09-2026 12:23:38","True"
"D:\SIH\IceBerg\dataSet\raw-20260921T095550Z-1-008\raw\iceberg\updated7_consol",,"22-09-2026 12:23:45","True"
"D:\SIH\IceBerg\dataSet\raw-20260921T095550Z-1-008\raw\OceanDepthData\gebco_2024_n-60.0_s-75.0_w-180.0_e180.0.nc","622805208","22-09-2026 12:23:50","False"
"D:\SIH\IceBerg\dataSet\raw-20260921T095550Z-1-008\raw\seaice\osisaf_obs-si_glo_phy-sic-south_nrt_ssmis_l4_P1D-m_1789810527724.nc","794408443","22-09-2026 12:23:38","False"
"D:\SIH\IceBerg\dataSet\raw-20260921T095550Z-1-008\raw\sentinel\S1A_IW_GRDH_1SSH_20240629T080349_20240629T080414_054535_06A313_0EF7_COG.SAFE",,"22-09-2026 12:23:44","True"
"D:\SIH\IceBerg\dataSet\seaice\osisaf_obs-si_glo_phy-sic-south_nrt_ssmis_l4_P1D-m_1789810527724.nc","794408443","22-09-2026 12:22:48","False"
"D:\SIH\IceBerg\dataSet\sentinel\S1A_IW_GRDH_1SSH_20240629T080349_20240629T080414_054535_06A313_0EF7_COG.SAFE",,"22-09-2026 12:22:52","True"
"D:\SIH\IceBerg\dataSet\sentinel\S1A_IW_GRDH_1SSH_20240629T080349_20240629T080414_054535_06A313_0EF7_COG.SAFE\annotation",,"22-09-2026 12:22:52","True"
"D:\SIH\IceBerg\dataSet\sentinel\S1A_IW_GRDH_1SSH_20240629T080349_20240629T080414_054535_06A313_0EF7_COG.SAFE\measurement",,"22-09-2026 12:22:48","True"
"D:\SIH\IceBerg\dataSet\sentinel\S1A_IW_GRDH_1SSH_20240629T080349_20240629T080414_054535_06A313_0EF7_COG.SAFE\support",,"22-09-2026 12:22:48","True"
"D:\SIH\IceBerg\dataSet\sentinel\S1A_IW_GRDH_1SSH_20240629T080349_20240629T080414_054535_06A313_0EF7_COG.SAFE\annotation\calibration",,"22-09-2026 12:22:52","True"
"D:\SIH\IceBerg\dataSet\sentinel\S1A_IW_GRDH_1SSH_20240629T080349_20240629T080414_054535_06A313_0EF7_COG.SAFE\measurement\s1a-iw-grd-hh-20240629t080349-20240629t080414-054535-06a313-001-cog.tiff","652798257","22-09-2026 12:22:52","False"
"D:\SIH\IceBerg\dataSet\sentinel\S1A_IW_GRDH_1SSH_20240629T080349_20240629T080414_054535_06A313_0EF7_COG.SAFE\support\s1-level-1-calibration.xsd","6427","22-09-2026 12:22:48","False"
"D:\SIH\IceBerg\dataSet\sentinel\S1A_IW_GRDH_1SSH_20240629T080349_20240629T080414_054535_06A313_0EF7_COG.SAFE\support\s1-level-1-rfi.xsd","16595","22-09-2026 12:22:48","False"
"D:\SIH\IceBerg\dataSet\SIH\DATA_Copernicus",,"24-09-2026 17:24:32","True"
"D:\SIH\IceBerg\dataSet\SIH\DATA_Sea_ice_drift_concentration",,"24-09-2026 17:33:19","True"
"D:\SIH\IceBerg\dataSet\SIH\DATA_Copernicus\sector_-90_-180",,"24-09-2026 17:23:07","True"
"D:\SIH\IceBerg\dataSet\SIH\DATA_Copernicus\sector_-90_0",,"24-09-2026 17:23:32","True"
"D:\SIH\IceBerg\dataSet\SIH\DATA_Copernicus\sector_0_90",,"24-09-2026 17:23:55","True"
"D:\SIH\IceBerg\dataSet\SIH\DATA_Copernicus\sector_90_180",,"24-09-2026 17:24:32","True"
"D:\SIH\IceBerg\dataSet\SIH\DATA_Copernicus\sector_-90_-180\cmems_mod_glo_phy_my_0.083deg_P1D-m_multi-vars_180.00W-90.00W_80.00S-42.00S_0.49m_2023-03-23-2026-06-23.nc","3152952938","23-09-2026 22:37:18","False"
"D:\SIH\IceBerg\dataSet\SIH\DATA_Copernicus\sector_-90_0\cmems_mod_glo_phy_my_0.083deg_P1D-m_multi-vars_90.00W-0.00E_80.00S-42.00S_0.49m_2023-03-23-2026-06-23.nc","2888416375","23-09-2026 20:23:56","False"
"D:\SIH\IceBerg\dataSet\SIH\DATA_Copernicus\sector_0_90\cmems_mod_glo_phy_my_0.083deg_P1D-m_multi-vars_0.00E-90.00E_80.00S-42.00S_0.49m_2023-03-23-2026-06-23.nc","2694929793","23-09-2026 21:44:00","False"
"D:\SIH\IceBerg\dataSet\SIH\DATA_Copernicus\sector_90_180\cmems_mod_glo_phy_my_0.083deg_P1D-m_multi-vars_90.00E-180.00E_80.00S-42.00S_0.49m_2023-03-23-2026-06-23.nc","2715191131","23-09-2026 19:27:14","False"
"D:\SIH\IceBerg\dataSet\SIH\DATA_Sea_ice_drift_concentration\ice_conc_nh_polstere-100_amsr2_202303231200.nc","8920777","22-09-2026 18:51:04","False"
"D:\SIH\IceBerg\dataSet\SIH\DATA_Sea_ice_drift_concentration\ice_conc_nh_polstere-100_amsr2_202303241200 (1).nc","9173330","22-09-2026 18:51:00","False"
"D:\SIH\IceBerg\dataSet\SIH\DATA_Sea_ice_drift_concentration\ice_conc_nh_polstere-100_amsr2_202303241200 (2).nc","9173330","22-09-2026 18:51:04","False"
"D:\SIH\IceBerg\dataSet\SIH\DATA_Sea_ice_drift_concentration\ice_conc_nh_polstere-100_amsr2_202303241200.nc","9173330","22-09-2026 18:51:00","False"
"D:\SIH\IceBerg\dataSet\SIH\DATA_Sea_ice_drift_concentration\ice_conc_nh_polstere-100_amsr2_202303311200.nc","9060576","22-09-2026 18:51:00","False"
"D:\SIH\IceBerg\dataSet\SIH\DATA_Sea_ice_drift_concentration\ice_conc_nh_polstere-100_amsr2_202304011200 (1).nc","9054454","22-09-2026 18:52:52","False"
"D:\SIH\IceBerg\dataSet\SIH\DATA_Sea_ice_drift_concentration\ice_conc_nh_polstere-100_amsr2_202304011200.nc","9054454","22-09-2026 18:52:38","False"
"D:\SIH\IceBerg\dataSet\SIH\DATA_Sea_ice_drift_concentration\ice_conc_nh_polstere-100_amsr2_202304021200.nc","8983594","22-09-2026 18:52:54","False"
"D:\SIH\IceBerg\dataSet\SIH\DATA_Sea_ice_drift_concentration\ice_conc_nh_polstere-100_amsr2_202304031200.nc","8962466","22-09-2026 18:52:54","False"
"D:\SIH\IceBerg\dataSet\SIH\DATA_Sea_ice_drift_concentration\ice_conc_nh_polstere-100_amsr2_202304041200.nc","9011603","22-09-2026 18:53:00","False"
"D:\SIH\IceBerg\dataSet\SIH\DATA_Sea_ice_drift_concentration\ice_conc_nh_polstere-100_amsr2_202304051200.nc","8968540","22-09-2026 18:53:00","False"
"D:\SIH\IceBerg\dataSet\SIH\DATA_Sea_ice_drift_concentration\ice_conc_nh_polstere-100_amsr2_202304061200.nc","9100359","22-09-2026 18:53:02","False"
"D:\SIH\IceBerg\dataSet\SIH\DATA_Sea_ice_drift_concentration\ice_conc_nh_polstere-100_amsr2_202304071200.nc","9175326","22-09-2026 18:53:06","False"
"D:\SIH\IceBerg\dataSet\SIH\DATA_Sea_ice_drift_concentration\ice_conc_nh_polstere-100_amsr2_202304081200.nc","9146627","22-09-2026 18:53:08","False"
"D:\SIH\IceBerg\dataSet\SIH\DATA_Sea_ice_drift_concentration\ice_conc_nh_polstere-100_amsr2_202304091200.nc","9261107","22-09-2026 18:53:10","False"
"D:\SIH\IceBerg\dataSet\SIH\DATA_Sea_ice_drift_concentration\ice_conc_nh_polstere-100_amsr2_202304101200.nc","9255367","22-09-2026 18:53:12","False"
"D:\SIH\IceBerg\dataSet\SIH\DATA_Sea_ice_drift_concentration\ice_conc_nh_polstere-100_amsr2_202304111200.nc","9179959","22-09-2026 18:53:14","False"
"D:\SIH\IceBerg\dataSet\SIH\DATA_Sea_ice_drift_concentration\ice_conc_nh_polstere-100_amsr2_202304121200.nc","9162515","22-09-2026 18:53:16","False"
"D:\SIH\IceBerg\dataSet\SIH\DATA_Sea_ice_drift_concentration\ice_conc_nh_polstere-100_amsr2_202304131200.nc","9142462","22-09-2026 18:53:18","False"
"D:\SIH\IceBerg\dataSet\SIH\DATA_Sea_ice_drift_concentration\ice_conc_nh_polstere-100_amsr2_202304141200.nc","9151694","22-09-2026 18:53:18","False"
"D:\SIH\IceBerg\dataSet\SIH\DATA_Sea_ice_drift_concentration\ice_conc_nh_polstere-100_amsr2_202304151200.nc","9117313","22-09-2026 18:53:20","False"
"D:\SIH\IceBerg\dataSet\SIH\DATA_Sea_ice_drift_concentration\ice_conc_nh_polstere-100_amsr2_202304161200.nc","9227821","22-09-2026 18:53:22","False"
"D:\SIH\IceBerg\dataSet\SIH\DATA_Sea_ice_drift_concentration\ice_conc_nh_polstere-100_amsr2_202304171200.nc","9219010","22-09-2026 18:53:24","False"
"D:\SIH\IceBerg\dataSet\SIH\DATA_Sea_ice_drift_concentration\ice_conc_nh_polstere-100_amsr2_202304181200.nc","9300179","22-09-2026 18:53:26","False"
"D:\SIH\IceBerg\dataSet\SIH\DATA_Sea_ice_drift_concentration\ice_conc_nh_polstere-100_amsr2_202304191200.nc","9159555","22-09-2026 18:53:26","False"
"D:\SIH\IceBerg\dataSet\SIH\DATA_Sea_ice_drift_concentration\ice_conc_nh_polstere-100_amsr2_202304201200.nc","9203993","22-09-2026 18:53:28","False"
"D:\SIH\IceBerg\dataSet\SIH\DATA_Sea_ice_drift_concentration\ice_conc_nh_polstere-100_amsr2_202304211200.nc","9300709","22-09-2026 18:53:28","False"
"D:\SIH\IceBerg\dataSet\SIH\DATA_Sea_ice_drift_concentration\ice_conc_nh_polstere-100_amsr2_202304241200.nc","9292335","22-09-2026 18:53:30","False"
"D:\SIH\IceBerg\dataSet\SIH\DATA_Sea_ice_drift_concentration\ice_conc_nh_polstere-100_amsr2_202304251200.nc","9363235","22-09-2026 18:53:32","False"
"D:\SIH\IceBerg\dataSet\SIH\DATA_Sea_ice_drift_concentration\ice_conc_nh_polstere-100_amsr2_202304261200.nc","9367702","22-09-2026 18:53:34","False"
"D:\SIH\IceBerg\dataSet\SIH\DATA_Sea_ice_drift_concentration\ice_conc_nh_polstere-100_amsr2_202304271200.nc","9403195","22-09-2026 18:53:38","False"
"D:\SIH\IceBerg\dataSet\SIH\DATA_Sea_ice_drift_concentration\ice_conc_nh_polstere-100_amsr2_202304281200.nc","9353340","22-09-2026 18:53:40","False"
"D:\SIH\IceBerg\dataSet\SIH\DATA_Sea_ice_drift_concentration\ice_conc_nh_polstere-100_amsr2_202304291200.nc","9369242","22-09-2026 18:53:42","False"
"D:\SIH\IceBerg\dataSet\SIH\DATA_Sea_ice_drift_concentration\ice_conc_nh_polstere-100_amsr2_202304301200.nc","9391156","22-09-2026 18:53:44","False"
"D:\SIH\IceBerg\dataSet\SIH\DATA_Sea_ice_drift_concentration\ice_conc_nh_polstere-100_amsr2_202305011200 (1).nc","9332989","22-09-2026 18:58:14","False"
"D:\SIH\IceBerg\dataSet\SIH\DATA_Sea_ice_drift_concentration\ice_conc_nh_polstere-100_amsr2_202305011200.nc","9332989","22-09-2026 18:53:50","False"
"D:\SIH\IceBerg\dataSet\SIH\DATA_Sea_ice_drift_concentration\ice_conc_nh_polstere-100_amsr2_202305021200 (1).nc","9398562","22-09-2026 18:58:16","False"
"D:\SIH\IceBerg\dataSet\SIH\DATA_Sea_ice_drift_concentration\ice_conc_nh_polstere-100_amsr2_202305021200.nc","9398562","22-09-2026 18:53:52","False"
"D:\SIH\IceBerg\dataSet\SIH\DATA_Sea_ice_drift_concentration\ice_conc_nh_polstere-100_amsr2_202305031200 (1).nc","9355865","22-09-2026 18:58:18","False"
"D:\SIH\IceBerg\dataSet\SIH\DATA_Sea_ice_drift_concentration\ice_conc_nh_polstere-100_amsr2_202305031200.nc","9355865","22-09-2026 18:53:54","False"
"D:\SIH\IceBerg\dataSet\SIH\DATA_Sea_ice_drift_concentration\ice_conc_nh_polstere-100_amsr2_202305041200 (1).nc","9331838","22-09-2026 18:58:20","False"
"D:\SIH\IceBerg\dataSet\SIH\DATA_Sea_ice_drift_concentration\ice_conc_nh_polstere-100_amsr2_202305041200.nc","9331838","22-09-2026 18:53:58","False"
"D:\SIH\IceBerg\dataSet\SIH\DATA_Sea_ice_drift_concentration\ice_conc_nh_polstere-100_amsr2_202305051200 (1).nc","9398346","22-09-2026 18:58:22","False"
"D:\SIH\IceBerg\dataSet\SIH\DATA_Sea_ice_drift_concentration\ice_conc_nh_polstere-100_amsr2_202305051200.nc","9398346","22-09-2026 18:54:02","False"
"D:\SIH\IceBerg\dataSet\SIH\DATA_Sea_ice_drift_concentration\ice_conc_nh_polstere-100_amsr2_202305061200 (1).nc","9407140","22-09-2026 18:58:24","False"
"D:\SIH\IceBerg\dataSet\SIH\DATA_Sea_ice_drift_concentration\ice_conc_nh_polstere-100_amsr2_202305061200.nc","9407140","22-09-2026 18:54:06","False"
"D:\SIH\IceBerg\dataSet\SIH\DATA_Sea_ice_drift_concentration\ice_conc_nh_polstere-100_amsr2_202305071200 (1).nc","9377786","22-09-2026 18:58:26","False"
"D:\SIH\IceBerg\dataSet\SIH\DATA_Sea_ice_drift_concentration\ice_conc_nh_polstere-100_amsr2_202305071200.nc","9377786","22-09-2026 18:54:12","False"
"D:\SIH\IceBerg\dataSet\SIH\DATA_Sea_ice_drift_concentration\ice_conc_nh_polstere-100_amsr2_202305081200 (1).nc","9320538","22-09-2026 18:58:28","False"
"D:\SIH\IceBerg\dataSet\SIH\DATA_Sea_ice_drift_concentration\ice_conc_nh_polstere-100_amsr2_202305081200.nc","9320538","22-09-2026 18:54:14","False"
"D:\SIH\IceBerg\dataSet\SIH\DATA_Sea_ice_drift_concentration\ice_conc_nh_polstere-100_amsr2_202305091200 (1).nc","9396180","22-09-2026 18:58:30","False"
"D:\SIH\IceBerg\dataSet\SIH\DATA_Sea_ice_drift_concentration\ice_conc_nh_polstere-100_amsr2_202305091200.nc","9396180","22-09-2026 18:54:16","False"
"D:\SIH\IceBerg\dataSet\SIH\DATA_Sea_ice_drift_concentration\ice_conc_nh_polstere-100_amsr2_202305101200 (1).nc","9377019","22-09-2026 18:58:32","False"
"D:\SIH\IceBerg\dataSet\SIH\DATA_Sea_ice_drift_concentration\ice_conc_nh_polstere-100_amsr2_202305101200.nc","9377019","22-09-2026 18:54:18","False"
"D:\SIH\IceBerg\dataSet\SIH\DATA_Sea_ice_drift_concentration\ice_conc_nh_polstere-100_amsr2_202305111200 (1).nc","9362201","22-09-2026 18:58:34","False"
"D:\SIH\IceBerg\dataSet\SIH\DATA_Sea_ice_drift_concentration\ice_conc_nh_polstere-100_amsr2_202305111200.nc","9362201","22-09-2026 18:54:22","False"
"D:\SIH\IceBerg\dataSet\SIH\DATA_Sea_ice_drift_concentration\ice_conc_nh_polstere-100_amsr2_202305121200 (1).nc","9388823","22-09-2026 18:58:36","False"
"D:\SIH\IceBerg\dataSet\SIH\DATA_Sea_ice_drift_concentration\ice_conc_nh_polstere-100_amsr2_202305121200.nc","9388823","22-09-2026 18:54:24","False"
"D:\SIH\IceBerg\dataSet\SIH\DATA_Sea_ice_drift_concentration\ice_conc_nh_polstere-100_amsr2_202305131200 (1).nc","9464345","22-09-2026 18:58:38","False"
"D:\SIH\IceBerg\dataSet\SIH\DATA_Sea_ice_drift_concentration\ice_conc_nh_polstere-100_amsr2_202305131200.nc","9464345","22-09-2026 18:54:26","False"
"D:\SIH\IceBerg\dataSet\SIH\DATA_Sea_ice_drift_concentration\ice_conc_nh_polstere-100_amsr2_202305141200 (1).nc","9370615","22-09-2026 18:58:40","False"
"D:\SIH\IceBerg\dataSet\SIH\DATA_Sea_ice_drift_concentration\ice_conc_nh_polstere-100_amsr2_202305141200.nc","9370615","22-09-2026 18:54:30","False"
"D:\SIH\IceBerg\dataSet\SIH\DATA_Sea_ice_drift_concentration\ice_conc_nh_polstere-100_amsr2_202305151200.nc","9381940","22-09-2026 18:58:42","False"
"D:\SIH\IceBerg\dataSet\SIH\DATA_Sea_ice_drift_concentration\ice_conc_nh_polstere-100_amsr2_202305161200.nc","9393388","22-09-2026 18:58:42","False"
"D:\SIH\IceBerg\dataSet\SIH\DATA_Sea_ice_drift_concentration\ice_conc_nh_polstere-100_amsr2_202305171200.nc","9345487","22-09-2026 18:58:46","False"
"D:\SIH\IceBerg\dataSet\SIH\DATA_Sea_ice_drift_concentration\ice_conc_nh_polstere-100_amsr2_202305181200.nc","9456315","22-09-2026 18:58:48","False"
"D:\SIH\IceBerg\dataSet\SIH\DATA_Sea_ice_drift_concentration\ice_conc_nh_polstere-100_amsr2_202305191200.nc","9390073","22-09-2026 18:58:50","False"
"D:\SIH\IceBerg\dataSet\SIH\DATA_Sea_ice_drift_concentration\ice_conc_nh_polstere-100_amsr2_202305201200.nc","9399285","22-09-2026 18:58:52","False"
"D:\SIH\IceBerg\dataSet\SIH\DATA_Sea_ice_drift_concentration\ice_conc_nh_polstere-100_amsr2_202305211200.nc","9361591","22-09-2026 18:58:54","False"
"D:\SIH\IceBerg\dataSet\SIH\DATA_Sea_ice_drift_concentration\ice_conc_nh_polstere-100_amsr2_202305221200.nc","9427538","22-09-2026 18:58:58","False"
"D:\SIH\IceBerg\dataSet\SIH\DATA_Sea_ice_drift_concentration\ice_conc_nh_polstere-100_amsr2_202305231200.nc","9350778","22-09-2026 18:59:00","False"
"D:\SIH\IceBerg\dataSet\SIH\DATA_Sea_ice_drift_concentration\ice_conc_nh_polstere-100_amsr2_202305241200.nc","9465967","22-09-2026 18:59:02","False"
"D:\SIH\IceBerg\dataSet\SIH\DATA_Sea_ice_drift_concentration\ice_conc_nh_polstere-100_amsr2_202305251200.nc","9426801","22-09-2026 18:59:02","False"
"D:\SIH\IceBerg\dataSet\SIH\DATA_Sea_ice_drift_concentration\ice_conc_nh_polstere-100_amsr2_202305261200.nc","9400779","22-09-2026 18:59:04","False"
"D:\SIH\IceBerg\dataSet\SIH\DATA_Sea_ice_drift_concentration\ice_conc_nh_polstere-100_amsr2_202305271200.nc","9445859","22-09-2026 18:59:06","False"
"D:\SIH\IceBerg\dataSet\SIH\DATA_Sea_ice_drift_concentration\ice_conc_nh_polstere-100_amsr2_202305281200.nc","9398589","22-09-2026 18:59:08","False"
"D:\SIH\IceBerg\dataSet\SIH\DATA_Sea_ice_drift_concentration\ice_conc_nh_polstere-100_amsr2_202305291200.nc","9468903","22-09-2026 18:59:10","False"
"D:\SIH\IceBerg\dataSet\SIH\DATA_Sea_ice_drift_concentration\ice_conc_nh_polstere-100_amsr2_202305301200.nc","9449634","22-09-2026 18:59:12","False"
"D:\SIH\IceBerg\dataSet\SIH\DATA_Sea_ice_drift_concentration\ice_conc_nh_polstere-100_amsr2_202305311200.nc","9469957","22-09-2026 18:59:14","False"
"D:\SIH\IceBerg\dataSet\SIH\DATA_Sea_ice_drift_concentration\ice_conc_nh_polstere-100_amsr2_202306011200.nc","9457454","22-09-2026 18:56:48","False"
"D:\SIH\IceBerg\dataSet\SIH\DATA_Sea_ice_drift_concentration\ice_conc_nh_polstere-100_amsr2_202306021200.nc","9483016","22-09-2026 18:56:52","False"
"D:\SIH\IceBerg\dataSet\SIH\DATA_Sea_ice_drift_concentration\ice_conc_nh_polstere-100_amsr2_202306031200.nc","9476408","22-09-2026 18:56:54","False"
"D:\SIH\IceBerg\dataSet\SIH\DATA_Sea_ice_drift_concentration\ice_conc_nh_polstere-100_amsr2_202306041200.nc","9466678","22-09-2026 18:57:00","False"
"D:\SIH\IceBerg\dataSet\SIH\DATA_Sea_ice_drift_concentration\ice_conc_nh_polstere-100_amsr2_202306051200.nc","9490972","22-09-2026 18:57:00","False"
"D:\SIH\IceBerg\dataSet\SIH\DATA_Sea_ice_drift_concentration\ice_conc_nh_polstere-100_amsr2_202306061200.nc","9441282","22-09-2026 18:57:02","False"
"D:\SIH\IceBerg\dataSet\SIH\DATA_Sea_ice_drift_concentration\ice_conc_nh_polstere-100_amsr2_202306071200.nc","9481738","22-09-2026 18:57:04","False"
"D:\SIH\IceBerg\dataSet\SIH\DATA_Sea_ice_drift_concentration\ice_conc_nh_polstere-100_amsr2_202306081200.nc","9454092","22-09-2026 18:57:06","False"
"D:\SIH\IceBerg\dataSet\SIH\DATA_Sea_ice_drift_concentration\ice_conc_nh_polstere-100_amsr2_202306091200.nc","9451624","22-09-2026 18:57:10","False"
"D:\SIH\IceBerg\dataSet\SIH\DATA_Sea_ice_drift_concentration\ice_conc_nh_polstere-100_amsr2_202306101200.nc","9430036","22-09-2026 18:57:12","False"
"D:\SIH\IceBerg\dataSet\SIH\DATA_Sea_ice_drift_concentration\ice_conc_nh_polstere-100_amsr2_202306111200.nc","9460780","22-09-2026 18:57:16","False"
"D:\SIH\IceBerg\dataSet\SIH\DATA_Sea_ice_drift_concentration\ice_conc_nh_polstere-100_amsr2_202306121200.nc","9482686","22-09-2026 18:57:22","False"
"D:\SIH\IceBerg\dataSet\SIH\DATA_Sea_ice_drift_concentration\ice_conc_nh_polstere-100_amsr2_202306131200.nc","9450419","22-09-2026 18:57:22","False"
"D:\SIH\IceBerg\dataSet\SIH\DATA_Sea_ice_drift_concentration\ice_conc_nh_polstere-100_amsr2_202306141200.nc","9469359","22-09-2026 18:57:24","False"
"D:\SIH\IceBerg\dataSet\SIH\DATA_Sea_ice_drift_concentration\ice_conc_nh_polstere-100_amsr2_202306151200.nc","9437481","22-09-2026 18:57:26","False"
"D:\SIH\IceBerg\dataSet\SIH\DATA_Sea_ice_drift_concentration\ice_conc_nh_polstere-100_amsr2_202306161200.nc","9451232","22-09-2026 18:57:30","False"
"D:\SIH\IceBerg\dataSet\SIH\DATA_Sea_ice_drift_concentration\ice_conc_nh_polstere-100_amsr2_202306171200.nc","9428444","22-09-2026 18:57:30","False"
"D:\SIH\IceBerg\dataSet\SIH\DATA_Sea_ice_drift_concentration\ice_conc_nh_polstere-100_amsr2_202306181200.nc","9394627","22-09-2026 18:57:34","False"
"D:\SIH\IceBerg\dataSet\SIH\DATA_Sea_ice_drift_concentration\ice_conc_nh_polstere-100_amsr2_202306191200.nc","9415911","22-09-2026 18:57:36","False"
"D:\SIH\IceBerg\dataSet\SIH\DATA_Sea_ice_drift_concentration\ice_conc_nh_polstere-100_amsr2_202306201200.nc","9388778","22-09-2026 18:57:38","False"
"D:\SIH\IceBerg\dataSet\SIH\DATA_Sea_ice_drift_concentration\ice_conc_nh_polstere-100_amsr2_202306211200.nc","9400465","22-09-2026 18:57:38","False"
"D:\SIH\IceBerg\dataSet\SIH\DATA_Sea_ice_drift_concentration\ice_conc_nh_polstere-100_amsr2_202306221200.nc","9416020","22-09-2026 18:57:44","False"
"D:\SIH\IceBerg\dataSet\SIH\DATA_Sea_ice_drift_concentration\ice_conc_nh_polstere-100_amsr2_202306231200.nc","9399149","22-09-2026 18:57:46","False"
"D:\SIH\IceBerg\dataSet\SIH\DATA_Sea_ice_drift_concentration\ice_conc_nh_polstere-100_amsr2_202306241200.nc","9399429","22-09-2026 18:57:50","False"
"D:\SIH\IceBerg\dataSet\SIH\DATA_Sea_ice_drift_concentration\ice_conc_nh_polstere-100_amsr2_202306251200.nc","9407517","22-09-2026 18:57:52","False"
"D:\SIH\IceBerg\dataSet\SIH\DATA_Sea_ice_drift_concentration\ice_conc_nh_polstere-100_amsr2_202306261200.nc","9441758","22-09-2026 18:57:56","False"
"D:\SIH\IceBerg\dataSet\SIH\DATA_Sea_ice_drift_concentration\ice_conc_nh_polstere-100_amsr2_202306271200.nc","9423916","22-09-2026 18:57:58","False"
"D:\SIH\IceBerg\dataSet\SIH\DATA_Sea_ice_drift_concentration\ice_conc_nh_polstere-100_amsr2_202306281200.nc","9378796","22-09-2026 18:58:00","False"
"D:\SIH\IceBerg\dataSet\SIH\DATA_Sea_ice_drift_concentration\ice_conc_nh_polstere-100_amsr2_202306291200.nc","9376793","22-09-2026 18:58:02","False"
"D:\SIH\IceBerg\dataSet\SIH\DATA_Sea_ice_drift_concentration\ice_conc_nh_polstere-100_amsr2_202306301200.nc","9382362","22-09-2026 18:58:04","False"
"D:\SIH\IceBerg\dataSet\SIH\DATA_Sea_ice_drift_concentration\ice_conc_nh_polstere-100_amsr2_202307011200 (1).nc","9389249","22-09-2026 19:00:58","False"
"D:\SIH\IceBerg\dataSet\SIH\DATA_Sea_ice_drift_concentration\ice_conc_nh_polstere-100_amsr2_202307011200.nc","9389249","22-09-2026 18:59:28","False"
"D:\SIH\IceBerg\dataSet\SIH\DATA_Sea_ice_drift_concentration\ice_conc_nh_polstere-100_amsr2_202307021200 (1).nc","9379147","22-09-2026 19:01:00","False"
"D:\SIH\IceBerg\dataSet\SIH\DATA_Sea_ice_drift_concentration\ice_conc_nh_polstere-100_amsr2_202307021200.nc","9379147","22-09-2026 18:59:30","False"
"D:\SIH\IceBerg\dataSet\SIH\DATA_Sea_ice_drift_concentration\ice_conc_nh_polstere-100_amsr2_202307031200 (1).nc","9423977","22-09-2026 19:01:06","False"
"D:\SIH\IceBerg\dataSet\SIH\DATA_Sea_ice_drift_concentration\ice_conc_nh_polstere-100_amsr2_202307031200.nc","9423977","22-09-2026 18:59:32","False"
"D:\SIH\IceBerg\dataSet\SIH\DATA_Sea_ice_drift_concentration\ice_conc_nh_polstere-100_amsr2_202307041200 (1).nc","9375437","22-09-2026 19:01:04","False"
"D:\SIH\IceBerg\dataSet\SIH\DATA_Sea_ice_drift_concentration\ice_conc_nh_polstere-100_amsr2_202307041200.nc","9375437","22-09-2026 18:59:34","False"
"D:\SIH\IceBerg\dataSet\SIH\DATA_Sea_ice_drift_concentration\ice_conc_nh_polstere-100_amsr2_202307051200 (1).nc","9408231","22-09-2026 19:01:06","False"
"D:\SIH\IceBerg\dataSet\SIH\DATA_Sea_ice_drift_concentration\ice_conc_nh_polstere-100_amsr2_202307051200.nc","9408231","22-09-2026 18:59:36","False"
"D:\SIH\IceBerg\dataSet\SIH\DATA_Sea_ice_drift_concentration\ice_conc_nh_polstere-100_amsr2_202307061200 (1).nc","9386749","22-09-2026 19:01:08","False"
"D:\SIH\IceBerg\dataSet\SIH\DATA_Sea_ice_drift_concentration\ice_conc_nh_polstere-100_amsr2_202307061200.nc","9386749","22-09-2026 18:59:40","False"
"D:\SIH\IceBerg\dataSet\SIH\DATA_Sea_ice_drift_concentration\ice_conc_nh_polstere-100_amsr2_202307071200 (1).nc","9384163","22-09-2026 19:01:10","False"
"D:\SIH\IceBerg\dataSet\SIH\DATA_Sea_ice_drift_concentration\ice_conc_nh_polstere-100_amsr2_202307071200.nc","9384163","22-09-2026 18:59:40","False"
"D:\SIH\IceBerg\dataSet\SIH\DATA_Sea_ice_drift_concentration\ice_conc_nh_polstere-100_amsr2_202307081200 (1).nc","9351891","22-09-2026 19:01:14","False"
"D:\SIH\IceBerg\dataSet\SIH\DATA_Sea_ice_drift_concentration\ice_conc_nh_polstere-100_amsr2_202307081200.nc","9351891","22-09-2026 18:59:42","False"
"D:\SIH\IceBerg\dataSet\SIH\DATA_Sea_ice_drift_concentration\ice_conc_nh_polstere-100_amsr2_202307091200 (1).nc","9360851","22-09-2026 19:01:18","False"
"D:\SIH\IceBerg\dataSet\SIH\DATA_Sea_ice_drift_concentration\ice_conc_nh_polstere-100_amsr2_202307091200.nc","9360851","22-09-2026 18:59:44","False"
"D:\SIH\IceBerg\dataSet\SIH\DATA_Sea_ice_drift_concentration\ice_conc_nh_polstere-100_amsr2_202307101200 (1).nc","9380399","22-09-2026 19:01:18","False"
"D:\SIH\IceBerg\dataSet\SIH\DATA_Sea_ice_drift_concentration\ice_conc_nh_polstere-100_amsr2_202307101200.nc","9380399","22-09-2026 18:59:48","False"
"D:\SIH\IceBerg\dataSet\SIH\DATA_Sea_ice_drift_concentration\ice_conc_nh_polstere-100_amsr2_202307111200 (1).nc","9346629","22-09-2026 19:01:22","False"
"D:\SIH\IceBerg\dataSet\SIH\DATA_Sea_ice_drift_concentration\ice_conc_nh_polstere-100_amsr2_202307111200.nc","9346629","22-09-2026 18:59:52","False"
"D:\SIH\IceBerg\dataSet\SIH\DATA_Sea_ice_drift_concentration\ice_conc_nh_polstere-100_amsr2_202307121200 (1).nc","9385172","22-09-2026 19:01:22","False"
"D:\SIH\IceBerg\dataSet\SIH\DATA_Sea_ice_drift_concentration\ice_conc_nh_polstere-100_amsr2_202307121200.nc","9385172","22-09-2026 18:59:54","False"
"D:\SIH\IceBerg\dataSet\SIH\DATA_Sea_ice_drift_concentration\ice_conc_nh_polstere-100_amsr2_202307131200 (1).nc","9386181","22-09-2026 19:01:26","False"
"D:\SIH\IceBerg\dataSet\SIH\DATA_Sea_ice_drift_concentration\ice_conc_nh_polstere-100_amsr2_202307131200.nc","9386181","22-09-2026 18:59:56","False"
"D:\SIH\IceBerg\dataSet\SIH\DATA_Sea_ice_drift_concentration\ice_conc_nh_polstere-100_amsr2_202307141200 (1).nc","9398285","22-09-2026 19:01:28","False"
"D:\SIH\IceBerg\dataSet\SIH\DATA_Sea_ice_drift_concentration\ice_conc_nh_polstere-100_amsr2_202307141200.nc","9398285","22-09-2026 19:00:00","False"
"D:\SIH\IceBerg\dataSet\SIH\DATA_Sea_ice_drift_concentration\ice_conc_nh_polstere-100_amsr2_202307151200 (1).nc","9360942","22-09-2026 19:01:34","False"
"D:\SIH\IceBerg\dataSet\SIH\DATA_Sea_ice_drift_concentration\ice_conc_nh_polstere-100_amsr2_202307151200.nc","9360942","22-09-2026 19:00:02","False"
"D:\SIH\IceBerg\dataSet\SIH\DATA_Sea_ice_drift_concentration\ice_conc_nh_polstere-100_amsr2_202307161200 (1).nc","9381797","22-09-2026 19:01:36","False"
"D:\SIH\IceBerg\dataSet\SIH\DATA_Sea_ice_drift_concentration\ice_conc_nh_polstere-100_amsr2_202307161200.nc","9381797","22-09-2026 19:00:04","False"
"D:\SIH\IceBerg\dataSet\SIH\DATA_Sea_ice_drift_concentration\ice_conc_nh_polstere-100_amsr2_202307171200 (1).nc","9369875","22-09-2026 19:01:38","False"
"D:\SIH\IceBerg\dataSet\SIH\DATA_Sea_ice_drift_concentration\ice_conc_nh_polstere-100_amsr2_202307171200.nc","9369875","22-09-2026 19:00:06","False"
"D:\SIH\IceBerg\dataSet\SIH\DATA_Sea_ice_drift_concentration\ice_conc_nh_polstere-100_amsr2_202307181200 (1).nc","9380358","22-09-2026 19:01:40","False"
"D:\SIH\IceBerg\dataSet\SIH\DATA_Sea_ice_drift_concentration\ice_conc_nh_polstere-100_amsr2_202307181200.nc","9380358","22-09-2026 19:00:10","False"
"D:\SIH\IceBerg\dataSet\SIH\DATA_Sea_ice_drift_concentration\ice_conc_nh_polstere-100_amsr2_202307191200 (1).nc","9374529","22-09-2026 19:01:42","False"
"D:\SIH\IceBerg\dataSet\SIH\DATA_Sea_ice_drift_concentration\ice_conc_nh_polstere-100_amsr2_202307191200.nc","9374529","22-09-2026 19:00:12","False"
"D:\SIH\IceBerg\dataSet\SIH\DATA_Sea_ice_drift_concentration\ice_conc_nh_polstere-100_amsr2_202307201200 (1).nc","9327088","22-09-2026 19:01:44","False"
"D:\SIH\IceBerg\dataSet\SIH\DATA_Sea_ice_drift_concentration\ice_conc_nh_polstere-100_amsr2_202307201200.nc","9327088","22-09-2026 19:00:14","False"
"D:\SIH\IceBerg\dataSet\SIH\DATA_Sea_ice_drift_concentration\ice_conc_nh_polstere-100_amsr2_202307211200 (1).nc","9363407","22-09-2026 19:01:46","False"
"D:\SIH\IceBerg\dataSet\SIH\DATA_Sea_ice_drift_concentration\ice_conc_nh_polstere-100_amsr2_202307211200.nc","9363407","22-09-2026 19:00:18","False"
"D:\SIH\IceBerg\dataSet\SIH\DATA_Sea_ice_drift_concentration\ice_conc_nh_polstere-100_amsr2_202307221200 (1).nc","9316070","22-09-2026 19:01:48","False"
"D:\SIH\IceBerg\dataSet\SIH\DATA_Sea_ice_drift_concentration\ice_conc_nh_polstere-100_amsr2_202307221200.nc","9316070","22-09-2026 19:00:18","False"
"D:\SIH\IceBerg\dataSet\SIH\DATA_Sea_ice_drift_concentration\ice_conc_nh_polstere-100_amsr2_202307231200 (1).nc","9361760","22-09-2026 19:01:50","False"
"D:\SIH\IceBerg\dataSet\SIH\DATA_Sea_ice_drift_concentration\ice_conc_nh_polstere-100_amsr2_202307231200.nc","9361760","22-09-2026 19:00:20","False"
"D:\SIH\IceBerg\dataSet\SIH\DATA_Sea_ice_drift_concentration\ice_conc_nh_polstere-100_amsr2_202307241200 (1).nc","9351017","22-09-2026 19:01:52","False"
"D:\SIH\IceBerg\dataSet\SIH\DATA_Sea_ice_drift_concentration\ice_conc_nh_polstere-100_amsr2_202307241200.nc","9351017","22-09-2026 19:00:22","False"
"D:\SIH\IceBerg\dataSet\SIH\DATA_Sea_ice_drift_concentration\ice_conc_nh_polstere-100_amsr2_202307251200 (1).nc","9390202","22-09-2026 19:01:54","False"
"D:\SIH\IceBerg\dataSet\SIH\DATA_Sea_ice_drift_concentration\ice_conc_nh_polstere-100_amsr2_202307251200.nc","9390202","22-09-2026 19:00:24","False"
"D:\SIH\IceBerg\dataSet\SIH\DATA_Sea_ice_drift_concentration\ice_conc_nh_polstere-100_amsr2_202307261200 (1).nc","9335781","22-09-2026 19:01:58","False"
"D:\SIH\IceBerg\dataSet\SIH\DATA_Sea_ice_drift_concentration\ice_conc_nh_polstere-100_amsr2_202307261200.nc","9335781","22-09-2026 19:00:26","False"
"D:\SIH\IceBerg\dataSet\SIH\DATA_Sea_ice_drift_concentration\ice_conc_nh_polstere-100_amsr2_202307271200 (1).nc","9379638","22-09-2026 19:02:00","False"
"D:\SIH\IceBerg\dataSet\SIH\DATA_Sea_ice_drift_concentration\ice_conc_nh_polstere-100_amsr2_202307271200.nc","9379638","22-09-2026 19:00:28","False"
"D:\SIH\IceBerg\dataSet\SIH\DATA_Sea_ice_drift_concentration\ice_conc_nh_polstere-100_amsr2_202307281200 (1).nc","9385215","22-09-2026 19:02:02","False"
"D:\SIH\IceBerg\dataSet\SIH\DATA_Sea_ice_drift_concentration\ice_conc_nh_polstere-100_amsr2_202307281200.nc","9385215","22-09-2026 19:00:30","False"
"D:\SIH\IceBerg\dataSet\SIH\DATA_Sea_ice_drift_concentration\ice_conc_nh_polstere-100_amsr2_202307291200 (1).nc","9392645","22-09-2026 19:02:04","False"
"D:\SIH\IceBerg\dataSet\SIH\DATA_Sea_ice_drift_concentration\ice_conc_nh_polstere-100_amsr2_202307291200.nc","9392645","22-09-2026 19:00:32","False"
"D:\SIH\IceBerg\dataSet\SIH\DATA_Sea_ice_drift_concentration\ice_conc_nh_polstere-100_amsr2_202307301200 (1).nc","9398758","22-09-2026 19:02:06","False"
"D:\SIH\IceBerg\dataSet\SIH\DATA_Sea_ice_drift_concentration\ice_conc_nh_polstere-100_amsr2_202307301200.nc","9398758","22-09-2026 19:00:32","False"
"D:\SIH\IceBerg\dataSet\SIH\DATA_Sea_ice_drift_concentration\ice_conc_nh_polstere-100_amsr2_202307311200 (1).nc","9381392","22-09-2026 19:02:08","False"
"D:\SIH\IceBerg\dataSet\SIH\DATA_Sea_ice_drift_concentration\ice_conc_nh_polstere-100_amsr2_202307311200.nc","9381392","22-09-2026 19:00:34","False"
"D:\SIH\IceBerg\dataSet\SIH\DATA_Sea_ice_drift_concentration\ice_conc_nh_polstere-100_amsr2_202308011200 (1).nc","9344327","22-09-2026 19:03:28","False"
"D:\SIH\IceBerg\dataSet\SIH\DATA_Sea_ice_drift_concentration\ice_conc_nh_polstere-100_amsr2_202308011200.nc","9344327","22-09-2026 19:02:14","False"
"D:\SIH\IceBerg\dataSet\SIH\DATA_Sea_ice_drift_concentration\ice_conc_nh_polstere-100_amsr2_202308021200 (1).nc","9413323","22-09-2026 19:03:36","False"
"D:\SIH\IceBerg\dataSet\SIH\DATA_Sea_ice_drift_concentration\ice_conc_nh_polstere-100_amsr2_202308021200.nc","9413323","22-09-2026 19:02:14","False"
"D:\SIH\IceBerg\dataSet\SIH\DATA_Sea_ice_drift_concentration\ice_conc_nh_polstere-100_amsr2_202308031200 (1).nc","9424736","22-09-2026 19:03:42","False"
"D:\SIH\IceBerg\dataSet\SIH\DATA_Sea_ice_drift_concentration\ice_conc_nh_polstere-100_amsr2_202308031200.nc","9424736","22-09-2026 19:02:16","False"
"D:\SIH\IceBerg\dataSet\SIH\DATA_Sea_ice_drift_concentration\ice_conc_nh_polstere-100_amsr2_202308041200 (1).nc","9454275","22-09-2026 19:03:44","False"
"D:\SIH\IceBerg\dataSet\SIH\DATA_Sea_ice_drift_concentration\ice_conc_nh_polstere-100_amsr2_202308041200.nc","9454275","22-09-2026 19:02:20","False"
"D:\SIH\IceBerg\dataSet\SIH\DATA_Sea_ice_drift_concentration\ice_conc_nh_polstere-100_amsr2_202308051200 (1).nc","9414275","22-09-2026 19:03:48","False"
"D:\SIH\IceBerg\dataSet\SIH\DATA_Sea_ice_drift_concentration\ice_conc_nh_polstere-100_amsr2_202308051200.nc","9414275","22-09-2026 19:02:20","False"
"D:\SIH\IceBerg\dataSet\SIH\DATA_Sea_ice_drift_concentration\ice_conc_nh_polstere-100_amsr2_202308061200 (1).nc","9419032","22-09-2026 19:03:50","False"
"D:\SIH\IceBerg\dataSet\SIH\DATA_Sea_ice_drift_concentration\ice_conc_nh_polstere-100_amsr2_202308061200.nc","9419032","22-09-2026 19:02:22","False"
"D:\SIH\IceBerg\dataSet\SIH\DATA_Sea_ice_drift_concentration\ice_conc_nh_polstere-100_amsr2_202308071200 (1).nc","9333341","22-09-2026 19:03:56","False"
"D:\SIH\IceBerg\dataSet\SIH\DATA_Sea_ice_drift_concentration\ice_conc_nh_polstere-100_amsr2_202308071200.nc","9333341","22-09-2026 19:02:26","False"
"D:\SIH\IceBerg\dataSet\SIH\DATA_Sea_ice_drift_concentration\ice_conc_nh_polstere-100_amsr2_202308081200 (1).nc","9342694","22-09-2026 19:03:58","False"
"D:\SIH\IceBerg\dataSet\SIH\DATA_Sea_ice_drift_concentration\ice_conc_nh_polstere-100_amsr2_202308081200.nc","9342694","22-09-2026 19:02:26","False"
"D:\SIH\IceBerg\dataSet\SIH\DATA_Sea_ice_drift_concentration\ice_conc_nh_polstere-100_amsr2_202308091200 (1).nc","9503687","22-09-2026 19:04:00","False"
"D:\SIH\IceBerg\dataSet\SIH\DATA_Sea_ice_drift_concentration\ice_conc_nh_polstere-100_amsr2_202308091200.nc","9503687","22-09-2026 19:02:28","False"
"D:\SIH\IceBerg\dataSet\SIH\DATA_Sea_ice_drift_concentration\ice_conc_nh_polstere-100_amsr2_202308101200 (1).nc","9459198","22-09-2026 19:04:02","False"
"D:\SIH\IceBerg\dataSet\SIH\DATA_Sea_ice_drift_concentration\ice_conc_nh_polstere-100_amsr2_202308101200.nc","9459198","22-09-2026 19:02:30","False"
"D:\SIH\IceBerg\dataSet\SIH\DATA_Sea_ice_drift_concentration\ice_conc_nh_polstere-100_amsr2_202308111200 (1).nc","9366190","22-09-2026 19:04:02","False"
"D:\SIH\IceBerg\dataSet\SIH\DATA_Sea_ice_drift_concentration\ice_conc_nh_polstere-100_amsr2_202308111200.nc","9366190","22-09-2026 19:02:30","False"
"D:\SIH\IceBerg\dataSet\SIH\DATA_Sea_ice_drift_concentration\ice_conc_nh_polstere-100_amsr2_202308121200 (1).nc","9407625","22-09-2026 19:04:06","False"
"D:\SIH\IceBerg\dataSet\SIH\DATA_Sea_ice_drift_concentration\ice_conc_nh_polstere-100_amsr2_202308121200.nc","9407625","22-09-2026 19:02:32","False"
"D:\SIH\IceBerg\dataSet\SIH\DATA_Sea_ice_drift_concentration\ice_conc_nh_polstere-100_amsr2_202308131200 (1).nc","9391263","22-09-2026 19:04:06","False"
"D:\SIH\IceBerg\dataSet\SIH\DATA_Sea_ice_drift_concentration\ice_conc_nh_polstere-100_amsr2_202308131200.nc","9391263","22-09-2026 19:02:36","False"
"D:\SIH\IceBerg\dataSet\SIH\DATA_Sea_ice_drift_concentration\ice_conc_nh_polstere-100_amsr2_202308141200 (1).nc","9338353","22-09-2026 19:04:08","False"
"D:\SIH\IceBerg\dataSet\SIH\DATA_Sea_ice_drift_concentration\ice_conc_nh_polstere-100_amsr2_202308141200.nc","9338353","22-09-2026 19:02:38","False"
"D:\SIH\IceBerg\dataSet\SIH\DATA_Sea_ice_drift_concentration\ice_conc_nh_polstere-100_amsr2_202308151200 (1).nc","9407700","22-09-2026 19:04:12","False"
"D:\SIH\IceBerg\dataSet\SIH\DATA_Sea_ice_drift_concentration\ice_conc_nh_polstere-100_amsr2_202308151200.nc","9407700","22-09-2026 19:02:40","False"
"D:\SIH\IceBerg\dataSet\SIH\DATA_Sea_ice_drift_concentration\ice_conc_nh_polstere-100_amsr2_202308161200 (1).nc","9389064","22-09-2026 19:04:16","False"
"D:\SIH\IceBerg\dataSet\SIH\DATA_Sea_ice_drift_concentration\ice_conc_nh_polstere-100_amsr2_202308161200.nc","9389064","22-09-2026 19:02:42","False"
"D:\SIH\IceBerg\dataSet\SIH\DATA_Sea_ice_drift_concentration\ice_conc_nh_polstere-100_amsr2_202308171200 (1).nc","9413803","22-09-2026 19:04:18","False"
"D:\SIH\IceBerg\dataSet\SIH\DATA_Sea_ice_drift_concentration\ice_conc_nh_polstere-100_amsr2_202308171200.nc","9413803","22-09-2026 19:02:44","False"
"D:\SIH\IceBerg\dataSet\SIH\DATA_Sea_ice_drift_concentration\ice_conc_nh_polstere-100_amsr2_202308181200 (1).nc","9418499","22-09-2026 19:04:22","False"
"D:\SIH\IceBerg\dataSet\SIH\DATA_Sea_ice_drift_concentration\ice_conc_nh_polstere-100_amsr2_202308181200.nc","9418499","22-09-2026 19:02:46","False"
"D:\SIH\IceBerg\dataSet\SIH\DATA_Sea_ice_drift_concentration\ice_conc_nh_polstere-100_amsr2_202308191200 (1).nc","9421377","22-09-2026 19:04:22","False"
"D:\SIH\IceBerg\dataSet\SIH\DATA_Sea_ice_drift_concentration\ice_conc_nh_polstere-100_amsr2_202308191200.nc","9421377","22-09-2026 19:02:50","False"
"D:\SIH\IceBerg\dataSet\SIH\DATA_Sea_ice_drift_concentration\ice_conc_nh_polstere-100_amsr2_202308201200 (1).nc","9435875","22-09-2026 19:04:24","False"
"D:\SIH\IceBerg\dataSet\SIH\DATA_Sea_ice_drift_concentration\ice_conc_nh_polstere-100_amsr2_202308201200.nc","9435875","22-09-2026 19:02:52","False"
"D:\SIH\IceBerg\dataSet\SIH\DATA_Sea_ice_drift_concentration\ice_conc_nh_polstere-100_amsr2_202308211200 (1).nc","9409661","22-09-2026 19:04:28","False"
"D:\SIH\IceBerg\dataSet\SIH\DATA_Sea_ice_drift_concentration\ice_conc_nh_polstere-100_amsr2_202308211200.nc","9409661","22-09-2026 19:02:54","False"
"D:\SIH\IceBerg\dataSet\SIH\DATA_Sea_ice_drift_concentration\ice_conc_nh_polstere-100_amsr2_202308221200 (1).nc","9401007","22-09-2026 19:04:30","False"
"D:\SIH\IceBerg\dataSet\SIH\DATA_Sea_ice_drift_concentration\ice_conc_nh_polstere-100_amsr2_202308221200.nc","9401007","22-09-2026 19:02:54","False"
"D:\SIH\IceBerg\dataSet\SIH\DATA_Sea_ice_drift_concentration\ice_conc_nh_polstere-100_amsr2_202308231200 (1).nc","9362030","22-09-2026 19:04:32","False"
"D:\SIH\IceBerg\dataSet\SIH\DATA_Sea_ice_drift_concentration\ice_conc_nh_polstere-100_amsr2_202308231200.nc","9362030","22-09-2026 19:02:58","False"
"D:\SIH\IceBerg\dataSet\SIH\DATA_Sea_ice_drift_concentration\ice_conc_nh_polstere-100_amsr2_202308241200 (1).nc","9319026","22-09-2026 19:04:38","False"
"D:\SIH\IceBerg\dataSet\SIH\DATA_Sea_ice_drift_concentration\ice_conc_nh_polstere-100_amsr2_202308241200.nc","9319026","22-09-2026 19:03:00","False"
"D:\SIH\IceBerg\dataSet\SIH\DATA_Sea_ice_drift_concentration\ice_conc_nh_polstere-100_amsr2_202308251200 (1).nc","9380996","22-09-2026 19:04:42","False"
"D:\SIH\IceBerg\dataSet\SIH\DATA_Sea_ice_drift_concentration\ice_conc_nh_polstere-100_amsr2_202308251200.nc","9380996","22-09-2026 19:03:02","False"
"D:\SIH\IceBerg\dataSet\SIH\DATA_Sea_ice_drift_concentration\ice_conc_nh_polstere-100_amsr2_202308261200 (1).nc","9335983","22-09-2026 19:04:44","False"
"D:\SIH\IceBerg\dataSet\SIH\DATA_Sea_ice_drift_concentration\ice_conc_nh_polstere-100_amsr2_202308261200.nc","9335983","22-09-2026 19:03:04","False"
"D:\SIH\IceBerg\dataSet\SIH\DATA_Sea_ice_drift_concentration\ice_conc_nh_polstere-100_amsr2_202308271200 (1).nc","9363689","22-09-2026 19:04:46","False"
"D:\SIH\IceBerg\dataSet\SIH\DATA_Sea_ice_drift_concentration\ice_conc_nh_polstere-100_amsr2_202308271200.nc","9363689","22-09-2026 19:03:06","False"
"D:\SIH\IceBerg\dataSet\SIH\DATA_Sea_ice_drift_concentration\ice_conc_nh_polstere-100_amsr2_202308281200 (1).nc","8988945","22-09-2026 19:04:52","False"
"D:\SIH\IceBerg\dataSet\SIH\DATA_Sea_ice_drift_concentration\ice_conc_nh_polstere-100_amsr2_202308281200.nc","8988945","22-09-2026 19:03:08","False"
"D:\SIH\IceBerg\dataSet\SIH\DATA_Sea_ice_drift_concentration\ice_conc_nh_polstere-100_amsr2_202308291200 (1).nc","9211818","22-09-2026 19:04:56","False"
"D:\SIH\IceBerg\dataSet\SIH\DATA_Sea_ice_drift_concentration\ice_conc_nh_polstere-100_amsr2_202308291200.nc","9211818","22-09-2026 19:03:10","False"
"D:\SIH\IceBerg\dataSet\SIH\DATA_Sea_ice_drift_concentration\ice_conc_nh_polstere-100_amsr2_202308301200 (1).nc","9250345","22-09-2026 19:04:58","False"
"D:\SIH\IceBerg\dataSet\SIH\DATA_Sea_ice_drift_concentration\ice_conc_nh_polstere-100_amsr2_202308301200.nc","9250345","22-09-2026 19:03:14","False"
"D:\SIH\IceBerg\dataSet\SIH\DATA_Sea_ice_drift_concentration\ice_conc_nh_polstere-100_amsr2_202308311200 (1).nc","8533582","22-09-2026 19:05:00","False"
"D:\SIH\IceBerg\dataSet\SIH\DATA_Sea_ice_drift_concentration\ice_conc_nh_polstere-100_amsr2_202308311200.nc","8533582","22-09-2026 19:03:16","False"
"D:\SIH\IceBerg\dataSet\SIH\DATA_Sea_ice_drift_concentration\ice_conc_nh_polstere-100_amsr2_202309011200.nc","8396232","22-09-2026 19:05:10","False"
"D:\SIH\IceBerg\dataSet\SIH\DATA_Sea_ice_drift_concentration\ice_conc_nh_polstere-100_amsr2_202309021200.nc","9395838","22-09-2026 19:05:12","False"
"D:\SIH\IceBerg\dataSet\SIH\DATA_Sea_ice_drift_concentration\ice_conc_nh_polstere-100_amsr2_202309031200.nc","9375186","22-09-2026 19:05:16","False"
"D:\SIH\IceBerg\dataSet\SIH\DATA_Sea_ice_drift_concentration\ice_conc_nh_polstere-100_amsr2_202309041200.nc","9400052","22-09-2026 19:05:20","False"
"D:\SIH\IceBerg\dataSet\SIH\DATA_Sea_ice_drift_concentration\ice_conc_nh_polstere-100_amsr2_202309051200.nc","9393074","22-09-2026 19:05:22","False"
"D:\SIH\IceBerg\dataSet\SIH\DATA_Sea_ice_drift_concentration\ice_conc_nh_polstere-100_amsr2_202309061200.nc","9367338","22-09-2026 19:05:24","False"
"D:\SIH\IceBerg\dataSet\SIH\DATA_Sea_ice_drift_concentration\ice_conc_nh_polstere-100_amsr2_202309071200.nc","9374563","22-09-2026 19:05:28","False"
"D:\SIH\IceBerg\dataSet\SIH\DATA_Sea_ice_drift_concentration\ice_conc_nh_polstere-100_amsr2_202309081200.nc","9366422","22-09-2026 19:05:28","False"
"D:\SIH\IceBerg\dataSet\SIH\DATA_Sea_ice_drift_concentration\ice_conc_nh_polstere-100_amsr2_202309091200.nc","9375994","22-09-2026 19:05:32","False"
"D:\SIH\IceBerg\dataSet\SIH\DATA_Sea_ice_drift_concentration\ice_conc_nh_polstere-100_amsr2_202309101200.nc","9314977","22-09-2026 19:05:32","False"
"D:\SIH\IceBerg\dataSet\SIH\DATA_Sea_ice_drift_concentration\ice_conc_nh_polstere-100_amsr2_202309111200.nc","9336287","22-09-2026 19:05:34","False"
"D:\SIH\IceBerg\dataSet\SIH\DATA_Sea_ice_drift_concentration\ice_conc_nh_polstere-100_amsr2_202309121200.nc","9303419","22-09-2026 19:05:38","False"
"D:\SIH\IceBerg\dataSet\SIH\DATA_Sea_ice_drift_concentration\ice_conc_nh_polstere-100_amsr2_202309131200.nc","9296503","22-09-2026 19:05:38","False"
"D:\SIH\IceBerg\dataSet\SIH\DATA_Sea_ice_drift_concentration\ice_conc_nh_polstere-100_amsr2_202309141200.nc","9296764","22-09-2026 19:05:42","False"
"D:\SIH\IceBerg\dataSet\SIH\DATA_Sea_ice_drift_concentration\ice_conc_nh_polstere-100_amsr2_202309151200.nc","9242793","22-09-2026 19:05:48","False"
"D:\SIH\IceBerg\dataSet\SIH\DATA_Sea_ice_drift_concentration\ice_conc_nh_polstere-100_amsr2_202309161200.nc","9347181","22-09-2026 19:05:50","False"
"D:\SIH\IceBerg\dataSet\SIH\DATA_Sea_ice_drift_concentration\ice_conc_nh_polstere-100_amsr2_202309171200.nc","9297789","22-09-2026 19:05:52","False"
"D:\SIH\IceBerg\dataSet\SIH\DATA_Sea_ice_drift_concentration\ice_conc_nh_polstere-100_amsr2_202309181200.nc","9359334","22-09-2026 19:05:54","False"
"D:\SIH\IceBerg\dataSet\SIH\DATA_Sea_ice_drift_concentration\ice_conc_nh_polstere-100_amsr2_202309191200.nc","9330867","22-09-2026 19:05:56","False"
"D:\SIH\IceBerg\dataSet\SIH\DATA_Sea_ice_drift_concentration\ice_conc_nh_polstere-100_amsr2_202309201200.nc","9338142","22-09-2026 19:05:58","False"
"D:\SIH\IceBerg\dataSet\SIH\DATA_Sea_ice_drift_concentration\ice_conc_nh_polstere-100_amsr2_202309211200.nc","9321802","22-09-2026 19:06:02","False"
"D:\SIH\IceBerg\dataSet\SIH\DATA_Sea_ice_drift_concentration\ice_conc_nh_polstere-100_amsr2_202309221200.nc","9263375","22-09-2026 19:06:04","False"
"D:\SIH\IceBerg\dataSet\SIH\DATA_Sea_ice_drift_concentration\ice_conc_nh_polstere-100_amsr2_202309231200.nc","9279214","22-09-2026 19:06:06","False"
"D:\SIH\IceBerg\dataSet\SIH\DATA_Sea_ice_drift_concentration\ice_conc_nh_polstere-100_amsr2_202309241200.nc","9281554","22-09-2026 19:06:08","False"
"D:\SIH\IceBerg\dataSet\SIH\DATA_Sea_ice_drift_concentration\ice_conc_nh_polstere-100_amsr2_202309251200.nc","9336603","22-09-2026 19:06:10","False"
"D:\SIH\IceBerg\dataSet\SIH\DATA_Sea_ice_drift_concentration\ice_conc_nh_polstere-100_amsr2_202309261200.nc","9330832","22-09-2026 19:06:12","False"
"D:\SIH\IceBerg\dataSet\SIH\DATA_Sea_ice_drift_concentration\ice_conc_nh_polstere-100_amsr2_202309271200.nc","9356061","22-09-2026 19:06:14","False"
"D:\SIH\IceBerg\dataSet\SIH\DATA_Sea_ice_drift_concentration\ice_conc_nh_polstere-100_amsr2_202309281200.nc","9368428","22-09-2026 19:06:16","False"
"D:\SIH\IceBerg\dataSet\SIH\DATA_Sea_ice_drift_concentration\ice_conc_nh_polstere-100_amsr2_202309291200.nc","9370049","22-09-2026 19:06:18","False"
"D:\SIH\IceBerg\dataSet\SIH\DATA_Sea_ice_drift_concentration\ice_conc_nh_polstere-100_amsr2_202309301200.nc","9340402","22-09-2026 19:06:20","False"
"D:\SIH\IceBerg\dataSet\SIH\DATA_Sea_ice_drift_concentration\ice_conc_nh_polstere-100_amsr2_202310011200.nc","9356837","22-09-2026 19:06:26","False"
"D:\SIH\IceBerg\dataSet\SIH\DATA_Sea_ice_drift_concentration\ice_conc_nh_polstere-100_amsr2_202310021200.nc","9401947","22-09-2026 19:06:30","False"
"D:\SIH\IceBerg\dataSet\SIH\DATA_Sea_ice_drift_concentration\ice_conc_nh_polstere-100_amsr2_202310031200.nc","9317803","22-09-2026 19:06:32","False"
"D:\SIH\IceBerg\dataSet\SIH\DATA_Sea_ice_drift_concentration\ice_conc_nh_polstere-100_amsr2_202310041200.nc","9389612","22-09-2026 19:06:34","False"
"D:\SIH\IceBerg\dataSet\SIH\DATA_Sea_ice_drift_concentration\ice_conc_nh_polstere-100_amsr2_202310051200.nc","9417257","22-09-2026 19:06:36","False"
"D:\SIH\IceBerg\dataSet\SIH\DATA_Sea_ice_drift_concentration\ice_conc_nh_polstere-100_amsr2_202310061200.nc","9406411","22-09-2026 19:06:38","False"
"D:\SIH\IceBerg\dataSet\SIH\DATA_Sea_ice_drift_concentration\ice_conc_nh_polstere-100_amsr2_202310071200.nc","9363681","22-09-2026 19:06:40","False"
"D:\SIH\IceBerg\dataSet\SIH\DATA_Sea_ice_drift_concentration\ice_conc_nh_polstere-100_amsr2_202310081200.nc","9310956","22-09-2026 19:06:42","False"
"D:\SIH\IceBerg\dataSet\SIH\DATA_Sea_ice_drift_concentration\ice_conc_nh_polstere-100_amsr2_202310091200.nc","9328653","22-09-2026 19:06:44","False"
"D:\SIH\IceBerg\dataSet\SIH\DATA_Sea_ice_drift_concentration\ice_conc_nh_polstere-100_amsr2_202310101200.nc","9342586","22-09-2026 19:06:48","False"
"D:\SIH\IceBerg\dataSet\SIH\DATA_Sea_ice_drift_concentration\ice_conc_nh_polstere-100_amsr2_202310111200.nc","9399206","22-09-2026 19:06:52","False"
"D:\SIH\IceBerg\dataSet\SIH\DATA_Sea_ice_drift_concentration\ice_conc_nh_polstere-100_amsr2_202310121200.nc","9381172","22-09-2026 19:06:54","False"
"D:\SIH\IceBerg\dataSet\SIH\DATA_Sea_ice_drift_concentration\ice_conc_nh_polstere-100_amsr2_202310131200.nc","9365863","22-09-2026 19:06:56","False"
"D:\SIH\IceBerg\dataSet\SIH\DATA_Sea_ice_drift_concentration\ice_conc_nh_polstere-100_amsr2_202310141200.nc","9285259","22-09-2026 19:06:58","False"
"D:\SIH\IceBerg\dataSet\SIH\DATA_Sea_ice_drift_concentration\ice_conc_nh_polstere-100_amsr2_202310151200.nc","9290180","22-09-2026 19:07:02","False"
"D:\SIH\IceBerg\dataSet\SIH\DATA_Sea_ice_drift_concentration\ice_conc_nh_polstere-100_amsr2_202310161200.nc","9341248","22-09-2026 19:07:04","False"
"D:\SIH\IceBerg\dataSet\SIH\DATA_Sea_ice_drift_concentration\ice_conc_nh_polstere-100_amsr2_202310171200.nc","9355328","22-09-2026 19:07:04","False"
"D:\SIH\IceBerg\dataSet\SIH\DATA_Sea_ice_drift_concentration\ice_conc_nh_polstere-100_amsr2_202310181200.nc","9350986","22-09-2026 19:07:06","False"
"D:\SIH\IceBerg\dataSet\SIH\DATA_Sea_ice_drift_concentration\ice_conc_nh_polstere-100_amsr2_202310191200.nc","9391290","22-09-2026 19:07:08","False"
"D:\SIH\IceBerg\dataSet\SIH\DATA_Sea_ice_drift_concentration\ice_conc_nh_polstere-100_amsr2_202310201200.nc","9346691","22-09-2026 19:07:12","False"
"D:\SIH\IceBerg\dataSet\SIH\DATA_Sea_ice_drift_concentration\ice_conc_nh_polstere-100_amsr2_202310211200.nc","9267463","22-09-2026 19:07:16","False"
"D:\SIH\IceBerg\dataSet\SIH\DATA_Sea_ice_drift_concentration\ice_conc_nh_polstere-100_amsr2_202310221200.nc","9291373","22-09-2026 19:07:18","False"
"D:\SIH\IceBerg\dataSet\SIH\DATA_Sea_ice_drift_concentration\ice_conc_nh_polstere-100_amsr2_202310231200.nc","9301096","22-09-2026 19:07:20","False"
"D:\SIH\IceBerg\dataSet\SIH\DATA_Sea_ice_drift_concentration\ice_conc_nh_polstere-100_amsr2_202310241200.nc","9252236","22-09-2026 19:07:22","False"
"D:\SIH\IceBerg\dataSet\SIH\DATA_Sea_ice_drift_concentration\ice_conc_nh_polstere-100_amsr2_202310251200.nc","9245343","22-09-2026 19:07:22","False"
"D:\SIH\IceBerg\dataSet\SIH\DATA_Sea_ice_drift_concentration\ice_conc_nh_polstere-100_amsr2_202310261200.nc","9199092","22-09-2026 19:07:24","False"
"D:\SIH\IceBerg\dataSet\SIH\DATA_Sea_ice_drift_concentration\ice_conc_nh_polstere-100_amsr2_202310271200.nc","9258352","22-09-2026 19:07:26","False"
"D:\SIH\IceBerg\dataSet\SIH\DATA_Sea_ice_drift_concentration\ice_conc_nh_polstere-100_amsr2_202310281200.nc","9202588","22-09-2026 19:07:28","False"
"D:\SIH\IceBerg\dataSet\SIH\DATA_Sea_ice_drift_concentration\ice_conc_nh_polstere-100_amsr2_202310291200.nc","9271168","22-09-2026 19:07:32","False"
"D:\SIH\IceBerg\dataSet\SIH\DATA_Sea_ice_drift_concentration\ice_conc_nh_polstere-100_amsr2_202310301200.nc","9283594","22-09-2026 19:07:36","False"
"D:\SIH\IceBerg\dataSet\SIH\DATA_Sea_ice_drift_concentration\ice_conc_nh_polstere-100_amsr2_202310311200.nc","9232078","22-09-2026 19:07:36","False"
"D:\SIH\IceBerg\dataSet\SIH\DATA_Sea_ice_drift_concentration\ice_conc_nh_polstere-100_amsr2_202311011200.nc","9321596","22-09-2026 19:08:26","False"
"D:\SIH\IceBerg\dataSet\SIH\DATA_Sea_ice_drift_concentration\ice_conc_nh_polstere-100_amsr2_202311021200.nc","9363616","22-09-2026 19:08:26","False"
"D:\SIH\IceBerg\dataSet\SIH\DATA_Sea_ice_drift_concentration\ice_conc_nh_polstere-100_amsr2_202311031200.nc","9353427","22-09-2026 19:08:28","False"
"D:\SIH\IceBerg\dataSet\SIH\DATA_Sea_ice_drift_concentration\ice_conc_nh_polstere-100_amsr2_202311041200.nc","9322806","22-09-2026 19:08:30","False"
"D:\SIH\IceBerg\dataSet\SIH\DATA_Sea_ice_drift_concentration\ice_conc_nh_polstere-100_amsr2_202311051200.nc","9399933","22-09-2026 19:08:32","False"
"D:\SIH\IceBerg\dataSet\SIH\DATA_Sea_ice_drift_concentration\ice_conc_nh_polstere-100_amsr2_202311061200.nc","9442544","22-09-2026 19:08:34","False"
"D:\SIH\IceBerg\dataSet\SIH\DATA_Sea_ice_drift_concentration\ice_conc_nh_polstere-100_amsr2_202311071200.nc","9389887","22-09-2026 19:08:36","False"
"D:\SIH\IceBerg\dataSet\SIH\DATA_Sea_ice_drift_concentration\ice_conc_nh_polstere-100_amsr2_202311081200.nc","9424230","22-09-2026 19:08:38","False"
"D:\SIH\IceBerg\dataSet\SIH\DATA_Sea_ice_drift_concentration\ice_conc_nh_polstere-100_amsr2_202311091200.nc","9363621","22-09-2026 19:08:40","False"
"D:\SIH\IceBerg\dataSet\SIH\DATA_Sea_ice_drift_concentration\ice_conc_nh_polstere-100_amsr2_202311101200.nc","9421711","22-09-2026 19:08:42","False"
"D:\SIH\IceBerg\dataSet\SIH\DATA_Sea_ice_drift_concentration\ice_conc_nh_polstere-100_amsr2_202311111200.nc","9401371","22-09-2026 19:08:44","False"
"D:\SIH\IceBerg\dataSet\SIH\DATA_Sea_ice_drift_concentration\ice_conc_nh_polstere-100_amsr2_202311121200.nc","9408564","22-09-2026 19:08:48","False"
"D:\SIH\IceBerg\dataSet\SIH\DATA_Sea_ice_drift_concentration\ice_conc_nh_polstere-100_amsr2_202311131200.nc","9385527","22-09-2026 19:08:50","False"
"D:\SIH\IceBerg\dataSet\SIH\DATA_Sea_ice_drift_concentration\ice_conc_nh_polstere-100_amsr2_202311141200.nc","9412284","22-09-2026 19:08:52","False"
"D:\SIH\IceBerg\dataSet\SIH\DATA_Sea_ice_drift_concentration\ice_conc_nh_polstere-100_amsr2_202311151200.nc","9378441","22-09-2026 19:08:54","False"
"D:\SIH\IceBerg\dataSet\SIH\DATA_Sea_ice_drift_concentration\ice_conc_nh_polstere-100_amsr2_202311161200.nc","9329607","22-09-2026 19:08:56","False"
"D:\SIH\IceBerg\dataSet\SIH\DATA_Sea_ice_drift_concentration\ice_conc_nh_polstere-100_amsr2_202311171200.nc","9290992","22-09-2026 19:08:58","False"
"D:\SIH\IceBerg\dataSet\SIH\DATA_Sea_ice_drift_concentration\ice_conc_nh_polstere-100_amsr2_202311181200.nc","9313550","22-09-2026 19:09:00","False"
"D:\SIH\IceBerg\dataSet\SIH\DATA_Sea_ice_drift_concentration\ice_conc_nh_polstere-100_amsr2_202311191200.nc","9412291","22-09-2026 19:09:02","False"
"D:\SIH\IceBerg\dataSet\SIH\DATA_Sea_ice_drift_concentration\ice_conc_nh_polstere-100_amsr2_202311201200.nc","9462882","22-09-2026 19:09:06","False"
"D:\SIH\IceBerg\dataSet\SIH\DATA_Sea_ice_drift_concentration\ice_conc_nh_polstere-100_amsr2_202311211200.nc","9414210","22-09-2026 19:09:10","False"
"D:\SIH\IceBerg\dataSet\SIH\DATA_Sea_ice_drift_concentration\ice_conc_nh_polstere-100_amsr2_202311221200.nc","9359375","22-09-2026 19:09:12","False"
"D:\SIH\IceBerg\dataSet\SIH\DATA_Sea_ice_drift_concentration\ice_conc_nh_polstere-100_amsr2_202311231200.nc","9386577","22-09-2026 19:09:14","False"
"D:\SIH\IceBerg\dataSet\SIH\DATA_Sea_ice_drift_concentration\ice_conc_nh_polstere-100_amsr2_202311241200.nc","9373952","22-09-2026 19:09:16","False"
"D:\SIH\IceBerg\dataSet\SIH\DATA_Sea_ice_drift_concentration\ice_conc_nh_polstere-100_amsr2_202311251200.nc","9333164","22-09-2026 19:09:18","False"
"D:\SIH\IceBerg\dataSet\SIH\DATA_Sea_ice_drift_concentration\ice_conc_nh_polstere-100_amsr2_202311261200.nc","9311392","22-09-2026 19:09:20","False"
"D:\SIH\IceBerg\dataSet\SIH\DATA_Sea_ice_drift_concentration\ice_conc_nh_polstere-100_amsr2_202311271200.nc","9344554","22-09-2026 19:09:22","False"
"D:\SIH\IceBerg\dataSet\SIH\DATA_Sea_ice_drift_concentration\ice_conc_nh_polstere-100_amsr2_202311281200.nc","9368382","22-09-2026 19:09:24","False"
"D:\SIH\IceBerg\dataSet\SIH\DATA_Sea_ice_drift_concentration\ice_conc_nh_polstere-100_amsr2_202311291200.nc","9321140","22-09-2026 19:09:26","False"
"D:\SIH\IceBerg\dataSet\SIH\DATA_Sea_ice_drift_concentration\ice_conc_nh_polstere-100_amsr2_202311301200.nc","9421319","22-09-2026 19:09:28","False"
"D:\SIH\IceBerg\dataSet\SIH\DATA_Sea_ice_drift_concentration\ice_conc_nh_polstere-100_amsr2_202312011200 (1).nc","9367245","22-09-2026 19:17:56","False"
"D:\SIH\IceBerg\dataSet\SIH\DATA_Sea_ice_drift_concentration\ice_conc_nh_polstere-100_amsr2_202312011200.nc","9367245","22-09-2026 19:14:34","False"
"D:\SIH\IceBerg\dataSet\SIH\DATA_Sea_ice_drift_concentration\ice_conc_nh_polstere-100_amsr2_202312021200 (1).nc","9299787","22-09-2026 19:17:58","False"
"D:\SIH\IceBerg\dataSet\SIH\DATA_Sea_ice_drift_concentration\ice_conc_nh_polstere-100_amsr2_202312021200.nc","9299787","22-09-2026 19:14:36","False"
"D:\SIH\IceBerg\dataSet\SIH\DATA_Sea_ice_drift_concentration\ice_conc_nh_polstere-100_amsr2_202312031200 (1).nc","9317057","22-09-2026 19:18:00","False"
"D:\SIH\IceBerg\dataSet\SIH\DATA_Sea_ice_drift_concentration\ice_conc_nh_polstere-100_amsr2_202312031200.nc","9317057","22-09-2026 19:14:38","False"
"D:\SIH\IceBerg\dataSet\SIH\DATA_Sea_ice_drift_concentration\ice_conc_nh_polstere-100_amsr2_202312041200 (1).nc","9326706","22-09-2026 19:18:02","False"
"D:\SIH\IceBerg\dataSet\SIH\DATA_Sea_ice_drift_concentration\ice_conc_nh_polstere-100_amsr2_202312041200.nc","9326706","22-09-2026 19:14:42","False"
"D:\SIH\IceBerg\dataSet\SIH\DATA_Sea_ice_drift_concentration\ice_conc_nh_polstere-100_amsr2_202312051200 (1).nc","9327913","22-09-2026 19:18:06","False"
"D:\SIH\IceBerg\dataSet\SIH\DATA_Sea_ice_drift_concentration\ice_conc_nh_polstere-100_amsr2_202312051200.nc","9327913","22-09-2026 19:14:44","False"
"D:\SIH\IceBerg\dataSet\SIH\DATA_Sea_ice_drift_concentration\ice_conc_nh_polstere-100_amsr2_202312061200 (1).nc","9283316","22-09-2026 19:18:08","False"
"D:\SIH\IceBerg\dataSet\SIH\DATA_Sea_ice_drift_concentration\ice_conc_nh_polstere-100_amsr2_202312061200.nc","9283316","22-09-2026 19:14:46","False"
"D:\SIH\IceBerg\dataSet\SIH\DATA_Sea_ice_drift_concentration\ice_conc_nh_polstere-100_amsr2_202312071200 (1).nc","9351047","22-09-2026 19:18:10","False"
"D:\SIH\IceBerg\dataSet\SIH\DATA_Sea_ice_drift_concentration\ice_conc_nh_polstere-100_amsr2_202312071200.nc","9351047","22-09-2026 19:14:52","False"
"D:\SIH\IceBerg\dataSet\SIH\DATA_Sea_ice_drift_concentration\ice_conc_nh_polstere-100_amsr2_202312081200 (1).nc","9374029","22-09-2026 19:18:14","False"
"D:\SIH\IceBerg\dataSet\SIH\DATA_Sea_ice_drift_concentration\ice_conc_nh_polstere-100_amsr2_202312081200.nc","9374029","22-09-2026 19:14:52","False"
"D:\SIH\IceBerg\dataSet\SIH\DATA_Sea_ice_drift_concentration\ice_conc_nh_polstere-100_amsr2_202312091200 (1).nc","9417190","22-09-2026 19:18:16","False"
"D:\SIH\IceBerg\dataSet\SIH\DATA_Sea_ice_drift_concentration\ice_conc_nh_polstere-100_amsr2_202312091200.nc","9417190","22-09-2026 19:14:56","False"
"D:\SIH\IceBerg\dataSet\SIH\DATA_Sea_ice_drift_concentration\ice_conc_nh_polstere-100_amsr2_202312101200 (1).nc","9372326","22-09-2026 19:18:18","False"
"D:\SIH\IceBerg\dataSet\SIH\DATA_Sea_ice_drift_concentration\ice_conc_nh_polstere-100_amsr2_202312101200.nc","9372326","22-09-2026 19:14:58","False"
"D:\SIH\IceBerg\dataSet\SIH\DATA_Sea_ice_drift_concentration\ice_conc_nh_polstere-100_amsr2_202312111200 (1).nc","9338416","22-09-2026 19:18:18","False"
"D:\SIH\IceBerg\dataSet\SIH\DATA_Sea_ice_drift_concentration\ice_conc_nh_polstere-100_amsr2_202312111200.nc","9338416","22-09-2026 19:15:00","False"
"D:\SIH\IceBerg\dataSet\SIH\DATA_Sea_ice_drift_concentration\ice_conc_nh_polstere-100_amsr2_202312121200 (1).nc","9374063","22-09-2026 19:18:20","False"
"D:\SIH\IceBerg\dataSet\SIH\DATA_Sea_ice_drift_concentration\ice_conc_nh_polstere-100_amsr2_202312121200.nc","9374063","22-09-2026 19:15:02","False"
"D:\SIH\IceBerg\dataSet\SIH\DATA_Sea_ice_drift_concentration\ice_conc_nh_polstere-100_amsr2_202312131200 (1).nc","9365867","22-09-2026 19:18:22","False"
"D:\SIH\IceBerg\dataSet\SIH\DATA_Sea_ice_drift_concentration\ice_conc_nh_polstere-100_amsr2_202312131200.nc","9365867","22-09-2026 19:15:04","False"
"D:\SIH\IceBerg\dataSet\SIH\DATA_Sea_ice_drift_concentration\ice_conc_nh_polstere-100_amsr2_202312141200 (1).nc","9379320","22-09-2026 19:18:26","False"
"D:\SIH\IceBerg\dataSet\SIH\DATA_Sea_ice_drift_concentration\ice_conc_nh_polstere-100_amsr2_202312141200.nc","9379320","22-09-2026 19:15:08","False"
"D:\SIH\IceBerg\dataSet\SIH\DATA_Sea_ice_drift_concentration\ice_conc_nh_polstere-100_amsr2_202312151200 (1).nc","9379454","22-09-2026 19:18:30","False"
"D:\SIH\IceBerg\dataSet\SIH\DATA_Sea_ice_drift_concentration\ice_conc_nh_polstere-100_amsr2_202312151200.nc","9379454","22-09-2026 19:15:12","False"
"D:\SIH\IceBerg\dataSet\SIH\DATA_Sea_ice_drift_concentration\ice_conc_nh_polstere-100_amsr2_202312161200 (1).nc","9416123","22-09-2026 19:18:34","False"
"D:\SIH\IceBerg\dataSet\SIH\DATA_Sea_ice_drift_concentration\ice_conc_nh_polstere-100_amsr2_202312161200.nc","9416123","22-09-2026 19:15:14","False"
"D:\SIH\IceBerg\dataSet\SIH\DATA_Sea_ice_drift_concentration\ice_conc_nh_polstere-100_amsr2_202312171200 (1).nc","9370177","22-09-2026 19:18:42","False"
"D:\SIH\IceBerg\dataSet\SIH\DATA_Sea_ice_drift_concentration\ice_conc_nh_polstere-100_amsr2_202312171200.nc","9370177","22-09-2026 19:15:16","False"
"D:\SIH\IceBerg\dataSet\SIH\DATA_Sea_ice_drift_concentration\ice_conc_nh_polstere-100_amsr2_202312181200 (1).nc","9345753","22-09-2026 19:18:50","False"
"D:\SIH\IceBerg\dataSet\SIH\DATA_Sea_ice_drift_concentration\ice_conc_nh_polstere-100_amsr2_202312181200.nc","9345753","22-09-2026 19:15:20","False"
"D:\SIH\IceBerg\dataSet\SIH\DATA_Sea_ice_drift_concentration\ice_conc_nh_polstere-100_amsr2_202312191200 (1).nc","9207131","22-09-2026 19:18:54","False"
"D:\SIH\IceBerg\dataSet\SIH\DATA_Sea_ice_drift_concentration\ice_conc_nh_polstere-100_amsr2_202312191200.nc","9207131","22-09-2026 19:15:22","False"
"D:\SIH\IceBerg\dataSet\SIH\DATA_Sea_ice_drift_concentration\ice_conc_nh_polstere-100_amsr2_202312201200 (1).nc","9251324","22-09-2026 19:18:58","False"
"D:\SIH\IceBerg\dataSet\SIH\DATA_Sea_ice_drift_concentration\ice_conc_nh_polstere-100_amsr2_202312201200.nc","9251324","22-09-2026 19:15:24","False"
"D:\SIH\IceBerg\dataSet\SIH\DATA_Sea_ice_drift_concentration\ice_conc_nh_polstere-100_amsr2_202312211200 (1).nc","9315352","22-09-2026 19:19:02","False"
"D:\SIH\IceBerg\dataSet\SIH\DATA_Sea_ice_drift_concentration\ice_conc_nh_polstere-100_amsr2_202312211200.nc","9315352","22-09-2026 19:15:26","False"
"D:\SIH\IceBerg\dataSet\SIH\DATA_Sea_ice_drift_concentration\ice_conc_nh_polstere-100_amsr2_202312221200 (1).nc","9309113","22-09-2026 19:19:04","False"
"D:\SIH\IceBerg\dataSet\SIH\DATA_Sea_ice_drift_concentration\ice_conc_nh_polstere-100_amsr2_202312221200.nc","9309113","22-09-2026 19:15:28","False"
"D:\SIH\IceBerg\dataSet\SIH\DATA_Sea_ice_drift_concentration\ice_conc_nh_polstere-100_amsr2_202312231200 (1).nc","9352256","22-09-2026 19:19:06","False"
"D:\SIH\IceBerg\dataSet\SIH\DATA_Sea_ice_drift_concentration\ice_conc_nh_polstere-100_amsr2_202312231200.nc","9352256","22-09-2026 19:15:30","False"
"D:\SIH\IceBerg\dataSet\SIH\DATA_Sea_ice_drift_concentration\ice_conc_nh_polstere-100_amsr2_202312241200 (1).nc","9311860","22-09-2026 19:19:08","False"
"D:\SIH\IceBerg\dataSet\SIH\DATA_Sea_ice_drift_concentration\ice_conc_nh_polstere-100_amsr2_202312241200.nc","9311860","22-09-2026 19:15:32","False"
"D:\SIH\IceBerg\dataSet\SIH\DATA_Sea_ice_drift_concentration\ice_conc_nh_polstere-100_amsr2_202312251200 (1).nc","9257532","22-09-2026 19:19:10","False"
"D:\SIH\IceBerg\dataSet\SIH\DATA_Sea_ice_drift_concentration\ice_conc_nh_polstere-100_amsr2_202312251200.nc","9257532","22-09-2026 19:15:34","False"
"D:\SIH\IceBerg\dataSet\SIH\DATA_Sea_ice_drift_concentration\ice_conc_nh_polstere-100_amsr2_202312261200 (1).nc","9249512","22-09-2026 19:19:12","False"
"D:\SIH\IceBerg\dataSet\SIH\DATA_Sea_ice_drift_concentration\ice_conc_nh_polstere-100_amsr2_202312261200.nc","9249512","22-09-2026 19:15:36","False"
"D:\SIH\IceBerg\dataSet\SIH\DATA_Sea_ice_drift_concentration\ice_conc_nh_polstere-100_amsr2_202312271200 (1).nc","9241631","22-09-2026 19:19:14","False"
"D:\SIH\IceBerg\dataSet\SIH\DATA_Sea_ice_drift_concentration\ice_conc_nh_polstere-100_amsr2_202312271200.nc","9241631","22-09-2026 19:15:38","False"
"D:\SIH\IceBerg\dataSet\SIH\DATA_Sea_ice_drift_concentration\ice_conc_nh_polstere-100_amsr2_202312281200 (1).nc","9310917","22-09-2026 19:19:18","False"
"D:\SIH\IceBerg\dataSet\SIH\DATA_Sea_ice_drift_concentration\ice_conc_nh_polstere-100_amsr2_202312281200.nc","9310917","22-09-2026 19:15:42","False"
"D:\SIH\IceBerg\dataSet\SIH\DATA_Sea_ice_drift_concentration\ice_conc_nh_polstere-100_amsr2_202312291200 (1).nc","9225712","22-09-2026 19:19:20","False"
"D:\SIH\IceBerg\dataSet\SIH\DATA_Sea_ice_drift_concentration\ice_conc_nh_polstere-100_amsr2_202312291200.nc","9225712","22-09-2026 19:15:44","False"
"D:\SIH\IceBerg\dataSet\SIH\DATA_Sea_ice_drift_concentration\ice_conc_nh_polstere-100_amsr2_202312301200 (1).nc","9221806","22-09-2026 19:19:24","False"
"D:\SIH\IceBerg\dataSet\SIH\DATA_Sea_ice_drift_concentration\ice_conc_nh_polstere-100_amsr2_202312301200.nc","9221806","22-09-2026 19:15:46","False"
"D:\SIH\IceBerg\dataSet\SIH\DATA_Sea_ice_drift_concentration\ice_conc_nh_polstere-100_amsr2_202312311200 (1).nc","9230093","22-09-2026 19:19:26","False"
"D:\SIH\IceBerg\dataSet\SIH\DATA_Sea_ice_drift_concentration\ice_conc_nh_polstere-100_amsr2_202312311200.nc","9230093","22-09-2026 19:15:48","False"
"D:\SIH\IceBerg\dataSet\SIH\DATA_Sea_ice_drift_concentration\ice_conc_nh_polstere-100_amsr2_202401011200.nc","9326388","22-09-2026 19:20:04","False"
"D:\SIH\IceBerg\dataSet\SIH\DATA_Sea_ice_drift_concentration\ice_conc_nh_polstere-100_amsr2_202401021200.nc","9237347","22-09-2026 19:20:06","False"
"D:\SIH\IceBerg\dataSet\SIH\DATA_Sea_ice_drift_concentration\ice_conc_nh_polstere-100_amsr2_202401031200.nc","9266110","22-09-2026 19:20:08","False"
"D:\SIH\IceBerg\dataSet\SIH\DATA_Sea_ice_drift_concentration\ice_conc_nh_polstere-100_amsr2_202401041200.nc","9195525","22-09-2026 19:20:12","False"
"D:\SIH\IceBerg\dataSet\SIH\DATA_Sea_ice_drift_concentration\ice_conc_nh_polstere-100_amsr2_202401051200.nc","9202647","22-09-2026 19:20:14","False"
"D:\SIH\IceBerg\dataSet\SIH\DATA_Sea_ice_drift_concentration\ice_conc_nh_polstere-100_amsr2_202401061200.nc","9237501","22-09-2026 19:20:16","False"
"D:\SIH\IceBerg\dataSet\SIH\DATA_Sea_ice_drift_concentration\ice_conc_nh_polstere-100_amsr2_202401071200.nc","9196841","22-09-2026 19:20:20","False"
"D:\SIH\IceBerg\dataSet\SIH\DATA_Sea_ice_drift_concentration\ice_conc_nh_polstere-100_amsr2_202401081200.nc","9259459","22-09-2026 19:20:24","False"
"D:\SIH\IceBerg\dataSet\SIH\DATA_Sea_ice_drift_concentration\ice_conc_nh_polstere-100_amsr2_202401091200.nc","9229419","22-09-2026 19:20:32","False"
"D:\SIH\IceBerg\dataSet\SIH\DATA_Sea_ice_drift_concentration\ice_conc_nh_polstere-100_amsr2_202401101200.nc","9288787","22-09-2026 19:20:40","False"
"D:\SIH\IceBerg\dataSet\SIH\DATA_Sea_ice_drift_concentration\ice_conc_nh_polstere-100_amsr2_202401111200.nc","9234626","22-09-2026 19:20:48","False"
"D:\SIH\IceBerg\dataSet\SIH\DATA_Sea_ice_drift_concentration\ice_conc_nh_polstere-100_amsr2_202401121200.nc","9161176","22-09-2026 19:20:54","False"
"D:\SIH\IceBerg\dataSet\SIH\DATA_Sea_ice_drift_concentration\ice_conc_nh_polstere-100_amsr2_202401131200.nc","9230406","22-09-2026 19:21:02","False"
"D:\SIH\IceBerg\dataSet\SIH\DATA_Sea_ice_drift_concentration\ice_conc_nh_polstere-100_amsr2_202401141200.nc","9076349","22-09-2026 19:21:08","False"
"D:\SIH\IceBerg\dataSet\SIH\DATA_Sea_ice_drift_concentration\ice_conc_nh_polstere-100_amsr2_202401151200.nc","9140167","22-09-2026 19:21:12","False"
"D:\SIH\IceBerg\dataSet\SIH\DATA_Sea_ice_drift_concentration\ice_conc_nh_polstere-100_amsr2_202401161200.nc","9191723","22-09-2026 19:21:26","False"
"D:\SIH\IceBerg\dataSet\SIH\DATA_Sea_ice_drift_concentration\ice_conc_nh_polstere-100_amsr2_202401171200.nc","9245580","22-09-2026 19:21:30","False"
"D:\SIH\IceBerg\dataSet\SIH\DATA_Sea_ice_drift_concentration\ice_conc_nh_polstere-100_amsr2_202401181200.nc","9225996","22-09-2026 19:21:36","False"
"D:\SIH\IceBerg\dataSet\SIH\DATA_Sea_ice_drift_concentration\ice_conc_nh_polstere-100_amsr2_202401191200.nc","9205354","22-09-2026 19:21:42","False"
"D:\SIH\IceBerg\dataSet\SIH\DATA_Sea_ice_drift_concentration\ice_conc_nh_polstere-100_amsr2_202401201200.nc","9262248","22-09-2026 19:21:46","False"
"D:\SIH\IceBerg\dataSet\SIH\DATA_Sea_ice_drift_concentration\ice_conc_nh_polstere-100_amsr2_202401211200.nc","9258670","22-09-2026 19:21:52","False"
"D:\SIH\IceBerg\dataSet\SIH\DATA_Sea_ice_drift_concentration\ice_conc_nh_polstere-100_amsr2_202401221200.nc","9270755","22-09-2026 19:22:00","False"
"D:\SIH\IceBerg\dataSet\SIH\DATA_Sea_ice_drift_concentration\ice_conc_nh_polstere-100_amsr2_202401231200.nc","9226318","22-09-2026 19:22:06","False"
"D:\SIH\IceBerg\dataSet\SIH\DATA_Sea_ice_drift_concentration\ice_conc_nh_polstere-100_amsr2_202401241200.nc","9136112","22-09-2026 19:22:12","False"
"D:\SIH\IceBerg\dataSet\SIH\DATA_Sea_ice_drift_concentration\ice_conc_nh_polstere-100_amsr2_202401251200.nc","9177464","22-09-2026 19:22:26","False"
"D:\SIH\IceBerg\dataSet\SIH\DATA_Sea_ice_drift_concentration\ice_conc_nh_polstere-100_amsr2_202401261200.nc","9278549","22-09-2026 19:22:38","False"
"D:\SIH\IceBerg\dataSet\SIH\DATA_Sea_ice_drift_concentration\ice_conc_nh_polstere-100_amsr2_202401271200.nc","9260992","22-09-2026 19:22:44","False"
"D:\SIH\IceBerg\dataSet\SIH\DATA_Sea_ice_drift_concentration\ice_conc_nh_polstere-100_amsr2_202401281200.nc","9210788","22-09-2026 19:22:48","False"
"D:\SIH\IceBerg\dataSet\SIH\DATA_Sea_ice_drift_concentration\ice_conc_nh_polstere-100_amsr2_202401291200.nc","9203442","22-09-2026 19:22:56","False"
"D:\SIH\IceBerg\dataSet\SIH\DATA_Sea_ice_drift_concentration\ice_conc_nh_polstere-100_amsr2_202401301200.nc","9206145","22-09-2026 19:23:00","False"
"D:\SIH\IceBerg\dataSet\SIH\DATA_Sea_ice_drift_concentration\ice_conc_nh_polstere-100_amsr2_202401311200.nc","9206472","22-09-2026 19:23:08","False"
"D:\SIH\IceBerg\dataSet\SIH\DATA_Sea_ice_drift_concentration\ice_conc_nh_polstere-100_amsr2_202402011200.nc","9206246","22-09-2026 19:23:40","False"
"D:\SIH\IceBerg\dataSet\SIH\DATA_Sea_ice_drift_concentration\ice_conc_nh_polstere-100_amsr2_202402021200.nc","9184153","22-09-2026 19:23:46","False"
"D:\SIH\IceBerg\dataSet\SIH\DATA_Sea_ice_drift_concentration\ice_conc_nh_polstere-100_amsr2_202402031200.nc","9160473","22-09-2026 19:23:50","False"
"D:\SIH\IceBerg\dataSet\SIH\DATA_Sea_ice_drift_concentration\ice_conc_nh_polstere-100_amsr2_202402041200.nc","9190003","22-09-2026 19:23:54","False"
"D:\SIH\IceBerg\dataSet\SIH\DATA_Sea_ice_drift_concentration\ice_conc_nh_polstere-100_amsr2_202402051200.nc","9104646","22-09-2026 19:23:58","False"
"D:\SIH\IceBerg\dataSet\SIH\DATA_Sea_ice_drift_concentration\ice_conc_nh_polstere-100_amsr2_202402061200.nc","9101683","22-09-2026 19:24:04","False"
"D:\SIH\IceBerg\dataSet\SIH\DATA_Sea_ice_drift_concentration\ice_conc_nh_polstere-100_amsr2_202402071200.nc","9124814","22-09-2026 19:24:10","False"
"D:\SIH\IceBerg\dataSet\SIH\DATA_Sea_ice_drift_concentration\ice_conc_nh_polstere-100_amsr2_202402081200.nc","9050022","22-09-2026 19:24:18","False"
"D:\SIH\IceBerg\dataSet\SIH\DATA_Sea_ice_drift_concentration\ice_conc_nh_polstere-100_amsr2_202402091200.nc","9105291","22-09-2026 19:24:28","False"
"D:\SIH\IceBerg\dataSet\SIH\DATA_Sea_ice_drift_concentration\ice_conc_nh_polstere-100_amsr2_202402101200.nc","9019598","22-09-2026 19:24:34","False"
"D:\SIH\IceBerg\dataSet\SIH\DATA_Sea_ice_drift_concentration\ice_conc_nh_polstere-100_amsr2_202402111200.nc","9061481","22-09-2026 19:24:42","False"
"D:\SIH\IceBerg\dataSet\SIH\DATA_Sea_ice_drift_concentration\ice_conc_nh_polstere-100_amsr2_202402121200.nc","9032683","22-09-2026 19:24:48","False"
"D:\SIH\IceBerg\dataSet\SIH\DATA_Sea_ice_drift_concentration\ice_conc_nh_polstere-100_amsr2_202402131200.nc","9009690","22-09-2026 19:24:54","False"
"D:\SIH\IceBerg\dataSet\SIH\DATA_Sea_ice_drift_concentration\ice_conc_nh_polstere-100_amsr2_202402141200.nc","9047052","22-09-2026 19:25:00","False"
"D:\SIH\IceBerg\dataSet\SIH\DATA_Sea_ice_drift_concentration\ice_conc_nh_polstere-100_amsr2_202402151200.nc","9134911","22-09-2026 19:25:06","False"
"D:\SIH\IceBerg\dataSet\SIH\DATA_Sea_ice_drift_concentration\ice_conc_nh_polstere-100_amsr2_202402161200.nc","9194351","22-09-2026 19:25:10","False"
"D:\SIH\IceBerg\dataSet\SIH\DATA_Sea_ice_drift_concentration\ice_conc_nh_polstere-100_amsr2_202402171200.nc","9171386","22-09-2026 19:25:16","False"
"D:\SIH\IceBerg\dataSet\SIH\DATA_Sea_ice_drift_concentration\ice_conc_nh_polstere-100_amsr2_202402181200.nc","9149664","22-09-2026 19:25:20","False"
"D:\SIH\IceBerg\dataSet\SIH\DATA_Sea_ice_drift_concentration\ice_conc_nh_polstere-100_amsr2_202402191200.nc","9147674","22-09-2026 19:25:26","False"
"D:\SIH\IceBerg\dataSet\SIH\DATA_Sea_ice_drift_concentration\ice_conc_nh_polstere-100_amsr2_202402201200.nc","9228102","22-09-2026 19:25:30","False"
"D:\SIH\IceBerg\dataSet\SIH\DATA_Sea_ice_drift_concentration\ice_conc_nh_polstere-100_amsr2_202402211200.nc","9282011","22-09-2026 19:25:38","False"
"D:\SIH\IceBerg\dataSet\SIH\DATA_Sea_ice_drift_concentration\ice_conc_nh_polstere-100_amsr2_202402221200.nc","9240914","22-09-2026 19:25:46","False"
"D:\SIH\IceBerg\dataSet\SIH\DATA_Sea_ice_drift_concentration\ice_conc_nh_polstere-100_amsr2_202402231200.nc","9138871","22-09-2026 19:25:52","False"
"D:\SIH\IceBerg\dataSet\SIH\DATA_Sea_ice_drift_concentration\ice_conc_nh_polstere-100_amsr2_202402241200.nc","9024690","22-09-2026 19:25:58","False"
"D:\SIH\IceBerg\dataSet\SIH\DATA_Sea_ice_drift_concentration\ice_conc_nh_polstere-100_amsr2_202402251200.nc","9114436","22-09-2026 19:26:08","False"
"D:\SIH\IceBerg\dataSet\SIH\DATA_Sea_ice_drift_concentration\ice_conc_nh_polstere-100_amsr2_202402261200.nc","9178429","22-09-2026 19:26:12","False"
"D:\SIH\IceBerg\dataSet\SIH\DATA_Sea_ice_drift_concentration\ice_conc_nh_polstere-100_amsr2_202402271200.nc","9136872","22-09-2026 19:26:18","False"
"D:\SIH\IceBerg\dataSet\SIH\DATA_Sea_ice_drift_concentration\ice_conc_nh_polstere-100_amsr2_202402281200.nc","9233672","22-09-2026 19:26:22","False"
"D:\SIH\IceBerg\dataSet\SIH\DATA_Sea_ice_drift_concentration\ice_conc_nh_polstere-100_amsr2_202402291200.nc","9221135","22-09-2026 19:26:28","False"
"D:\SIH\IceBerg\dataSet\SIH\DATA_Sea_ice_drift_concentration\ice_conc_nh_polstere-100_amsr2_202403011200.nc","9269925","22-09-2026 19:26:46","False"
"D:\SIH\IceBerg\dataSet\SIH\DATA_Sea_ice_drift_concentration\ice_conc_nh_polstere-100_amsr2_202403021200.nc","9195673","22-09-2026 19:26:52","False"
"D:\SIH\IceBerg\dataSet\SIH\DATA_Sea_ice_drift_concentration\ice_conc_nh_polstere-100_amsr2_202403031200.nc","9187626","22-09-2026 19:26:56","False"
"D:\SIH\IceBerg\dataSet\SIH\DATA_Sea_ice_drift_concentration\ice_conc_nh_polstere-100_amsr2_202403041200.nc","9189569","22-09-2026 19:27:00","False"
"D:\SIH\IceBerg\dataSet\SIH\DATA_Sea_ice_drift_concentration\ice_conc_nh_polstere-100_amsr2_202403051200.nc","9183394","22-09-2026 19:27:06","False"
"D:\SIH\IceBerg\dataSet\SIH\DATA_Sea_ice_drift_concentration\ice_conc_nh_polstere-100_amsr2_202403061200.nc","9219384","22-09-2026 19:27:10","False"
"D:\SIH\IceBerg\dataSet\SIH\DATA_Sea_ice_drift_concentration\ice_conc_nh_polstere-100_amsr2_202403071200.nc","9231795","22-09-2026 19:27:14","False"
"D:\SIH\IceBerg\dataSet\SIH\DATA_Sea_ice_drift_concentration\ice_conc_nh_polstere-100_amsr2_202403081200.nc","9257593","22-09-2026 19:27:18","False"
"D:\SIH\IceBerg\dataSet\SIH\DATA_Sea_ice_drift_concentration\ice_conc_nh_polstere-100_amsr2_202403091200.nc","9293921","22-09-2026 19:27:24","False"
"D:\SIH\IceBerg\dataSet\SIH\DATA_Sea_ice_drift_concentration\ice_conc_nh_polstere-100_amsr2_202403101200.nc","9300367","22-09-2026 19:27:30","False"
"D:\SIH\IceBerg\dataSet\SIH\DATA_Sea_ice_drift_concentration\ice_conc_nh_polstere-100_amsr2_202403111200.nc","9219471","22-09-2026 19:27:34","False"
"D:\SIH\IceBerg\dataSet\SIH\DATA_Sea_ice_drift_concentration\ice_conc_nh_polstere-100_amsr2_202403121200.nc","9244516","22-09-2026 19:27:40","False"
"D:\SIH\IceBerg\dataSet\SIH\DATA_Sea_ice_drift_concentration\ice_conc_nh_polstere-100_amsr2_202403131200.nc","9299802","22-09-2026 19:27:44","False"
"D:\SIH\IceBerg\dataSet\SIH\DATA_Sea_ice_drift_concentration\ice_conc_nh_polstere-100_amsr2_202403141200.nc","9311081","22-09-2026 19:27:48","False"
"D:\SIH\IceBerg\dataSet\SIH\DATA_Sea_ice_drift_concentration\ice_conc_nh_polstere-100_amsr2_202403151200.nc","9315265","22-09-2026 19:27:52","False"
"D:\SIH\IceBerg\dataSet\SIH\DATA_Sea_ice_drift_concentration\ice_conc_nh_polstere-100_amsr2_202403161200.nc","9239609","22-09-2026 19:27:58","False"
"D:\SIH\IceBerg\dataSet\SIH\DATA_Sea_ice_drift_concentration\ice_conc_nh_polstere-100_amsr2_202403171200.nc","9285948","22-09-2026 19:28:04","False"
"D:\SIH\IceBerg\dataSet\SIH\DATA_Sea_ice_drift_concentration\ice_conc_nh_polstere-100_amsr2_202403181200.nc","9256280","22-09-2026 19:28:10","False"
"D:\SIH\IceBerg\dataSet\SIH\DATA_Sea_ice_drift_concentration\ice_conc_nh_polstere-100_amsr2_202403191200.nc","9271822","22-09-2026 19:28:16","False"
"D:\SIH\IceBerg\dataSet\SIH\DATA_Sea_ice_drift_concentration\ice_conc_nh_polstere-100_amsr2_202403201200.nc","9248147","22-09-2026 19:28:20","False"
"D:\SIH\IceBerg\dataSet\SIH\DATA_Sea_ice_drift_concentration\ice_conc_nh_polstere-100_amsr2_202403211200.nc","9210803","22-09-2026 19:28:26","False"
"D:\SIH\IceBerg\dataSet\SIH\DATA_Sea_ice_drift_concentration\ice_conc_nh_polstere-100_amsr2_202403221200.nc","9193030","22-09-2026 19:28:32","False"
"D:\SIH\IceBerg\dataSet\SIH\DATA_Sea_ice_drift_concentration\ice_conc_nh_polstere-100_amsr2_202403231200.nc","9301223","22-09-2026 19:28:38","False"
"D:\SIH\IceBerg\dataSet\SIH\DATA_Sea_ice_drift_concentration\ice_conc_nh_polstere-100_amsr2_202403241200.nc","9268423","22-09-2026 19:28:46","False"
"D:\SIH\IceBerg\dataSet\SIH\DATA_Sea_ice_drift_concentration\ice_conc_nh_polstere-100_amsr2_202403251200.nc","9263375","22-09-2026 19:28:52","False"
"D:\SIH\IceBerg\dataSet\SIH\DATA_Sea_ice_drift_concentration\ice_conc_nh_polstere-100_amsr2_202403261200.nc","9204135","22-09-2026 19:28:58","False"
"D:\SIH\IceBerg\dataSet\SIH\DATA_Sea_ice_drift_concentration\ice_conc_nh_polstere-100_amsr2_202403271200.nc","9195143","22-09-2026 19:29:02","False"
"D:\SIH\IceBerg\dataSet\SIH\DATA_Sea_ice_drift_concentration\ice_conc_nh_polstere-100_amsr2_202403281200.nc","9247802","22-09-2026 19:29:10","False"
"D:\SIH\IceBerg\dataSet\SIH\DATA_Sea_ice_drift_concentration\ice_conc_nh_polstere-100_amsr2_202403291200.nc","9288923","22-09-2026 19:29:16","False"
"D:\SIH\IceBerg\dataSet\SIH\DATA_Sea_ice_drift_concentration\ice_conc_nh_polstere-100_amsr2_202403301200.nc","9258341","22-09-2026 19:29:20","False"
"D:\SIH\IceBerg\dataSet\SIH\DATA_Sea_ice_drift_concentration\ice_conc_nh_polstere-100_amsr2_202403311200.nc","9252429","22-09-2026 19:29:26","False"
"D:\SIH\IceBerg\dataSet\SIH\DATA_Sea_ice_drift_concentration\ice_conc_nh_polstere-100_amsr2_202404011200.nc","9227719","22-09-2026 19:44:58","False"
"D:\SIH\IceBerg\dataSet\SIH\DATA_Sea_ice_drift_concentration\ice_conc_nh_polstere-100_amsr2_202404021200.nc","9315428","22-09-2026 19:45:02","False"
"D:\SIH\IceBerg\dataSet\SIH\DATA_Sea_ice_drift_concentration\ice_conc_nh_polstere-100_amsr2_202404031200.nc","9277185","22-09-2026 19:45:04","False"
"D:\SIH\IceBerg\dataSet\SIH\DATA_Sea_ice_drift_concentration\ice_conc_nh_polstere-100_amsr2_202404041200.nc","9154704","22-09-2026 19:45:06","False"
"D:\SIH\IceBerg\dataSet\SIH\DATA_Sea_ice_drift_concentration\ice_conc_nh_polstere-100_amsr2_202404051200.nc","9207069","22-09-2026 19:45:10","False"
"D:\SIH\IceBerg\dataSet\SIH\DATA_Sea_ice_drift_concentration\ice_conc_nh_polstere-100_amsr2_202404061200.nc","9216338","22-09-2026 19:45:12","False"
"D:\SIH\IceBerg\dataSet\SIH\DATA_Sea_ice_drift_concentration\ice_conc_nh_polstere-100_amsr2_202404071200.nc","9256163","22-09-2026 19:45:14","False"
"D:\SIH\IceBerg\dataSet\SIH\DATA_Sea_ice_drift_concentration\ice_conc_nh_polstere-100_amsr2_202404081200.nc","9182933","22-09-2026 19:45:16","False"
"D:\SIH\IceBerg\dataSet\SIH\DATA_Sea_ice_drift_concentration\ice_conc_nh_polstere-100_amsr2_202404091200.nc","9234229","22-09-2026 19:45:18","False"
"D:\SIH\IceBerg\dataSet\SIH\DATA_Sea_ice_drift_concentration\ice_conc_nh_polstere-100_amsr2_202404101200.nc","9286904","22-09-2026 19:45:22","False"
"D:\SIH\IceBerg\dataSet\SIH\DATA_Sea_ice_drift_concentration\ice_conc_nh_polstere-100_amsr2_202404111200.nc","9199046","22-09-2026 19:45:24","False"
"D:\SIH\IceBerg\dataSet\SIH\DATA_Sea_ice_drift_concentration\ice_conc_nh_polstere-100_amsr2_202404121200.nc","9062823","22-09-2026 19:45:26","False"
"D:\SIH\IceBerg\dataSet\SIH\DATA_Sea_ice_drift_concentration\ice_conc_nh_polstere-100_amsr2_202404131200.nc","9113320","22-09-2026 19:45:26","False"
"D:\SIH\IceBerg\dataSet\SIH\DATA_Sea_ice_drift_concentration\ice_conc_nh_polstere-100_amsr2_202404141200.nc","9132401","22-09-2026 19:45:32","False"
"D:\SIH\IceBerg\dataSet\SIH\DATA_Sea_ice_drift_concentration\ice_conc_nh_polstere-100_amsr2_202404151200.nc","9125058","22-09-2026 19:45:34","False"
"D:\SIH\IceBerg\dataSet\SIH\DATA_Sea_ice_drift_concentration\ice_conc_nh_polstere-100_amsr2_202404161200.nc","9084430","22-09-2026 19:45:36","False"
"D:\SIH\IceBerg\dataSet\SIH\DATA_Sea_ice_drift_concentration\ice_conc_nh_polstere-100_amsr2_202404171200.nc","8530375","22-09-2026 19:45:36","False"
"D:\SIH\IceBerg\dataSet\SIH\DATA_Sea_ice_drift_concentration\ice_conc_nh_polstere-100_amsr2_202404181200.nc","9088605","22-09-2026 19:45:40","False"
"D:\SIH\IceBerg\dataSet\SIH\DATA_Sea_ice_drift_concentration\ice_conc_nh_polstere-100_amsr2_202404191200.nc","9145946","22-09-2026 19:45:44","False"
"D:\SIH\IceBerg\dataSet\SIH\DATA_Sea_ice_drift_concentration\ice_conc_nh_polstere-100_amsr2_202404201200.nc","9172576","22-09-2026 19:45:44","False"
"D:\SIH\IceBerg\dataSet\SIH\DATA_Sea_ice_drift_concentration\ice_conc_nh_polstere-100_amsr2_202404211200.nc","9172316","22-09-2026 19:45:46","False"
"D:\SIH\IceBerg\dataSet\SIH\DATA_Sea_ice_drift_concentration\ice_conc_nh_polstere-100_amsr2_202404221200.nc","9248503","22-09-2026 19:45:48","False"
"D:\SIH\IceBerg\dataSet\SIH\DATA_Sea_ice_drift_concentration\ice_conc_nh_polstere-100_amsr2_202404231200.nc","9171299","22-09-2026 19:45:50","False"
"D:\SIH\IceBerg\dataSet\SIH\DATA_Sea_ice_drift_concentration\ice_conc_nh_polstere-100_amsr2_202404241200.nc","9222931","22-09-2026 19:45:52","False"
"D:\SIH\IceBerg\dataSet\SIH\DATA_Sea_ice_drift_concentration\ice_conc_nh_polstere-100_amsr2_202404251200.nc","9211877","22-09-2026 19:45:54","False"
"D:\SIH\IceBerg\dataSet\SIH\DATA_Sea_ice_drift_concentration\ice_conc_nh_polstere-100_amsr2_202404261200.nc","9085475","22-09-2026 19:45:56","False"
"D:\SIH\IceBerg\dataSet\SIH\DATA_Sea_ice_drift_concentration\ice_conc_nh_polstere-100_amsr2_202404271200.nc","9162776","22-09-2026 19:45:58","False"
"D:\SIH\IceBerg\dataSet\SIH\DATA_Sea_ice_drift_concentration\ice_conc_nh_polstere-100_amsr2_202404281200.nc","9123148","22-09-2026 19:46:06","False"
"D:\SIH\IceBerg\dataSet\SIH\DATA_Sea_ice_drift_concentration\ice_conc_nh_polstere-100_amsr2_202404291200.nc","9207792","22-09-2026 19:46:00","False"
"D:\SIH\IceBerg\dataSet\SIH\DATA_Sea_ice_drift_concentration\ice_conc_nh_polstere-100_amsr2_202404301200.nc","9251229","22-09-2026 19:46:02","False"
"D:\SIH\IceBerg\dataSet\SIH\DATA_Sea_ice_drift_concentration\ice_conc_nh_polstere-100_amsr2_202405011200.nc","9265546","22-09-2026 19:46:14","False"
"D:\SIH\IceBerg\dataSet\SIH\DATA_Sea_ice_drift_concentration\ice_conc_nh_polstere-100_amsr2_202405021200.nc","9254107","22-09-2026 19:46:16","False"
"D:\SIH\IceBerg\dataSet\SIH\DATA_Sea_ice_drift_concentration\ice_conc_nh_polstere-100_amsr2_202405031200.nc","9303761","22-09-2026 19:46:18","False"
"D:\SIH\IceBerg\dataSet\SIH\DATA_Sea_ice_drift_concentration\ice_conc_nh_polstere-100_amsr2_202405041200.nc","9297305","22-09-2026 19:46:20","False"
"D:\SIH\IceBerg\dataSet\SIH\DATA_Sea_ice_drift_concentration\ice_conc_nh_polstere-100_amsr2_202405051200.nc","9243733","22-09-2026 19:46:22","False"
"D:\SIH\IceBerg\dataSet\SIH\DATA_Sea_ice_drift_concentration\ice_conc_nh_polstere-100_amsr2_202405061200.nc","9258075","22-09-2026 19:46:26","False"
"D:\SIH\IceBerg\dataSet\SIH\DATA_Sea_ice_drift_concentration\ice_conc_nh_polstere-100_amsr2_202405071200.nc","9281651","22-09-2026 19:46:28","False"
"D:\SIH\IceBerg\dataSet\SIH\DATA_Sea_ice_drift_concentration\ice_conc_nh_polstere-100_amsr2_202405081200.nc","9373401","22-09-2026 19:46:30","False"
"D:\SIH\IceBerg\dataSet\SIH\DATA_Sea_ice_drift_concentration\ice_conc_nh_polstere-100_amsr2_202405091200.nc","9394042","22-09-2026 19:46:34","False"
"D:\SIH\IceBerg\dataSet\SIH\DATA_Sea_ice_drift_concentration\ice_conc_nh_polstere-100_amsr2_202405101200.nc","9379958","22-09-2026 19:46:36","False"
"D:\SIH\IceBerg\dataSet\SIH\DATA_Sea_ice_drift_concentration\ice_conc_nh_polstere-100_amsr2_202405111200.nc","9334673","22-09-2026 19:46:42","False"
"D:\SIH\IceBerg\dataSet\SIH\DATA_Sea_ice_drift_concentration\ice_conc_nh_polstere-100_amsr2_202405121200.nc","9406998","22-09-2026 19:46:40","False"
"D:\SIH\IceBerg\dataSet\SIH\DATA_Sea_ice_drift_concentration\ice_conc_nh_polstere-100_amsr2_202405131200.nc","9363096","22-09-2026 19:46:42","False"
"D:\SIH\IceBerg\dataSet\SIH\DATA_Sea_ice_drift_concentration\ice_conc_nh_polstere-100_amsr2_202405141200.nc","9392793","22-09-2026 19:46:46","False"
"D:\SIH\IceBerg\dataSet\SIH\DATA_Sea_ice_drift_concentration\ice_conc_nh_polstere-100_amsr2_202405151200.nc","9402650","22-09-2026 19:46:48","False"
"D:\SIH\IceBerg\dataSet\SIH\DATA_Sea_ice_drift_concentration\ice_conc_nh_polstere-100_amsr2_202405161200.nc","9403057","22-09-2026 19:46:50","False"
"D:\SIH\IceBerg\dataSet\SIH\DATA_Sea_ice_drift_concentration\ice_conc_nh_polstere-100_amsr2_202405171200.nc","9451929","22-09-2026 19:46:52","False"
"D:\SIH\IceBerg\dataSet\SIH\DATA_Sea_ice_drift_concentration\ice_conc_nh_polstere-100_amsr2_202405181200.nc","9485777","22-09-2026 19:46:54","False"
"D:\SIH\IceBerg\dataSet\SIH\DATA_Sea_ice_drift_concentration\ice_conc_nh_polstere-100_amsr2_202405191200.nc","9443120","22-09-2026 19:46:56","False"
"D:\SIH\IceBerg\dataSet\SIH\DATA_Sea_ice_drift_concentration\ice_conc_nh_polstere-100_amsr2_202405201200.nc","9457371","22-09-2026 19:46:58","False"
"D:\SIH\IceBerg\dataSet\SIH\DATA_Sea_ice_drift_concentration\ice_conc_nh_polstere-100_amsr2_202405211200.nc","9409936","22-09-2026 19:47:00","False"
"D:\SIH\IceBerg\dataSet\SIH\DATA_Sea_ice_drift_concentration\ice_conc_nh_polstere-100_amsr2_202405221200.nc","9485856","22-09-2026 19:47:02","False"
"D:\SIH\IceBerg\dataSet\SIH\DATA_Sea_ice_drift_concentration\ice_conc_nh_polstere-100_amsr2_202405231200.nc","9492262","22-09-2026 19:47:06","False"
"D:\SIH\IceBerg\dataSet\SIH\DATA_Sea_ice_drift_concentration\ice_conc_nh_polstere-100_amsr2_202405241200.nc","9462843","22-09-2026 19:47:10","False"
"D:\SIH\IceBerg\dataSet\SIH\DATA_Sea_ice_drift_concentration\ice_conc_nh_polstere-100_amsr2_202405251200.nc","9484397","22-09-2026 19:47:12","False"
"D:\SIH\IceBerg\dataSet\SIH\DATA_Sea_ice_drift_concentration\ice_conc_nh_polstere-100_amsr2_202405261200.nc","9497843","22-09-2026 19:47:16","False"
"D:\SIH\IceBerg\dataSet\SIH\DATA_Sea_ice_drift_concentration\ice_conc_nh_polstere-100_amsr2_202405271200.nc","9438208","22-09-2026 19:47:18","False"
"D:\SIH\IceBerg\dataSet\SIH\DATA_Sea_ice_drift_concentration\ice_conc_nh_polstere-100_amsr2_202405281200.nc","9437428","22-09-2026 19:47:20","False"
"D:\SIH\IceBerg\dataSet\SIH\DATA_Sea_ice_drift_concentration\ice_conc_nh_polstere-100_amsr2_202405291200.nc","9459261","22-09-2026 19:47:22","False"
"D:\SIH\IceBerg\dataSet\SIH\DATA_Sea_ice_drift_concentration\ice_conc_nh_polstere-100_amsr2_202405301200.nc","9451076","22-09-2026 19:47:24","False"
"D:\SIH\IceBerg\dataSet\SIH\DATA_Sea_ice_drift_concentration\ice_conc_nh_polstere-100_amsr2_202405311200.nc","9433232","22-09-2026 19:47:26","False"
"D:\SIH\IceBerg\dataSet\SIH\DATA_Sea_ice_drift_concentration\ice_conc_nh_polstere-100_amsr2_202406011200 (1).nc","9421650","22-09-2026 19:48:38","False"
"D:\SIH\IceBerg\dataSet\SIH\DATA_Sea_ice_drift_concentration\ice_conc_nh_polstere-100_amsr2_202406011200.nc","9421650","22-09-2026 19:47:30","False"
"D:\SIH\IceBerg\dataSet\SIH\DATA_Sea_ice_drift_concentration\ice_conc_nh_polstere-100_amsr2_202406021200 (1).nc","9447025","22-09-2026 19:48:40","False"
"D:\SIH\IceBerg\dataSet\SIH\DATA_Sea_ice_drift_concentration\ice_conc_nh_polstere-100_amsr2_202406021200.nc","9447025","22-09-2026 19:47:30","False"
"D:\SIH\IceBerg\dataSet\SIH\DATA_Sea_ice_drift_concentration\ice_conc_nh_polstere-100_amsr2_202406031200 (1).nc","9446901","22-09-2026 19:48:42","False"
"D:\SIH\IceBerg\dataSet\SIH\DATA_Sea_ice_drift_concentration\ice_conc_nh_polstere-100_amsr2_202406031200.nc","9446901","22-09-2026 19:47:34","False"
"D:\SIH\IceBerg\dataSet\SIH\DATA_Sea_ice_drift_concentration\ice_conc_nh_polstere-100_amsr2_202406041200 (1).nc","9400466","22-09-2026 19:48:44","False"
"D:\SIH\IceBerg\dataSet\SIH\DATA_Sea_ice_drift_concentration\ice_conc_nh_polstere-100_amsr2_202406041200.nc","9400466","22-09-2026 19:47:34","False"
"D:\SIH\IceBerg\dataSet\SIH\DATA_Sea_ice_drift_concentration\ice_conc_nh_polstere-100_amsr2_202406051200 (1).nc","9447000","22-09-2026 19:48:46","False"
"D:\SIH\IceBerg\dataSet\SIH\DATA_Sea_ice_drift_concentration\ice_conc_nh_polstere-100_amsr2_202406051200.nc","9447000","22-09-2026 19:47:38","False"
"D:\SIH\IceBerg\dataSet\SIH\DATA_Sea_ice_drift_concentration\ice_conc_nh_polstere-100_amsr2_202406061200 (1).nc","9424207","22-09-2026 19:48:48","False"
"D:\SIH\IceBerg\dataSet\SIH\DATA_Sea_ice_drift_concentration\ice_conc_nh_polstere-100_amsr2_202406061200.nc","9424207","22-09-2026 19:47:40","False"
"D:\SIH\IceBerg\dataSet\SIH\DATA_Sea_ice_drift_concentration\ice_conc_nh_polstere-100_amsr2_202406071200 (1).nc","9474275","22-09-2026 19:48:50","False"
"D:\SIH\IceBerg\dataSet\SIH\DATA_Sea_ice_drift_concentration\ice_conc_nh_polstere-100_amsr2_202406071200.nc","9474275","22-09-2026 19:47:42","False"
"D:\SIH\IceBerg\dataSet\SIH\DATA_Sea_ice_drift_concentration\ice_conc_nh_polstere-100_amsr2_202406081200 (1).nc","9458299","22-09-2026 19:48:52","False"
"D:\SIH\IceBerg\dataSet\SIH\DATA_Sea_ice_drift_concentration\ice_conc_nh_polstere-100_amsr2_202406081200.nc","9458299","22-09-2026 19:47:44","False"
"D:\SIH\IceBerg\dataSet\SIH\DATA_Sea_ice_drift_concentration\ice_conc_nh_polstere-100_amsr2_202406091200 (1).nc","9493257","22-09-2026 19:48:54","False"
"D:\SIH\IceBerg\dataSet\SIH\DATA_Sea_ice_drift_concentration\ice_conc_nh_polstere-100_amsr2_202406091200.nc","9493257","22-09-2026 19:47:48","False"
"D:\SIH\IceBerg\dataSet\SIH\DATA_Sea_ice_drift_concentration\ice_conc_nh_polstere-100_amsr2_202406101200 (1).nc","9487422","22-09-2026 19:48:56","False"
"D:\SIH\IceBerg\dataSet\SIH\DATA_Sea_ice_drift_concentration\ice_conc_nh_polstere-100_amsr2_202406101200.nc","9487422","22-09-2026 19:47:50","False"
"D:\SIH\IceBerg\dataSet\SIH\DATA_Sea_ice_drift_concentration\ice_conc_nh_polstere-100_amsr2_202406111200 (1).nc","9440402","22-09-2026 19:48:58","False"
"D:\SIH\IceBerg\dataSet\SIH\DATA_Sea_ice_drift_concentration\ice_conc_nh_polstere-100_amsr2_202406111200.nc","9440402","22-09-2026 19:47:54","False"
"D:\SIH\IceBerg\dataSet\SIH\DATA_Sea_ice_drift_concentration\ice_conc_nh_polstere-100_amsr2_202406121200 (1).nc","9411404","22-09-2026 19:49:00","False"
"D:\SIH\IceBerg\dataSet\SIH\DATA_Sea_ice_drift_concentration\ice_conc_nh_polstere-100_amsr2_202406121200.nc","9411404","22-09-2026 19:47:56","False"
"D:\SIH\IceBerg\dataSet\SIH\DATA_Sea_ice_drift_concentration\ice_conc_nh_polstere-100_amsr2_202406131200 (1).nc","9269886","22-09-2026 19:49:02","False"
"D:\SIH\IceBerg\dataSet\SIH\DATA_Sea_ice_drift_concentration\ice_conc_nh_polstere-100_amsr2_202406131200.nc","9269886","22-09-2026 19:47:58","False"
"D:\SIH\IceBerg\dataSet\SIH\DATA_Sea_ice_drift_concentration\ice_conc_nh_polstere-100_amsr2_202406141200 (1).nc","9412751","22-09-2026 19:49:02","False"
"D:\SIH\IceBerg\dataSet\SIH\DATA_Sea_ice_drift_concentration\ice_conc_nh_polstere-100_amsr2_202406141200.nc","9412751","22-09-2026 19:48:00","False"
"D:\SIH\IceBerg\dataSet\SIH\DATA_Sea_ice_drift_concentration\ice_conc_nh_polstere-100_amsr2_202406151200 (1).nc","9368650","22-09-2026 19:49:04","False"
"D:\SIH\IceBerg\dataSet\SIH\DATA_Sea_ice_drift_concentration\ice_conc_nh_polstere-100_amsr2_202406151200.nc","9368650","22-09-2026 19:48:02","False"
"D:\SIH\IceBerg\dataSet\SIH\DATA_Sea_ice_drift_concentration\ice_conc_nh_polstere-100_amsr2_202406161200 (1).nc","9410373","22-09-2026 19:49:06","False"
"D:\SIH\IceBerg\dataSet\SIH\DATA_Sea_ice_drift_concentration\ice_conc_nh_polstere-100_amsr2_202406161200.nc","9410373","22-09-2026 19:48:04","False"
"D:\SIH\IceBerg\dataSet\SIH\DATA_Sea_ice_drift_concentration\ice_conc_nh_polstere-100_amsr2_202406171200 (1).nc","9437661","22-09-2026 19:49:10","False"
"D:\SIH\IceBerg\dataSet\SIH\DATA_Sea_ice_drift_concentration\ice_conc_nh_polstere-100_amsr2_202406171200.nc","9437661","22-09-2026 19:48:06","False"
"D:\SIH\IceBerg\dataSet\SIH\DATA_Sea_ice_drift_concentration\ice_conc_nh_polstere-100_amsr2_202406181200 (1).nc","9375651","22-09-2026 19:49:10","False"
"D:\SIH\IceBerg\dataSet\SIH\DATA_Sea_ice_drift_concentration\ice_conc_nh_polstere-100_amsr2_202406181200.nc","9375651","22-09-2026 19:48:08","False"
"D:\SIH\IceBerg\dataSet\SIH\DATA_Sea_ice_drift_concentration\ice_conc_nh_polstere-100_amsr2_202406191200 (1).nc","9394548","22-09-2026 19:49:12","False"
"D:\SIH\IceBerg\dataSet\SIH\DATA_Sea_ice_drift_concentration\ice_conc_nh_polstere-100_amsr2_202406191200.nc","9394548","22-09-2026 19:48:12","False"
"D:\SIH\IceBerg\dataSet\SIH\DATA_Sea_ice_drift_concentration\ice_conc_nh_polstere-100_amsr2_202406201200 (1).nc","9392279","22-09-2026 19:49:14","False"
"D:\SIH\IceBerg\dataSet\SIH\DATA_Sea_ice_drift_concentration\ice_conc_nh_polstere-100_amsr2_202406201200.nc","9392279","22-09-2026 19:48:14","False"
"D:\SIH\IceBerg\dataSet\SIH\DATA_Sea_ice_drift_concentration\ice_conc_nh_polstere-100_amsr2_202406211200 (1).nc","9418187","22-09-2026 19:49:16","False"
"D:\SIH\IceBerg\dataSet\SIH\DATA_Sea_ice_drift_concentration\ice_conc_nh_polstere-100_amsr2_202406211200.nc","9418187","22-09-2026 19:48:16","False"
"D:\SIH\IceBerg\dataSet\SIH\DATA_Sea_ice_drift_concentration\ice_conc_nh_polstere-100_amsr2_202406221200 (1).nc","9347522","22-09-2026 19:49:20","False"
"D:\SIH\IceBerg\dataSet\SIH\DATA_Sea_ice_drift_concentration\ice_conc_nh_polstere-100_amsr2_202406221200.nc","9347522","22-09-2026 19:48:24","False"
"D:\SIH\IceBerg\dataSet\SIH\DATA_Sea_ice_drift_concentration\ice_conc_nh_polstere-100_amsr2_202406231200 (1).nc","9359241","22-09-2026 19:49:22","False"
"D:\SIH\IceBerg\dataSet\SIH\DATA_Sea_ice_drift_concentration\ice_conc_nh_polstere-100_amsr2_202406231200.nc","9359241","22-09-2026 19:48:20","False"
"D:\SIH\IceBerg\dataSet\SIH\DATA_Sea_ice_drift_concentration\ice_conc_nh_polstere-100_amsr2_202406241200 (1).nc","9336303","22-09-2026 19:49:24","False"
"D:\SIH\IceBerg\dataSet\SIH\DATA_Sea_ice_drift_concentration\ice_conc_nh_polstere-100_amsr2_202406241200.nc","9336303","22-09-2026 19:48:22","False"
"D:\SIH\IceBerg\dataSet\SIH\DATA_Sea_ice_drift_concentration\ice_conc_nh_polstere-100_amsr2_202406251200 (1).nc","9356925","22-09-2026 19:49:28","False"
"D:\SIH\IceBerg\dataSet\SIH\DATA_Sea_ice_drift_concentration\ice_conc_nh_polstere-100_amsr2_202406251200.nc","9356925","22-09-2026 19:48:22","False"
"D:\SIH\IceBerg\dataSet\SIH\DATA_Sea_ice_drift_concentration\ice_conc_nh_polstere-100_amsr2_202406261200 (1).nc","9402694","22-09-2026 19:49:32","False"
"D:\SIH\IceBerg\dataSet\SIH\DATA_Sea_ice_drift_concentration\ice_conc_nh_polstere-100_amsr2_202406261200.nc","9402694","22-09-2026 19:48:26","False"
"D:\SIH\IceBerg\dataSet\SIH\DATA_Sea_ice_drift_concentration\ice_conc_nh_polstere-100_amsr2_202406271200 (1).nc","9381540","22-09-2026 19:49:34","False"
"D:\SIH\IceBerg\dataSet\SIH\DATA_Sea_ice_drift_concentration\ice_conc_nh_polstere-100_amsr2_202406271200.nc","9381540","22-09-2026 19:48:28","False"
"D:\SIH\IceBerg\dataSet\SIH\DATA_Sea_ice_drift_concentration\ice_conc_nh_polstere-100_amsr2_202406281200 (1).nc","9356739","22-09-2026 19:49:36","False"
"D:\SIH\IceBerg\dataSet\SIH\DATA_Sea_ice_drift_concentration\ice_conc_nh_polstere-100_amsr2_202406281200.nc","9356739","22-09-2026 19:48:30","False"
"D:\SIH\IceBerg\dataSet\SIH\DATA_Sea_ice_drift_concentration\ice_conc_nh_polstere-100_amsr2_202406291200 (1).nc","9312349","22-09-2026 19:49:38","False"
"D:\SIH\IceBerg\dataSet\SIH\DATA_Sea_ice_drift_concentration\ice_conc_nh_polstere-100_amsr2_202406291200.nc","9312349","22-09-2026 19:48:32","False"
"D:\SIH\IceBerg\dataSet\SIH\DATA_Sea_ice_drift_concentration\ice_conc_nh_polstere-100_amsr2_202406301200 (1).nc","9365119","22-09-2026 19:49:40","False"
"D:\SIH\IceBerg\dataSet\SIH\DATA_Sea_ice_drift_concentration\ice_conc_nh_polstere-100_amsr2_202406301200.nc","9365119","22-09-2026 19:48:40","False"
"D:\SIH\IceBerg\dataSet\SIH\DATA_Sea_ice_drift_concentration\ice_conc_nh_polstere-100_amsr2_202407011200.nc","9308775","22-09-2026 19:50:00","False"
"D:\SIH\IceBerg\dataSet\SIH\DATA_Sea_ice_drift_concentration\ice_conc_nh_polstere-100_amsr2_202407021200.nc","9335208","22-09-2026 19:50:04","False"
"D:\SIH\IceBerg\dataSet\SIH\DATA_Sea_ice_drift_concentration\ice_conc_nh_polstere-100_amsr2_202407031200.nc","9288688","22-09-2026 19:50:06","False"
"D:\SIH\IceBerg\dataSet\SIH\DATA_Sea_ice_drift_concentration\ice_conc_nh_polstere-100_amsr2_202407041200.nc","9320725","22-09-2026 19:50:10","False"
"D:\SIH\IceBerg\dataSet\SIH\DATA_Sea_ice_drift_concentration\ice_conc_nh_polstere-100_amsr2_202407051200.nc","9376460","22-09-2026 19:50:14","False"
"D:\SIH\IceBerg\dataSet\SIH\DATA_Sea_ice_drift_concentration\ice_conc_nh_polstere-100_amsr2_202407061200.nc","9331728","22-09-2026 19:50:16","False"
"D:\SIH\IceBerg\dataSet\SIH\DATA_Sea_ice_drift_concentration\ice_conc_nh_polstere-100_amsr2_202407071200.nc","9374002","22-09-2026 19:50:20","False"
"D:\SIH\IceBerg\dataSet\SIH\DATA_Sea_ice_drift_concentration\ice_conc_nh_polstere-100_amsr2_202407081200.nc","9341669","22-09-2026 19:50:22","False"
"D:\SIH\IceBerg\dataSet\SIH\DATA_Sea_ice_drift_concentration\ice_conc_nh_polstere-100_amsr2_202407091200.nc","9354521","22-09-2026 19:50:24","False"
"D:\SIH\IceBerg\dataSet\SIH\DATA_Sea_ice_drift_concentration\ice_conc_nh_polstere-100_amsr2_202407101200.nc","9337337","22-09-2026 19:50:30","False"
"D:\SIH\IceBerg\dataSet\SIH\DATA_Sea_ice_drift_concentration\ice_conc_nh_polstere-100_amsr2_202407111200.nc","9388358","22-09-2026 19:50:32","False"
"D:\SIH\IceBerg\dataSet\SIH\DATA_Sea_ice_drift_concentration\ice_conc_nh_polstere-100_amsr2_202407121200.nc","9344567","22-09-2026 19:50:40","False"
"D:\SIH\IceBerg\dataSet\SIH\DATA_Sea_ice_drift_concentration\ice_conc_nh_polstere-100_amsr2_202407131200.nc","9367120","22-09-2026 19:50:42","False"
"D:\SIH\IceBerg\dataSet\SIH\DATA_Sea_ice_drift_concentration\ice_conc_nh_polstere-100_amsr2_202407141200.nc","9332538","22-09-2026 19:50:52","False"
"D:\SIH\IceBerg\dataSet\SIH\DATA_Sea_ice_drift_concentration\ice_conc_nh_polstere-100_amsr2_202407151200.nc","9296182","22-09-2026 19:50:58","False"
"D:\SIH\IceBerg\dataSet\SIH\DATA_Sea_ice_drift_concentration\ice_conc_nh_polstere-100_amsr2_202407161200.nc","9323116","22-09-2026 19:51:02","False"
"D:\SIH\IceBerg\dataSet\SIH\DATA_Sea_ice_drift_concentration\ice_conc_nh_polstere-100_amsr2_202407171200.nc","9329520","22-09-2026 19:51:04","False"
"D:\SIH\IceBerg\dataSet\SIH\DATA_Sea_ice_drift_concentration\ice_conc_nh_polstere-100_amsr2_202407181200.nc","9324765","22-09-2026 19:51:06","False"
"D:\SIH\IceBerg\dataSet\SIH\DATA_Sea_ice_drift_concentration\ice_conc_nh_polstere-100_amsr2_202407191200.nc","9328781","22-09-2026 19:51:08","False"
"D:\SIH\IceBerg\dataSet\SIH\DATA_Sea_ice_drift_concentration\ice_conc_nh_polstere-100_amsr2_202407201200.nc","9392492","22-09-2026 19:51:12","False"
"D:\SIH\IceBerg\dataSet\SIH\DATA_Sea_ice_drift_concentration\ice_conc_nh_polstere-100_amsr2_202407211200.nc","9374204","22-09-2026 19:51:14","False"
"D:\SIH\IceBerg\dataSet\SIH\DATA_Sea_ice_drift_concentration\ice_conc_nh_polstere-100_amsr2_202407221200.nc","9384318","22-09-2026 19:51:16","False"
"D:\SIH\IceBerg\dataSet\SIH\DATA_Sea_ice_drift_concentration\ice_conc_nh_polstere-100_amsr2_202407231200.nc","9423013","22-09-2026 19:51:24","False"
"D:\SIH\IceBerg\dataSet\SIH\DATA_Sea_ice_drift_concentration\ice_conc_nh_polstere-100_amsr2_202407241200.nc","9333893","22-09-2026 19:51:26","False"
"D:\SIH\IceBerg\dataSet\SIH\DATA_Sea_ice_drift_concentration\ice_conc_nh_polstere-100_amsr2_202407251200.nc","9376459","22-09-2026 19:51:28","False"
"D:\SIH\IceBerg\dataSet\SIH\DATA_Sea_ice_drift_concentration\ice_conc_nh_polstere-100_amsr2_202407261200.nc","9374144","22-09-2026 19:51:30","False"
"D:\SIH\IceBerg\dataSet\SIH\DATA_Sea_ice_drift_concentration\ice_conc_nh_polstere-100_amsr2_202407271200.nc","9393007","22-09-2026 19:51:34","False"
"D:\SIH\IceBerg\dataSet\SIH\DATA_Sea_ice_drift_concentration\ice_conc_nh_polstere-100_amsr2_202407281200.nc","9461787","22-09-2026 19:51:36","False"
"D:\SIH\IceBerg\dataSet\SIH\DATA_Sea_ice_drift_concentration\ice_conc_nh_polstere-100_amsr2_202407291200.nc","9471112","22-09-2026 19:51:40","False"
"D:\SIH\IceBerg\dataSet\SIH\DATA_Sea_ice_drift_concentration\ice_conc_nh_polstere-100_amsr2_202407301200.nc","9417899","22-09-2026 19:51:44","False"
"D:\SIH\IceBerg\dataSet\SIH\DATA_Sea_ice_drift_concentration\ice_conc_nh_polstere-100_amsr2_202407311200.nc","9326578","22-09-2026 19:51:46","False"
"D:\SIH\IceBerg\dataSet\SIH\DATA_Sea_ice_drift_concentration\ice_conc_nh_polstere-100_amsr2_202408011200.nc","9381604","22-09-2026 19:55:36","False"
"D:\SIH\IceBerg\dataSet\SIH\DATA_Sea_ice_drift_concentration\ice_conc_nh_polstere-100_amsr2_202408021200.nc","9416347","22-09-2026 19:55:38","False"
"D:\SIH\IceBerg\dataSet\SIH\DATA_Sea_ice_drift_concentration\ice_conc_nh_polstere-100_amsr2_202408031200.nc","9423991","22-09-2026 19:55:40","False"
"D:\SIH\IceBerg\dataSet\SIH\DATA_Sea_ice_drift_concentration\ice_conc_nh_polstere-100_amsr2_202408041200.nc","9371743","22-09-2026 19:55:44","False"
"D:\SIH\IceBerg\dataSet\SIH\DATA_Sea_ice_drift_concentration\ice_conc_nh_polstere-100_amsr2_202408051200.nc","9367937","22-09-2026 19:55:48","False"
"D:\SIH\IceBerg\dataSet\SIH\DATA_Sea_ice_drift_concentration\ice_conc_nh_polstere-100_amsr2_202408061200.nc","9362169","22-09-2026 19:55:50","False"
"D:\SIH\IceBerg\dataSet\SIH\DATA_Sea_ice_drift_concentration\ice_conc_nh_polstere-100_amsr2_202408071200.nc","9400744","22-09-2026 19:55:54","False"
"D:\SIH\IceBerg\dataSet\SIH\DATA_Sea_ice_drift_concentration\ice_conc_nh_polstere-100_amsr2_202408081200.nc","9437365","22-09-2026 19:55:56","False"
"D:\SIH\IceBerg\dataSet\SIH\DATA_Sea_ice_drift_concentration\ice_conc_nh_polstere-100_amsr2_202408091200.nc","9416489","22-09-2026 19:55:56","False"
"D:\SIH\IceBerg\dataSet\SIH\DATA_Sea_ice_drift_concentration\ice_conc_nh_polstere-100_amsr2_202408101200.nc","9428386","22-09-2026 19:56:00","False"
"D:\SIH\IceBerg\dataSet\SIH\DATA_Sea_ice_drift_concentration\ice_conc_nh_polstere-100_amsr2_202408111200.nc","9357194","22-09-2026 19:56:02","False"
"D:\SIH\IceBerg\dataSet\SIH\DATA_Sea_ice_drift_concentration\ice_conc_nh_polstere-100_amsr2_202408121200.nc","9377915","22-09-2026 19:56:06","False"
"D:\SIH\IceBerg\dataSet\SIH\DATA_Sea_ice_drift_concentration\ice_conc_nh_polstere-100_amsr2_202408131200.nc","9392567","22-09-2026 19:56:08","False"
"D:\SIH\IceBerg\dataSet\SIH\DATA_Sea_ice_drift_concentration\ice_conc_nh_polstere-100_amsr2_202408141200.nc","9351221","22-09-2026 19:56:10","False"
"D:\SIH\IceBerg\dataSet\SIH\DATA_Sea_ice_drift_concentration\ice_conc_nh_polstere-100_amsr2_202408151200.nc","9423671","22-09-2026 19:56:14","False"
"D:\SIH\IceBerg\dataSet\SIH\DATA_Sea_ice_drift_concentration\ice_conc_nh_polstere-100_amsr2_202408161200.nc","9397636","22-09-2026 19:56:16","False"
"D:\SIH\IceBerg\dataSet\SIH\DATA_Sea_ice_drift_concentration\ice_conc_nh_polstere-100_amsr2_202408171200.nc","9431384","22-09-2026 19:56:18","False"
"D:\SIH\IceBerg\dataSet\SIH\DATA_Sea_ice_drift_concentration\ice_conc_nh_polstere-100_amsr2_202408181200.nc","9407799","22-09-2026 19:56:20","False"
"D:\SIH\IceBerg\dataSet\SIH\DATA_Sea_ice_drift_concentration\ice_conc_nh_polstere-100_amsr2_202408191200.nc","9337874","22-09-2026 19:56:22","False"
"D:\SIH\IceBerg\dataSet\SIH\DATA_Sea_ice_drift_concentration\ice_conc_nh_polstere-100_amsr2_202408201200.nc","9397168","22-09-2026 19:56:22","False"
"D:\SIH\IceBerg\dataSet\SIH\DATA_Sea_ice_drift_concentration\ice_conc_nh_polstere-100_amsr2_202408211200.nc","9388173","22-09-2026 19:56:24","False"
"D:\SIH\IceBerg\dataSet\SIH\DATA_Sea_ice_drift_concentration\ice_conc_nh_polstere-100_amsr2_202408221200.nc","9394079","22-09-2026 19:56:26","False"
"D:\SIH\IceBerg\dataSet\SIH\DATA_Sea_ice_drift_concentration\ice_conc_nh_polstere-100_amsr2_202408231200.nc","9376578","22-09-2026 19:56:28","False"
"D:\SIH\IceBerg\dataSet\SIH\DATA_Sea_ice_drift_concentration\ice_conc_nh_polstere-100_amsr2_202408241200.nc","9411709","22-09-2026 19:56:30","False"
"D:\SIH\IceBerg\dataSet\SIH\DATA_Sea_ice_drift_concentration\ice_conc_nh_polstere-100_amsr2_202408251200.nc","9404973","22-09-2026 19:56:34","False"
"D:\SIH\IceBerg\dataSet\SIH\DATA_Sea_ice_drift_concentration\ice_conc_nh_polstere-100_amsr2_202408261200.nc","9431410","22-09-2026 19:56:36","False"
"D:\SIH\IceBerg\dataSet\SIH\DATA_Sea_ice_drift_concentration\ice_conc_nh_polstere-100_amsr2_202408271200.nc","9380327","22-09-2026 19:56:36","False"
"D:\SIH\IceBerg\dataSet\SIH\DATA_Sea_ice_drift_concentration\ice_conc_nh_polstere-100_amsr2_202408281200.nc","9304328","22-09-2026 19:56:38","False"
"D:\SIH\IceBerg\dataSet\SIH\DATA_Sea_ice_drift_concentration\ice_conc_nh_polstere-100_amsr2_202408291200.nc","9386611","22-09-2026 19:56:40","False"
"D:\SIH\IceBerg\dataSet\SIH\DATA_Sea_ice_drift_concentration\ice_conc_nh_polstere-100_amsr2_202408301200.nc","9400721","22-09-2026 19:56:44","False"
"D:\SIH\IceBerg\dataSet\SIH\DATA_Sea_ice_drift_concentration\ice_conc_nh_polstere-100_amsr2_202408311200.nc","9337553","22-09-2026 19:56:46","False"
"D:\SIH\IceBerg\dataSet\SIH\DATA_Sea_ice_drift_concentration\ice_conc_nh_polstere-100_amsr2_202410011200.nc","9312879","22-09-2026 19:58:18","False"
"D:\SIH\IceBerg\dataSet\SIH\DATA_Sea_ice_drift_concentration\ice_conc_nh_polstere-100_amsr2_202410021200.nc","9301304","22-09-2026 19:58:20","False"
"D:\SIH\IceBerg\dataSet\SIH\DATA_Sea_ice_drift_concentration\ice_conc_nh_polstere-100_amsr2_202410031200.nc","9344223","22-09-2026 19:58:22","False"
"D:\SIH\IceBerg\dataSet\SIH\DATA_Sea_ice_drift_concentration\ice_conc_nh_polstere-100_amsr2_202410041200.nc","9381035","22-09-2026 19:58:24","False"
"D:\SIH\IceBerg\dataSet\SIH\DATA_Sea_ice_drift_concentration\ice_conc_nh_polstere-100_amsr2_202410051200.nc","9325019","22-09-2026 19:58:26","False"
"D:\SIH\IceBerg\dataSet\SIH\DATA_Sea_ice_drift_concentration\ice_conc_nh_polstere-100_amsr2_202410061200.nc","9257784","22-09-2026 19:58:30","False"
"D:\SIH\IceBerg\dataSet\SIH\DATA_Sea_ice_drift_concentration\ice_conc_nh_polstere-100_amsr2_202410071200.nc","9250042","22-09-2026 19:58:32","False"
"D:\SIH\IceBerg\dataSet\SIH\DATA_Sea_ice_drift_concentration\ice_conc_nh_polstere-100_amsr2_202410081200.nc","9301098","22-09-2026 19:58:32","False"
"D:\SIH\IceBerg\dataSet\SIH\DATA_Sea_ice_drift_concentration\ice_conc_nh_polstere-100_amsr2_202410091200.nc","9268677","22-09-2026 19:58:34","False"
"D:\SIH\IceBerg\dataSet\SIH\DATA_Sea_ice_drift_concentration\ice_conc_nh_polstere-100_amsr2_202410101200.nc","9383840","22-09-2026 19:58:36","False"
"D:\SIH\IceBerg\dataSet\SIH\DATA_Sea_ice_drift_concentration\ice_conc_nh_polstere-100_amsr2_202410111200.nc","9401576","22-09-2026 19:58:38","False"
"D:\SIH\IceBerg\dataSet\SIH\DATA_Sea_ice_drift_concentration\ice_conc_nh_polstere-100_amsr2_202410121200.nc","9183896","22-09-2026 19:58:40","False"
"D:\SIH\IceBerg\dataSet\SIH\DATA_Sea_ice_drift_concentration\ice_conc_nh_polstere-100_amsr2_202410131200.nc","9439329","22-09-2026 19:58:42","False"
"D:\SIH\IceBerg\dataSet\SIH\DATA_Sea_ice_drift_concentration\ice_conc_nh_polstere-100_amsr2_202410141200.nc","9348190","22-09-2026 19:58:46","False"
"D:\SIH\IceBerg\dataSet\SIH\DATA_Sea_ice_drift_concentration\ice_conc_nh_polstere-100_amsr2_202410151200.nc","9289790","22-09-2026 19:58:48","False"
"D:\SIH\IceBerg\dataSet\SIH\DATA_Sea_ice_drift_concentration\ice_conc_nh_polstere-100_amsr2_202410161200.nc","9295299","22-09-2026 19:58:52","False"
"D:\SIH\IceBerg\dataSet\SIH\DATA_Sea_ice_drift_concentration\ice_conc_nh_polstere-100_amsr2_202410171200.nc","9349395","22-09-2026 19:58:56","False"
"D:\SIH\IceBerg\dataSet\SIH\DATA_Sea_ice_drift_concentration\ice_conc_nh_polstere-100_amsr2_202410181200.nc","9343204","22-09-2026 19:58:58","False"
"D:\SIH\IceBerg\dataSet\SIH\DATA_Sea_ice_drift_concentration\ice_conc_nh_polstere-100_amsr2_202410191200.nc","9357304","22-09-2026 19:59:00","False"
"D:\SIH\IceBerg\dataSet\SIH\DATA_Sea_ice_drift_concentration\ice_conc_nh_polstere-100_amsr2_202410201200.nc","9322082","22-09-2026 19:59:02","False"
"D:\SIH\IceBerg\dataSet\SIH\DATA_Sea_ice_drift_concentration\ice_conc_nh_polstere-100_amsr2_202410211200.nc","9433011","22-09-2026 19:59:04","False"
"D:\SIH\IceBerg\dataSet\SIH\DATA_Sea_ice_drift_concentration\ice_conc_nh_polstere-100_amsr2_202410221200.nc","9342025","22-09-2026 19:59:06","False"
"D:\SIH\IceBerg\dataSet\SIH\DATA_Sea_ice_drift_concentration\ice_conc_nh_polstere-100_amsr2_202410231200.nc","9327338","22-09-2026 19:59:10","False"
"D:\SIH\IceBerg\dataSet\SIH\DATA_Sea_ice_drift_concentration\ice_conc_nh_polstere-100_amsr2_202410241200.nc","9351947","22-09-2026 19:59:10","False"
"D:\SIH\IceBerg\dataSet\SIH\DATA_Sea_ice_drift_concentration\ice_conc_nh_polstere-100_amsr2_202410251200.nc","9372022","22-09-2026 19:59:12","False"
"D:\SIH\IceBerg\dataSet\SIH\DATA_Sea_ice_drift_concentration\ice_conc_nh_polstere-100_amsr2_202410261200.nc","9322224","22-09-2026 19:59:14","False"
"D:\SIH\IceBerg\dataSet\SIH\DATA_Sea_ice_drift_concentration\ice_conc_nh_polstere-100_amsr2_202410271200.nc","9366186","22-09-2026 19:59:18","False"
"D:\SIH\IceBerg\dataSet\SIH\DATA_Sea_ice_drift_concentration\ice_conc_nh_polstere-100_amsr2_202410281200.nc","9381290","22-09-2026 19:59:20","False"
"D:\SIH\IceBerg\dataSet\SIH\DATA_Sea_ice_drift_concentration\ice_conc_nh_polstere-100_amsr2_202410291200.nc","9336584","22-09-2026 19:59:22","False"
"D:\SIH\IceBerg\dataSet\SIH\DATA_Sea_ice_drift_concentration\ice_conc_nh_polstere-100_amsr2_202410301200.nc","9345125","22-09-2026 19:59:24","False"
"D:\SIH\IceBerg\dataSet\SIH\DATA_Sea_ice_drift_concentration\ice_conc_nh_polstere-100_amsr2_202410311200.nc","9375196","22-09-2026 19:59:24","False"
"D:\SIH\IceBerg\dataSet\SIH\DATA_Sea_ice_drift_concentration\ice_conc_nh_polstere-100_amsr2_202411011200.nc","9369976","22-09-2026 20:01:08","False"
"D:\SIH\IceBerg\dataSet\SIH\DATA_Sea_ice_drift_concentration\ice_conc_nh_polstere-100_amsr2_202411021200.nc","9345175","22-09-2026 20:01:10","False"
"D:\SIH\IceBerg\dataSet\SIH\DATA_Sea_ice_drift_concentration\ice_conc_nh_polstere-100_amsr2_202411031200.nc","9330420","22-09-2026 20:01:14","False"
"D:\SIH\IceBerg\dataSet\SIH\DATA_Sea_ice_drift_concentration\ice_conc_nh_polstere-100_amsr2_202411041200.nc","9403903","22-09-2026 20:01:18","False"
"D:\SIH\IceBerg\dataSet\SIH\DATA_Sea_ice_drift_concentration\ice_conc_nh_polstere-100_amsr2_202411051200.nc","9355864","22-09-2026 20:01:18","False"
"D:\SIH\IceBerg\dataSet\SIH\DATA_Sea_ice_drift_concentration\ice_conc_nh_polstere-100_amsr2_202411061200.nc","9357929","22-09-2026 20:01:20","False"
"D:\SIH\IceBerg\dataSet\SIH\DATA_Sea_ice_drift_concentration\ice_conc_nh_polstere-100_amsr2_202411071200.nc","9325987","22-09-2026 20:01:22","False"
"D:\SIH\IceBerg\dataSet\SIH\DATA_Sea_ice_drift_concentration\ice_conc_nh_polstere-100_amsr2_202411081200.nc","9402845","22-09-2026 20:01:22","False"
"D:\SIH\IceBerg\dataSet\SIH\DATA_Sea_ice_drift_concentration\ice_conc_nh_polstere-100_amsr2_202411091200.nc","9326351","22-09-2026 20:01:24","False"
"D:\SIH\IceBerg\dataSet\SIH\DATA_Sea_ice_drift_concentration\ice_conc_nh_polstere-100_amsr2_202411101200.nc","9325486","22-09-2026 20:01:26","False"
"D:\SIH\IceBerg\dataSet\SIH\DATA_Sea_ice_drift_concentration\ice_conc_nh_polstere-100_amsr2_202411111200.nc","9323765","22-09-2026 20:01:30","False"
"D:\SIH\IceBerg\dataSet\SIH\DATA_Sea_ice_drift_concentration\ice_conc_nh_polstere-100_amsr2_202411121200.nc","9350095","22-09-2026 20:01:32","False"
"D:\SIH\IceBerg\dataSet\SIH\DATA_Sea_ice_drift_concentration\ice_conc_nh_polstere-100_amsr2_202411131200.nc","9365021","22-09-2026 20:01:34","False"
"D:\SIH\IceBerg\dataSet\SIH\DATA_Sea_ice_drift_concentration\ice_conc_nh_polstere-100_amsr2_202411141200.nc","9337900","22-09-2026 20:01:36","False"
"D:\SIH\IceBerg\dataSet\SIH\DATA_Sea_ice_drift_concentration\ice_conc_nh_polstere-100_amsr2_202411151200.nc","9332957","22-09-2026 20:01:38","False"
"D:\SIH\IceBerg\dataSet\SIH\DATA_Sea_ice_drift_concentration\ice_conc_nh_polstere-100_amsr2_202411161200.nc","9234710","22-09-2026 20:01:40","False"
"D:\SIH\IceBerg\dataSet\SIH\DATA_Sea_ice_drift_concentration\ice_conc_nh_polstere-100_amsr2_202411171200.nc","9274068","22-09-2026 20:01:44","False"
"D:\SIH\IceBerg\dataSet\SIH\DATA_Sea_ice_drift_concentration\ice_conc_nh_polstere-100_amsr2_202411181200.nc","9262297","22-09-2026 20:01:46","False"
"D:\SIH\IceBerg\dataSet\SIH\DATA_Sea_ice_drift_concentration\ice_conc_nh_polstere-100_amsr2_202411191200.nc","9304423","22-09-2026 20:01:48","False"
"D:\SIH\IceBerg\dataSet\SIH\DATA_Sea_ice_drift_concentration\ice_conc_nh_polstere-100_amsr2_202411201200.nc","9110359","22-09-2026 20:01:50","False"
"D:\SIH\IceBerg\dataSet\SIH\DATA_Sea_ice_drift_concentration\ice_conc_nh_polstere-100_amsr2_202411211200.nc","9026478","22-09-2026 20:01:52","False"
"D:\SIH\IceBerg\dataSet\SIH\DATA_Sea_ice_drift_concentration\ice_conc_nh_polstere-100_amsr2_202411221200.nc","9182117","22-09-2026 20:01:54","False"
"D:\SIH\IceBerg\dataSet\SIH\DATA_Sea_ice_drift_concentration\ice_conc_nh_polstere-100_amsr2_202411231200.nc","9129466","22-09-2026 20:01:56","False"
"D:\SIH\IceBerg\dataSet\SIH\DATA_Sea_ice_drift_concentration\ice_conc_nh_polstere-100_amsr2_202411241200.nc","9192931","22-09-2026 20:01:58","False"
"D:\SIH\IceBerg\dataSet\SIH\DATA_Sea_ice_drift_concentration\ice_conc_nh_polstere-100_amsr2_202411251200.nc","9215275","22-09-2026 20:01:58","False"
"D:\SIH\IceBerg\dataSet\SIH\DATA_Sea_ice_drift_concentration\ice_conc_nh_polstere-100_amsr2_202411261200.nc","9238133","22-09-2026 20:02:00","False"
"D:\SIH\IceBerg\dataSet\SIH\DATA_Sea_ice_drift_concentration\ice_conc_nh_polstere-100_amsr2_202411271200.nc","9119460","22-09-2026 20:02:02","False"
"D:\SIH\IceBerg\dataSet\SIH\DATA_Sea_ice_drift_concentration\ice_conc_nh_polstere-100_amsr2_202411281200.nc","9138196","22-09-2026 20:02:04","False"
"D:\SIH\IceBerg\dataSet\SIH\DATA_Sea_ice_drift_concentration\ice_conc_nh_polstere-100_amsr2_202411291200.nc","9128678","22-09-2026 20:02:06","False"
"D:\SIH\IceBerg\dataSet\SIH\DATA_Sea_ice_drift_concentration\ice_conc_nh_polstere-100_amsr2_202411301200.nc","9176576","22-09-2026 20:02:08","False"
"D:\SIH\IceBerg\dataSet\SIH\DATA_Sea_ice_drift_concentration\ice_conc_nh_polstere-100_amsr2_202412011200.nc","9250811","22-09-2026 20:02:24","False"
"D:\SIH\IceBerg\dataSet\SIH\DATA_Sea_ice_drift_concentration\ice_conc_nh_polstere-100_amsr2_202412021200.nc","9188762","22-09-2026 20:02:26","False"
"D:\SIH\IceBerg\dataSet\SIH\DATA_Sea_ice_drift_concentration\ice_conc_nh_polstere-100_amsr2_202412031200.nc","9170353","22-09-2026 20:02:28","False"
"D:\SIH\IceBerg\dataSet\SIH\DATA_Sea_ice_drift_concentration\ice_conc_nh_polstere-100_amsr2_202412041200.nc","9181098","22-09-2026 20:02:32","False"
"D:\SIH\IceBerg\dataSet\SIH\DATA_Sea_ice_drift_concentration\ice_conc_nh_polstere-100_amsr2_202412051200.nc","9224299","22-09-2026 20:02:34","False"
"D:\SIH\IceBerg\dataSet\SIH\DATA_Sea_ice_drift_concentration\ice_conc_nh_polstere-100_amsr2_202412061200.nc","9247168","22-09-2026 20:02:36","False"
"D:\SIH\IceBerg\dataSet\SIH\DATA_Sea_ice_drift_concentration\ice_conc_nh_polstere-100_amsr2_202412071200.nc","9239593","22-09-2026 20:02:38","False"
"D:\SIH\IceBerg\dataSet\SIH\DATA_Sea_ice_drift_concentration\ice_conc_nh_polstere-100_amsr2_202412081200.nc","9311220","22-09-2026 20:02:40","False"
"D:\SIH\IceBerg\dataSet\SIH\DATA_Sea_ice_drift_concentration\ice_conc_nh_polstere-100_amsr2_202412091200.nc","9203958","22-09-2026 20:02:42","False"
"D:\SIH\IceBerg\dataSet\SIH\DATA_Sea_ice_drift_concentration\ice_conc_nh_polstere-100_amsr2_202412101200.nc","9226644","22-09-2026 20:02:44","False"
"D:\SIH\IceBerg\dataSet\SIH\DATA_Sea_ice_drift_concentration\ice_conc_nh_polstere-100_amsr2_202412111200.nc","9157092","22-09-2026 20:02:46","False"
"D:\SIH\IceBerg\dataSet\SIH\DATA_Sea_ice_drift_concentration\ice_conc_nh_polstere-100_amsr2_202412121200.nc","9196410","22-09-2026 20:02:50","False"
"D:\SIH\IceBerg\dataSet\SIH\DATA_Sea_ice_drift_concentration\ice_conc_nh_polstere-100_amsr2_202412131200.nc","9229489","22-09-2026 20:02:52","False"
"D:\SIH\IceBerg\dataSet\SIH\DATA_Sea_ice_drift_concentration\ice_conc_nh_polstere-100_amsr2_202412141200.nc","9125013","22-09-2026 20:02:56","False"
"D:\SIH\IceBerg\dataSet\SIH\DATA_Sea_ice_drift_concentration\ice_conc_nh_polstere-100_amsr2_202412151200.nc","9252128","22-09-2026 20:02:58","False"
"D:\SIH\IceBerg\dataSet\SIH\DATA_Sea_ice_drift_concentration\ice_conc_nh_polstere-100_amsr2_202412161200.nc","9248783","22-09-2026 20:03:00","False"
"D:\SIH\IceBerg\dataSet\SIH\DATA_Sea_ice_drift_concentration\ice_conc_nh_polstere-100_amsr2_202412171200.nc","9147766","22-09-2026 20:03:02","False"
"D:\SIH\IceBerg\dataSet\SIH\DATA_Sea_ice_drift_concentration\ice_conc_nh_polstere-100_amsr2_202412181200.nc","9292293","22-09-2026 20:03:04","False"
"D:\SIH\IceBerg\dataSet\SIH\DATA_Sea_ice_drift_concentration\ice_conc_nh_polstere-100_amsr2_202412191200.nc","9269374","22-09-2026 20:03:08","False"
"D:\SIH\IceBerg\dataSet\SIH\DATA_Sea_ice_drift_concentration\ice_conc_nh_polstere-100_amsr2_202412201200.nc","9215556","22-09-2026 20:03:12","False"
"D:\SIH\IceBerg\dataSet\SIH\DATA_Sea_ice_drift_concentration\ice_conc_nh_polstere-100_amsr2_202412211200.nc","9232236","22-09-2026 20:03:16","False"
"D:\SIH\IceBerg\dataSet\SIH\DATA_Sea_ice_drift_concentration\ice_conc_nh_polstere-100_amsr2_202412221200.nc","9270842","22-09-2026 20:03:16","False"
"D:\SIH\IceBerg\dataSet\SIH\DATA_Sea_ice_drift_concentration\ice_conc_nh_polstere-100_amsr2_202412231200.nc","9326614","22-09-2026 20:03:18","False"
"D:\SIH\IceBerg\dataSet\SIH\DATA_Sea_ice_drift_concentration\ice_conc_nh_polstere-100_amsr2_202412241200.nc","9233355","22-09-2026 20:03:20","False"
"D:\SIH\IceBerg\dataSet\SIH\DATA_Sea_ice_drift_concentration\ice_conc_nh_polstere-100_amsr2_202412251200.nc","9211246","22-09-2026 20:03:22","False"
"D:\SIH\IceBerg\dataSet\SIH\DATA_Sea_ice_drift_concentration\ice_conc_nh_polstere-100_amsr2_202412261200.nc","9135767","22-09-2026 20:03:24","False"
"D:\SIH\IceBerg\dataSet\SIH\DATA_Sea_ice_drift_concentration\ice_conc_nh_polstere-100_amsr2_202412271200.nc","9066823","22-09-2026 20:03:26","False"
"D:\SIH\IceBerg\dataSet\SIH\DATA_Sea_ice_drift_concentration\ice_conc_nh_polstere-100_amsr2_202412281200.nc","9156176","22-09-2026 20:03:28","False"
"D:\SIH\IceBerg\dataSet\SIH\DATA_Sea_ice_drift_concentration\ice_conc_nh_polstere-100_amsr2_202412291200.nc","9109687","22-09-2026 20:03:30","False"
"D:\SIH\IceBerg\dataSet\SIH\DATA_Sea_ice_drift_concentration\ice_conc_nh_polstere-100_amsr2_202412301200.nc","9058583","22-09-2026 20:03:32","False"
"D:\SIH\IceBerg\dataSet\SIH\DATA_Sea_ice_drift_concentration\ice_conc_nh_polstere-100_amsr2_202412311200.nc","9129262","22-09-2026 20:03:36","False"
"D:\SIH\IceBerg\dataSet\SIH\DATA_Sea_ice_drift_concentration\ice_conc_nh_polstere-100_amsr2_202601011200.nc","9086088","22-09-2026 20:03:50","False"
"D:\SIH\IceBerg\dataSet\SIH\DATA_Sea_ice_drift_concentration\ice_conc_nh_polstere-100_amsr2_202601021200.nc","9132009","22-09-2026 20:03:52","False"
"D:\SIH\IceBerg\dataSet\SIH\DATA_Sea_ice_drift_concentration\ice_conc_nh_polstere-100_amsr2_202601031200.nc","9086212","22-09-2026 20:04:00","False"
"D:\SIH\IceBerg\dataSet\SIH\DATA_Sea_ice_drift_concentration\ice_conc_nh_polstere-100_amsr2_202601041200.nc","9251656","22-09-2026 20:04:04","False"
"D:\SIH\IceBerg\dataSet\SIH\DATA_Sea_ice_drift_concentration\ice_conc_nh_polstere-100_amsr2_202601051200.nc","9336189","22-09-2026 20:04:04","False"
"D:\SIH\IceBerg\dataSet\SIH\DATA_Sea_ice_drift_concentration\ice_conc_nh_polstere-100_amsr2_202601061200.nc","9284155","22-09-2026 20:04:06","False"
"D:\SIH\IceBerg\dataSet\SIH\DATA_Sea_ice_drift_concentration\ice_conc_nh_polstere-100_amsr2_202601071200.nc","9245755","22-09-2026 20:04:08","False"
"D:\SIH\IceBerg\dataSet\SIH\DATA_Sea_ice_drift_concentration\ice_conc_nh_polstere-100_amsr2_202601081200.nc","9285767","22-09-2026 20:04:10","False"
"D:\SIH\IceBerg\dataSet\SIH\DATA_Sea_ice_drift_concentration\ice_conc_nh_polstere-100_amsr2_202601091200.nc","9269316","22-09-2026 20:04:12","False"
"D:\SIH\IceBerg\dataSet\SIH\DATA_Sea_ice_drift_concentration\ice_conc_nh_polstere-100_amsr2_202601101200.nc","9227091","22-09-2026 20:04:16","False"
"D:\SIH\IceBerg\dataSet\SIH\DATA_Sea_ice_drift_concentration\ice_conc_nh_polstere-100_amsr2_202601111200.nc","9290202","22-09-2026 20:04:16","False"
"D:\SIH\IceBerg\dataSet\SIH\DATA_Sea_ice_drift_concentration\ice_conc_nh_polstere-100_amsr2_202601121200.nc","9315444","22-09-2026 20:04:22","False"
"D:\SIH\IceBerg\dataSet\SIH\DATA_Sea_ice_drift_concentration\ice_conc_nh_polstere-100_amsr2_202601131200.nc","9359173","22-09-2026 20:04:22","False"
"D:\SIH\IceBerg\dataSet\SIH\DATA_Sea_ice_drift_concentration\ice_conc_nh_polstere-100_amsr2_202601141200.nc","9216789","22-09-2026 20:04:22","False"
"D:\SIH\IceBerg\dataSet\SIH\DATA_Sea_ice_drift_concentration\ice_conc_nh_polstere-100_amsr2_202601151200.nc","9220279","22-09-2026 20:04:22","False"
"D:\SIH\IceBerg\dataSet\SIH\DATA_Sea_ice_drift_concentration\ice_conc_nh_polstere-100_amsr2_202601161200.nc","9215247","22-09-2026 20:04:24","False"
"D:\SIH\IceBerg\dataSet\SIH\DATA_Sea_ice_drift_concentration\ice_conc_nh_polstere-100_amsr2_202601171200.nc","9192304","22-09-2026 20:04:26","False"
"D:\SIH\IceBerg\dataSet\SIH\DATA_Sea_ice_drift_concentration\ice_conc_nh_polstere-100_amsr2_202601181200.nc","9153372","22-09-2026 20:04:28","False"
"D:\SIH\IceBerg\dataSet\SIH\DATA_Sea_ice_drift_concentration\ice_conc_nh_polstere-100_amsr2_202601191200.nc","9209494","22-09-2026 20:04:30","False"
"D:\SIH\IceBerg\dataSet\SIH\DATA_Sea_ice_drift_concentration\ice_conc_nh_polstere-100_amsr2_202601201200.nc","9162121","22-09-2026 20:04:32","False"
"D:\SIH\IceBerg\dataSet\SIH\DATA_Sea_ice_drift_concentration\ice_conc_nh_polstere-100_amsr2_202601211200.nc","9252690","22-09-2026 20:04:36","False"
"D:\SIH\IceBerg\dataSet\SIH\DATA_Sea_ice_drift_concentration\ice_conc_nh_polstere-100_amsr2_202601221200.nc","9140957","22-09-2026 20:04:38","False"
"D:\SIH\IceBerg\dataSet\SIH\DATA_Sea_ice_drift_concentration\ice_conc_nh_polstere-100_amsr2_202601231200.nc","9191331","22-09-2026 20:04:42","False"
"D:\SIH\IceBerg\dataSet\SIH\DATA_Sea_ice_drift_concentration\ice_conc_nh_polstere-100_amsr2_202601241200.nc","9227785","22-09-2026 20:04:50","False"
"D:\SIH\IceBerg\dataSet\SIH\DATA_Sea_ice_drift_concentration\ice_conc_nh_polstere-100_amsr2_202601251200.nc","9293893","22-09-2026 20:04:52","False"
"D:\SIH\IceBerg\dataSet\SIH\DATA_Sea_ice_drift_concentration\ice_conc_nh_polstere-100_amsr2_202601261200.nc","9241108","22-09-2026 20:04:54","False"
"D:\SIH\IceBerg\dataSet\SIH\DATA_Sea_ice_drift_concentration\ice_conc_nh_polstere-100_amsr2_202601271200.nc","9305297","22-09-2026 20:04:56","False"
"D:\SIH\IceBerg\dataSet\SIH\DATA_Sea_ice_drift_concentration\ice_conc_nh_polstere-100_amsr2_202601281200.nc","9315920","22-09-2026 20:04:58","False"
"D:\SIH\IceBerg\dataSet\SIH\DATA_Sea_ice_drift_concentration\ice_conc_nh_polstere-100_amsr2_202601291200.nc","9250140","22-09-2026 20:04:58","False"
"D:\SIH\IceBerg\dataSet\SIH\DATA_Sea_ice_drift_concentration\ice_conc_nh_polstere-100_amsr2_202601301200.nc","9222194","22-09-2026 20:05:00","False"
"D:\SIH\IceBerg\dataSet\SIH\DATA_Sea_ice_drift_concentration\ice_conc_nh_polstere-100_amsr2_202601311200.nc","9305726","22-09-2026 20:05:04","False"
"D:\SIH\IceBerg\dataSet\SIH\DATA_Sea_ice_drift_concentration\ice_conc_nh_polstere-100_amsr2_202602011200.nc","9340073","22-09-2026 20:05:54","False"
"D:\SIH\IceBerg\dataSet\SIH\DATA_Sea_ice_drift_concentration\ice_conc_nh_polstere-100_amsr2_202602021200.nc","9196539","22-09-2026 20:05:56","False"
"D:\SIH\IceBerg\dataSet\SIH\DATA_Sea_ice_drift_concentration\ice_conc_nh_polstere-100_amsr2_202602031200.nc","9295037","22-09-2026 20:05:58","False"
"D:\SIH\IceBerg\dataSet\SIH\DATA_Sea_ice_drift_concentration\ice_conc_nh_polstere-100_amsr2_202602041200.nc","9284162","22-09-2026 20:06:00","False"
"D:\SIH\IceBerg\dataSet\SIH\DATA_Sea_ice_drift_concentration\ice_conc_nh_polstere-100_amsr2_202602051200.nc","9243431","22-09-2026 20:06:04","False"
"D:\SIH\IceBerg\dataSet\SIH\DATA_Sea_ice_drift_concentration\ice_conc_nh_polstere-100_amsr2_202602061200.nc","9304969","22-09-2026 20:06:06","False"
"D:\SIH\IceBerg\dataSet\SIH\DATA_Sea_ice_drift_concentration\ice_conc_nh_polstere-100_amsr2_202602071200.nc","9323118","22-09-2026 20:06:10","False"
"D:\SIH\IceBerg\dataSet\SIH\DATA_Sea_ice_drift_concentration\ice_conc_nh_polstere-100_amsr2_202602081200.nc","9377132","22-09-2026 20:06:10","False"
"D:\SIH\IceBerg\dataSet\SIH\DATA_Sea_ice_drift_concentration\ice_conc_nh_polstere-100_amsr2_202602091200.nc","9345793","22-09-2026 20:06:12","False"
"D:\SIH\IceBerg\dataSet\SIH\DATA_Sea_ice_drift_concentration\ice_conc_nh_polstere-100_amsr2_202602101200.nc","9370326","22-09-2026 20:06:14","False"
"D:\SIH\IceBerg\dataSet\SIH\DATA_Sea_ice_drift_concentration\ice_conc_nh_polstere-100_amsr2_202602111200.nc","9260598","22-09-2026 20:06:16","False"
"D:\SIH\IceBerg\dataSet\SIH\DATA_Sea_ice_drift_concentration\ice_conc_nh_polstere-100_amsr2_202602121200.nc","9338430","22-09-2026 20:06:18","False"
"D:\SIH\IceBerg\dataSet\SIH\DATA_Sea_ice_drift_concentration\ice_conc_nh_polstere-100_amsr2_202602131200.nc","9323453","22-09-2026 20:06:20","False"
"D:\SIH\IceBerg\dataSet\SIH\DATA_Sea_ice_drift_concentration\ice_conc_nh_polstere-100_amsr2_202602141200.nc","9311579","22-09-2026 20:06:20","False"
"D:\SIH\IceBerg\dataSet\SIH\DATA_Sea_ice_drift_concentration\ice_conc_nh_polstere-100_amsr2_202602151200.nc","9297429","22-09-2026 20:06:22","False"
"D:\SIH\IceBerg\dataSet\SIH\DATA_Sea_ice_drift_concentration\ice_conc_nh_polstere-100_amsr2_202602161200.nc","9287647","22-09-2026 20:06:24","False"
"D:\SIH\IceBerg\dataSet\SIH\DATA_Sea_ice_drift_concentration\ice_conc_nh_polstere-100_amsr2_202602171200.nc","9263319","22-09-2026 20:06:24","False"
"D:\SIH\IceBerg\dataSet\SIH\DATA_Sea_ice_drift_concentration\ice_conc_nh_polstere-100_amsr2_202602181200.nc","9221801","22-09-2026 20:06:28","False"
"D:\SIH\IceBerg\dataSet\SIH\DATA_Sea_ice_drift_concentration\ice_conc_nh_polstere-100_amsr2_202602191200.nc","9316643","22-09-2026 20:06:30","False"
"D:\SIH\IceBerg\dataSet\SIH\DATA_Sea_ice_drift_concentration\ice_conc_nh_polstere-100_amsr2_202602201200.nc","9262617","22-09-2026 20:06:32","False"
"D:\SIH\IceBerg\dataSet\SIH\DATA_Sea_ice_drift_concentration\ice_conc_nh_polstere-100_amsr2_202602211200.nc","9187379","22-09-2026 20:06:30","False"
"D:\SIH\IceBerg\dataSet\SIH\DATA_Sea_ice_drift_concentration\ice_conc_nh_polstere-100_amsr2_202602221200.nc","9183888","22-09-2026 20:06:30","False"
"D:\SIH\IceBerg\dataSet\SIH\DATA_Sea_ice_drift_concentration\ice_conc_nh_polstere-100_amsr2_202602231200.nc","9077375","22-09-2026 20:06:38","False"
"D:\SIH\IceBerg\dataSet\SIH\DATA_Sea_ice_drift_concentration\ice_conc_nh_polstere-100_amsr2_202602241200.nc","9150806","22-09-2026 20:06:40","False"
"D:\SIH\IceBerg\dataSet\SIH\DATA_Sea_ice_drift_concentration\ice_conc_nh_polstere-100_amsr2_202602251200.nc","9171875","22-09-2026 20:06:42","False"
"D:\SIH\IceBerg\dataSet\SIH\DATA_Sea_ice_drift_concentration\ice_conc_nh_polstere-100_amsr2_202602261200.nc","9228405","22-09-2026 20:06:42","False"
"D:\SIH\IceBerg\dataSet\SIH\DATA_Sea_ice_drift_concentration\ice_conc_nh_polstere-100_amsr2_202602271200.nc","9189233","22-09-2026 20:06:42","False"
"D:\SIH\IceBerg\dataSet\SIH\DATA_Sea_ice_drift_concentration\ice_conc_nh_polstere-100_amsr2_202602281200.nc","9230281","22-09-2026 20:06:48","False"
"D:\SIH\IceBerg\dataSet\SIH\DATA_Sea_ice_drift_concentration\ice_conc_nh_polstere-100_amsr2_202603011200.nc","9315591","22-09-2026 20:06:48","False"
"D:\SIH\IceBerg\dataSet\SIH\DATA_Sea_ice_drift_concentration\ice_conc_nh_polstere-100_amsr2_202603021200.nc","9254896","22-09-2026 20:06:48","False"
"D:\SIH\IceBerg\dataSet\SIH\DATA_Sea_ice_drift_concentration\ice_conc_nh_polstere-100_amsr2_202603031200.nc","9220833","22-09-2026 20:06:48","False"
"D:\SIH\IceBerg\dataSet\SIH\DATA_Sea_ice_drift_concentration\ice_conc_nh_polstere-100_amsr2_202603041200.nc","9227670","22-09-2026 20:06:50","False"
"D:\SIH\IceBerg\dataSet\SIH\DATA_Sea_ice_drift_concentration\ice_conc_nh_polstere-100_amsr2_202603051200.nc","9276435","22-09-2026 20:06:54","False"
"D:\SIH\IceBerg\dataSet\SIH\DATA_Sea_ice_drift_concentration\ice_conc_nh_polstere-100_amsr2_202603061200.nc","9159778","22-09-2026 20:06:56","False"
"D:\SIH\IceBerg\dataSet\SIH\DATA_Sea_ice_drift_concentration\ice_conc_nh_polstere-100_amsr2_202603071200.nc","9113540","22-09-2026 20:07:00","False"
"D:\SIH\IceBerg\dataSet\SIH\DATA_Sea_ice_drift_concentration\ice_conc_nh_polstere-100_amsr2_202603081200.nc","9111690","22-09-2026 20:07:02","False"
"D:\SIH\IceBerg\dataSet\SIH\DATA_Sea_ice_drift_concentration\ice_conc_nh_polstere-100_amsr2_202603091200.nc","9106465","22-09-2026 20:07:04","False"
"D:\SIH\IceBerg\dataSet\SIH\DATA_Sea_ice_drift_concentration\ice_conc_nh_polstere-100_amsr2_202603101200.nc","9038477","22-09-2026 20:07:06","False"
"D:\SIH\IceBerg\dataSet\SIH\DATA_Sea_ice_drift_concentration\ice_conc_nh_polstere-100_amsr2_202603111200.nc","9130789","22-09-2026 20:07:08","False"
"D:\SIH\IceBerg\dataSet\SIH\DATA_Sea_ice_drift_concentration\ice_conc_nh_polstere-100_amsr2_202603121200.nc","9140243","22-09-2026 20:07:10","False"
"D:\SIH\IceBerg\dataSet\SIH\DATA_Sea_ice_drift_concentration\ice_conc_nh_polstere-100_amsr2_202603131200.nc","9080375","22-09-2026 20:07:12","False"
"D:\SIH\IceBerg\dataSet\SIH\DATA_Sea_ice_drift_concentration\ice_conc_nh_polstere-100_amsr2_202603141200.nc","9077291","22-09-2026 20:07:14","False"
"D:\SIH\IceBerg\dataSet\SIH\DATA_Sea_ice_drift_concentration\ice_conc_nh_polstere-100_amsr2_202603151200.nc","9043650","22-09-2026 20:07:18","False"
"D:\SIH\IceBerg\dataSet\SIH\DATA_Sea_ice_drift_concentration\ice_conc_nh_polstere-100_amsr2_202603161200.nc","9066227","22-09-2026 20:07:20","False"
"D:\SIH\IceBerg\dataSet\SIH\DATA_Sea_ice_drift_concentration\ice_conc_nh_polstere-100_amsr2_202603171200.nc","9081510","22-09-2026 20:07:22","False"
"D:\SIH\IceBerg\dataSet\SIH\DATA_Sea_ice_drift_concentration\ice_conc_nh_polstere-100_amsr2_202603181200.nc","9125734","22-09-2026 20:07:22","False"
"D:\SIH\IceBerg\dataSet\SIH\DATA_Sea_ice_drift_concentration\ice_conc_nh_polstere-100_amsr2_202603191200.nc","9103176","22-09-2026 20:07:24","False"
"D:\SIH\IceBerg\dataSet\SIH\DATA_Sea_ice_drift_concentration\ice_conc_nh_polstere-100_amsr2_202603201200.nc","8963366","22-09-2026 20:07:34","False"
"D:\SIH\IceBerg\dataSet\SIH\DATA_Sea_ice_drift_concentration\ice_conc_nh_polstere-100_amsr2_202603211200.nc","9024887","22-09-2026 20:07:36","False"
"D:\SIH\IceBerg\dataSet\SIH\DATA_Sea_ice_drift_concentration\ice_conc_nh_polstere-100_amsr2_202603221200.nc","9105932","22-09-2026 20:07:38","False"
"D:\SIH\IceBerg\dataSet\SIH\DATA_Sea_ice_drift_concentration\ice_conc_nh_polstere-100_amsr2_202603231200.nc","9124256","22-09-2026 20:07:40","False"
"D:\SIH\IceBerg\dataSet\SIH\DATA_Sea_ice_drift_concentration\ice_conc_nh_polstere-100_amsr2_202603241200.nc","9060107","22-09-2026 20:07:42","False"
"D:\SIH\IceBerg\dataSet\SIH\DATA_Sea_ice_drift_concentration\ice_conc_nh_polstere-100_amsr2_202603251200.nc","9156413","22-09-2026 20:07:44","False"
"D:\SIH\IceBerg\dataSet\SIH\DATA_Sea_ice_drift_concentration\ice_conc_nh_polstere-100_amsr2_202603261200.nc","9060458","22-09-2026 20:07:46","False"
"D:\SIH\IceBerg\dataSet\SIH\DATA_Sea_ice_drift_concentration\ice_conc_nh_polstere-100_amsr2_202603271200.nc","9004118","22-09-2026 20:07:48","False"
"D:\SIH\IceBerg\dataSet\SIH\DATA_Sea_ice_drift_concentration\ice_conc_nh_polstere-100_amsr2_202603281200.nc","9068788","22-09-2026 20:07:50","False"
"D:\SIH\IceBerg\dataSet\SIH\DATA_Sea_ice_drift_concentration\ice_conc_nh_polstere-100_amsr2_202603291200.nc","9007957","22-09-2026 20:07:52","False"
"D:\SIH\IceBerg\dataSet\SIH\DATA_Sea_ice_drift_concentration\ice_conc_nh_polstere-100_amsr2_202603301200.nc","8940445","22-09-2026 20:07:54","False"
"D:\SIH\IceBerg\dataSet\SIH\DATA_Sea_ice_drift_concentration\ice_conc_nh_polstere-100_amsr2_202603311200.nc","9028067","22-09-2026 20:07:56","False"
"D:\SIH\IceBerg\dataSet\SIH\DATA_Sea_ice_drift_concentration\ice_conc_nh_polstere-100_amsr2_202604011200.nc","9068167","22-09-2026 20:07:58","False"
"D:\SIH\IceBerg\dataSet\SIH\DATA_Sea_ice_drift_concentration\ice_conc_nh_polstere-100_amsr2_202604021200.nc","9091178","22-09-2026 20:08:02","False"
"D:\SIH\IceBerg\dataSet\SIH\DATA_Sea_ice_drift_concentration\ice_conc_nh_polstere-100_amsr2_202604031200.nc","9087325","22-09-2026 20:08:04","False"
"D:\SIH\IceBerg\dataSet\SIH\DATA_Sea_ice_drift_concentration\ice_conc_nh_polstere-100_amsr2_202604041200.nc","9172658","22-09-2026 20:08:06","False"
"D:\SIH\IceBerg\dataSet\SIH\DATA_Sea_ice_drift_concentration\ice_conc_nh_polstere-100_amsr2_202604051200.nc","9075115","22-09-2026 20:08:10","False"
"D:\SIH\IceBerg\dataSet\SIH\DATA_Sea_ice_drift_concentration\ice_conc_nh_polstere-100_amsr2_202604061200.nc","9163149","22-09-2026 20:08:12","False"
"D:\SIH\IceBerg\dataSet\SIH\DATA_Sea_ice_drift_concentration\ice_conc_nh_polstere-100_amsr2_202604071200.nc","9044986","22-09-2026 20:08:14","False"
"D:\SIH\IceBerg\dataSet\SIH\DATA_Sea_ice_drift_concentration\ice_conc_nh_polstere-100_amsr2_202604081200.nc","9196969","22-09-2026 20:08:16","False"
"D:\SIH\IceBerg\dataSet\SIH\DATA_Sea_ice_drift_concentration\ice_conc_nh_polstere-100_amsr2_202604091200.nc","9148136","22-09-2026 20:08:18","False"
"D:\SIH\IceBerg\dataSet\SIH\DATA_Sea_ice_drift_concentration\ice_conc_nh_polstere-100_amsr2_202604101200.nc","9085033","22-09-2026 20:08:20","False"
"D:\SIH\IceBerg\dataSet\SIH\DATA_Sea_ice_drift_concentration\ice_conc_nh_polstere-100_amsr2_202604111200.nc","9090169","22-09-2026 20:08:28","False"
"D:\SIH\IceBerg\dataSet\SIH\DATA_Sea_ice_drift_concentration\ice_conc_nh_polstere-100_amsr2_202604121200.nc","9107037","22-09-2026 20:08:30","False"
"D:\SIH\IceBerg\dataSet\SIH\DATA_Sea_ice_drift_concentration\ice_conc_nh_polstere-100_amsr2_202604131200.nc","9095179","22-09-2026 20:08:34","False"
"D:\SIH\IceBerg\dataSet\SIH\DATA_Sea_ice_drift_concentration\ice_conc_nh_polstere-100_amsr2_202604141200.nc","9012252","22-09-2026 20:08:30","False"
"D:\SIH\IceBerg\dataSet\SIH\DATA_Sea_ice_drift_concentration\ice_conc_nh_polstere-100_amsr2_202604151200.nc","9025696","22-09-2026 20:08:38","False"
"D:\SIH\IceBerg\dataSet\SIH\DATA_Sea_ice_drift_concentration\ice_conc_nh_polstere-100_amsr2_202604161200.nc","9024878","22-09-2026 20:08:40","False"
"D:\SIH\IceBerg\dataSet\SIH\DATA_Sea_ice_drift_concentration\ice_conc_nh_polstere-100_amsr2_202604171200.nc","9080449","22-09-2026 20:08:38","False"
"D:\SIH\IceBerg\dataSet\SIH\DATA_Sea_ice_drift_concentration\ice_conc_nh_polstere-100_amsr2_202604181200.nc","9162571","22-09-2026 20:08:40","False"
"D:\SIH\IceBerg\dataSet\SIH\DATA_Sea_ice_drift_concentration\ice_conc_nh_polstere-100_amsr2_202604191200.nc","9115916","22-09-2026 20:08:46","False"
"D:\SIH\IceBerg\dataSet\SIH\DATA_Sea_ice_drift_concentration\ice_conc_nh_polstere-100_amsr2_202604201200.nc","9141020","22-09-2026 20:08:50","False"
"D:\SIH\IceBerg\dataSet\SIH\DATA_Sea_ice_drift_concentration\ice_conc_nh_polstere-100_amsr2_202604211200.nc","9194635","22-09-2026 20:08:52","False"
"D:\SIH\IceBerg\dataSet\SIH\DATA_Sea_ice_drift_concentration\ice_conc_nh_polstere-100_amsr2_202604221200.nc","9147039","22-09-2026 20:08:50","False"
"D:\SIH\IceBerg\dataSet\SIH\DATA_Sea_ice_drift_concentration\ice_conc_nh_polstere-100_amsr2_202604231200.nc","9090476","22-09-2026 20:08:50","False"
"D:\SIH\IceBerg\dataSet\SIH\DATA_Sea_ice_drift_concentration\ice_conc_nh_polstere-100_amsr2_202604241200.nc","9062384","22-09-2026 20:08:52","False"
"D:\SIH\IceBerg\dataSet\SIH\DATA_Sea_ice_drift_concentration\ice_conc_nh_polstere-100_amsr2_202604251200.nc","9151508","22-09-2026 20:08:54","False"
"D:\SIH\IceBerg\dataSet\SIH\DATA_Sea_ice_drift_concentration\ice_conc_nh_polstere-100_amsr2_202604261200.nc","9199346","22-09-2026 20:08:56","False"
"D:\SIH\IceBerg\dataSet\SIH\DATA_Sea_ice_drift_concentration\ice_conc_nh_polstere-100_amsr2_202604271200.nc","9162984","22-09-2026 20:08:58","False"
"D:\SIH\IceBerg\dataSet\SIH\DATA_Sea_ice_drift_concentration\ice_conc_nh_polstere-100_amsr2_202604281200.nc","9163236","22-09-2026 20:09:00","False"
"D:\SIH\IceBerg\dataSet\SIH\DATA_Sea_ice_drift_concentration\ice_conc_nh_polstere-100_amsr2_202604291200.nc","9165027","22-09-2026 20:09:02","False"
"D:\SIH\IceBerg\dataSet\SIH\DATA_Sea_ice_drift_concentration\ice_conc_nh_polstere-100_amsr2_202604301200.nc","9101907","22-09-2026 20:09:04","False"
"D:\SIH\IceBerg\dataSet\SIH\DATA_Sea_ice_drift_concentration\ice_conc_nh_polstere-100_amsr2_202605011200.nc","9186218","22-09-2026 20:09:46","False"
"D:\SIH\IceBerg\dataSet\SIH\DATA_Sea_ice_drift_concentration\ice_conc_nh_polstere-100_amsr2_202605021200.nc","9217046","22-09-2026 20:09:48","False"
"D:\SIH\IceBerg\dataSet\SIH\DATA_Sea_ice_drift_concentration\ice_conc_nh_polstere-100_amsr2_202605031200.nc","9246977","22-09-2026 20:09:52","False"
"D:\SIH\IceBerg\dataSet\SIH\DATA_Sea_ice_drift_concentration\ice_conc_nh_polstere-100_amsr2_202605041200.nc","9289252","22-09-2026 20:09:52","False"
"D:\SIH\IceBerg\dataSet\SIH\DATA_Sea_ice_drift_concentration\ice_conc_nh_polstere-100_amsr2_202605051200.nc","9254316","22-09-2026 20:09:54","False"
"D:\SIH\IceBerg\dataSet\SIH\DATA_Sea_ice_drift_concentration\ice_conc_nh_polstere-100_amsr2_202605061200.nc","9295170","22-09-2026 20:09:58","False"
"D:\SIH\IceBerg\dataSet\SIH\DATA_Sea_ice_drift_concentration\ice_conc_nh_polstere-100_amsr2_202605071200.nc","9157029","22-09-2026 20:09:58","False"
"D:\SIH\IceBerg\dataSet\SIH\DATA_Sea_ice_drift_concentration\ice_conc_nh_polstere-100_amsr2_202605081200.nc","9304005","22-09-2026 20:10:00","False"
"D:\SIH\IceBerg\dataSet\SIH\DATA_Sea_ice_drift_concentration\ice_conc_nh_polstere-100_amsr2_202605091200.nc","9279621","22-09-2026 20:10:02","False"
"D:\SIH\IceBerg\dataSet\SIH\DATA_Sea_ice_drift_concentration\ice_conc_nh_polstere-100_amsr2_202605101200.nc","9321200","22-09-2026 20:10:06","False"
"D:\SIH\IceBerg\dataSet\SIH\DATA_Sea_ice_drift_concentration\ice_conc_nh_polstere-100_amsr2_202605111200.nc","9333978","22-09-2026 20:10:10","False"
"D:\SIH\IceBerg\dataSet\SIH\DATA_Sea_ice_drift_concentration\ice_conc_nh_polstere-100_amsr2_202605121200.nc","9312706","22-09-2026 20:10:14","False"
"D:\SIH\IceBerg\dataSet\SIH\DATA_Sea_ice_drift_concentration\ice_conc_nh_polstere-100_amsr2_202605131200.nc","9335192","22-09-2026 20:10:24","False"
"D:\SIH\IceBerg\dataSet\SIH\DATA_Sea_ice_drift_concentration\ice_conc_nh_polstere-100_amsr2_202605141200.nc","9324041","22-09-2026 20:10:20","False"
"D:\SIH\IceBerg\dataSet\SIH\DATA_Sea_ice_drift_concentration\ice_conc_nh_polstere-100_amsr2_202605151200.nc","9386634","22-09-2026 20:10:22","False"
"D:\SIH\IceBerg\dataSet\SIH\DATA_Sea_ice_drift_concentration\ice_conc_nh_polstere-100_amsr2_202605161200.nc","9326989","22-09-2026 20:10:24","False"
"D:\SIH\IceBerg\dataSet\SIH\DATA_Sea_ice_drift_concentration\ice_conc_nh_polstere-100_amsr2_202605171200.nc","9326373","22-09-2026 20:10:26","False"
"D:\SIH\IceBerg\dataSet\SIH\DATA_Sea_ice_drift_concentration\ice_conc_nh_polstere-100_amsr2_202605181200.nc","9323835","22-09-2026 20:10:26","False"
"D:\SIH\IceBerg\dataSet\SIH\DATA_Sea_ice_drift_concentration\ice_conc_nh_polstere-100_amsr2_202605191200.nc","9355518","22-09-2026 20:10:28","False"
"D:\SIH\IceBerg\dataSet\SIH\DATA_Sea_ice_drift_concentration\ice_conc_nh_polstere-100_amsr2_202605201200.nc","9350483","22-09-2026 20:10:34","False"
"D:\SIH\IceBerg\dataSet\SIH\DATA_Sea_ice_drift_concentration\ice_conc_nh_polstere-100_amsr2_202605211200.nc","9339542","22-09-2026 20:10:34","False"
"D:\SIH\IceBerg\dataSet\SIH\DATA_Sea_ice_drift_concentration\ice_conc_nh_polstere-100_amsr2_202605221200.nc","9332949","22-09-2026 20:10:36","False"
"D:\SIH\IceBerg\dataSet\SIH\DATA_Sea_ice_drift_concentration\ice_conc_nh_polstere-100_amsr2_202605231200.nc","9323197","22-09-2026 20:10:38","False"
"D:\SIH\IceBerg\dataSet\SIH\DATA_Sea_ice_drift_concentration\ice_conc_nh_polstere-100_amsr2_202605241200.nc","9397393","22-09-2026 20:10:40","False"
"D:\SIH\IceBerg\dataSet\SIH\DATA_Sea_ice_drift_concentration\ice_conc_nh_polstere-100_amsr2_202605251200.nc","9428540","22-09-2026 20:10:42","False"
"D:\SIH\IceBerg\dataSet\SIH\DATA_Sea_ice_drift_concentration\ice_conc_nh_polstere-100_amsr2_202605261200.nc","9240919","22-09-2026 20:10:44","False"
"D:\SIH\IceBerg\dataSet\SIH\DATA_Sea_ice_drift_concentration\ice_conc_nh_polstere-100_amsr2_202605271200.nc","9427727","22-09-2026 20:10:44","False"
"D:\SIH\IceBerg\dataSet\SIH\DATA_Sea_ice_drift_concentration\ice_conc_nh_polstere-100_amsr2_202605281200.nc","9426167","22-09-2026 20:10:48","False"
"D:\SIH\IceBerg\dataSet\SIH\DATA_Sea_ice_drift_concentration\ice_conc_nh_polstere-100_amsr2_202605291200.nc","9456480","22-09-2026 20:10:50","False"
"D:\SIH\IceBerg\dataSet\SIH\DATA_Sea_ice_drift_concentration\ice_conc_nh_polstere-100_amsr2_202605301200.nc","9371420","22-09-2026 20:10:52","False"
"D:\SIH\IceBerg\dataSet\SIH\DATA_Sea_ice_drift_concentration\ice_conc_nh_polstere-100_amsr2_202605311200.nc","9354509","22-09-2026 20:10:54","False"
"D:\SIH\IceBerg\dataSet\SIH\DATA_Sea_ice_drift_concentration\ice_conc_nh_polstere-100_amsr2_202606011200.nc","9349245","22-09-2026 20:11:04","False"
"D:\SIH\IceBerg\dataSet\SIH\DATA_Sea_ice_drift_concentration\ice_conc_nh_polstere-100_amsr2_202606021200.nc","9373585","22-09-2026 20:11:06","False"
"D:\SIH\IceBerg\dataSet\SIH\DATA_Sea_ice_drift_concentration\ice_conc_nh_polstere-100_amsr2_202606031200.nc","9312530","22-09-2026 20:11:08","False"
"D:\SIH\IceBerg\dataSet\SIH\DATA_Sea_ice_drift_concentration\ice_conc_nh_polstere-100_amsr2_202606041200.nc","9396012","22-09-2026 20:11:08","False"
"D:\SIH\IceBerg\dataSet\SIH\DATA_Sea_ice_drift_concentration\ice_conc_nh_polstere-100_amsr2_202606051200.nc","9416261","22-09-2026 20:11:14","False"
"D:\SIH\IceBerg\dataSet\SIH\DATA_Sea_ice_drift_concentration\ice_conc_nh_polstere-100_amsr2_202606061200.nc","9381831","22-09-2026 20:11:16","False"
"D:\SIH\IceBerg\dataSet\SIH\DATA_Sea_ice_drift_concentration\ice_conc_nh_polstere-100_amsr2_202606071200.nc","9402601","22-09-2026 20:11:18","False"
"D:\SIH\IceBerg\dataSet\SIH\DATA_Sea_ice_drift_concentration\ice_conc_nh_polstere-100_amsr2_202606081200.nc","9384015","22-09-2026 20:11:18","False"
"D:\SIH\IceBerg\dataSet\SIH\DATA_Sea_ice_drift_concentration\ice_conc_nh_polstere-100_amsr2_202606091200.nc","9446103","22-09-2026 20:11:20","False"
"D:\SIH\IceBerg\dataSet\SIH\DATA_Sea_ice_drift_concentration\ice_conc_nh_polstere-100_amsr2_202606101200.nc","9363602","22-09-2026 20:11:24","False"
"D:\SIH\IceBerg\dataSet\SIH\DATA_Sea_ice_drift_concentration\ice_conc_nh_polstere-100_amsr2_202606111200.nc","9415536","22-09-2026 20:11:28","False"
"D:\SIH\IceBerg\dataSet\SIH\DATA_Sea_ice_drift_concentration\ice_conc_nh_polstere-100_amsr2_202606121200.nc","9444906","22-09-2026 20:11:30","False"
"D:\SIH\IceBerg\dataSet\SIH\DATA_Sea_ice_drift_concentration\ice_conc_nh_polstere-100_amsr2_202606131200.nc","9450205","22-09-2026 20:11:32","False"
"D:\SIH\IceBerg\dataSet\SIH\DATA_Sea_ice_drift_concentration\ice_conc_nh_polstere-100_amsr2_202606141200.nc","9469475","22-09-2026 20:11:34","False"
"D:\SIH\IceBerg\dataSet\SIH\DATA_Sea_ice_drift_concentration\ice_conc_nh_polstere-100_amsr2_202606151200.nc","9428270","22-09-2026 20:11:36","False"
"D:\SIH\IceBerg\dataSet\SIH\DATA_Sea_ice_drift_concentration\ice_conc_nh_polstere-100_amsr2_202606161200.nc","9420708","22-09-2026 20:11:38","False"
"D:\SIH\IceBerg\dataSet\SIH\DATA_Sea_ice_drift_concentration\ice_conc_nh_polstere-100_amsr2_202606171200.nc","9411700","22-09-2026 20:11:40","False"
"D:\SIH\IceBerg\dataSet\SIH\DATA_Sea_ice_drift_concentration\ice_conc_nh_polstere-100_amsr2_202606181200.nc","9431243","22-09-2026 20:11:42","False"
"D:\SIH\IceBerg\dataSet\SIH\DATA_Sea_ice_drift_concentration\ice_conc_nh_polstere-100_amsr2_202606191200.nc","9404527","22-09-2026 20:11:42","False"
"D:\SIH\IceBerg\dataSet\SIH\DATA_Sea_ice_drift_concentration\ice_conc_nh_polstere-100_amsr2_202606201200.nc","9395729","22-09-2026 20:11:44","False"
"D:\SIH\IceBerg\dataSet\SIH\DATA_Sea_ice_drift_concentration\ice_conc_nh_polstere-100_amsr2_202606211200.nc","9386345","22-09-2026 20:11:48","False"
"D:\SIH\IceBerg\dataSet\SIH\DATA_Sea_ice_drift_concentration\ice_conc_nh_polstere-100_amsr2_202606221200.nc","9156918","22-09-2026 20:11:50","False"
"D:\SIH\IceBerg\dataSet\SIH\DATA_Sea_ice_drift_concentration\ice_conc_nh_polstere-100_amsr2_202606231200.nc","9344646","22-09-2026 20:11:52","False"
"D:\SIH\IceBerg\dataSet\SIH\DATA_Sea_ice_drift_concentration\ice_conc_nh_polstere-100_amsr2_202606241200.nc","9317976","22-09-2026 20:11:54","False"
"D:\SIH\IceBerg\dataSet\SIH\DATA_Sea_ice_drift_concentration\ice_conc_nh_polstere-100_amsr2_202606251200.nc","9422716","22-09-2026 20:11:56","False"
"D:\SIH\IceBerg\dataSet\SIH\DATA_Sea_ice_drift_concentration\ice_conc_nh_polstere-100_amsr2_202606261200.nc","9399860","22-09-2026 20:12:00","False"
"D:\SIH\IceBerg\dataSet\SIH\DATA_Sea_ice_drift_concentration\ice_conc_nh_polstere-100_amsr2_202606271200.nc","9323486","22-09-2026 20:12:02","False"
"D:\SIH\IceBerg\dataSet\SIH\DATA_Sea_ice_drift_concentration\ice_conc_nh_polstere-100_amsr2_202606281200.nc","9381361","22-09-2026 20:12:04","False"
"D:\SIH\IceBerg\dataSet\SIH\DATA_Sea_ice_drift_concentration\ice_conc_nh_polstere-100_amsr2_202606291200.nc","9445762","22-09-2026 20:12:06","False"
"D:\SIH\IceBerg\dataSet\SIH\DATA_Sea_ice_drift_concentration\ice_conc_nh_polstere-100_amsr2_202606301200.nc","9442491","22-09-2026 20:12:08","False"
"D:\SIH\IceBerg\dataSet\SIH\DATA_Sea_ice_drift_concentration\ice_conc_nh_polstere-100_amsr2_202607011200.nc","9402215","22-09-2026 20:12:22","False"
"D:\SIH\IceBerg\dataSet\SIH\DATA_Sea_ice_drift_concentration\ice_conc_nh_polstere-100_amsr2_202607021200.nc","9346866","22-09-2026 20:12:24","False"
"D:\SIH\IceBerg\dataSet\SIH\DATA_Sea_ice_drift_concentration\ice_conc_nh_polstere-100_amsr2_202607031200.nc","9337018","22-09-2026 20:12:26","False"
"D:\SIH\IceBerg\dataSet\SIH\DATA_Sea_ice_drift_concentration\ice_conc_nh_polstere-100_amsr2_202607041200.nc","9390649","22-09-2026 20:12:26","False"
"D:\SIH\IceBerg\dataSet\SIH\DATA_Sea_ice_drift_concentration\ice_conc_nh_polstere-100_amsr2_202607051200.nc","9369739","22-09-2026 20:12:28","False"
"D:\SIH\IceBerg\dataSet\SIH\DATA_Sea_ice_drift_concentration\ice_conc_nh_polstere-100_amsr2_202607061200.nc","9379349","22-09-2026 20:12:30","False"
"D:\SIH\IceBerg\dataSet\SIH\DATA_Sea_ice_drift_concentration\ice_conc_nh_polstere-100_amsr2_202607071200.nc","9333756","22-09-2026 20:12:34","False"
"D:\SIH\IceBerg\dataSet\SIH\DATA_Sea_ice_drift_concentration\ice_conc_nh_polstere-100_amsr2_202607081200.nc","9413086","22-09-2026 20:12:34","False"
"D:\SIH\IceBerg\dataSet\SIH\DATA_Sea_ice_drift_concentration\ice_conc_nh_polstere-100_amsr2_202607091200.nc","9425176","22-09-2026 20:12:36","False"
"D:\SIH\IceBerg\dataSet\SIH\DATA_Sea_ice_drift_concentration\ice_conc_nh_polstere-100_amsr2_202607101200.nc","9427875","22-09-2026 20:12:38","False"
"D:\SIH\IceBerg\dataSet\SIH\DATA_Sea_ice_drift_concentration\ice_conc_nh_polstere-100_amsr2_202607111200.nc","9431900","22-09-2026 20:12:40","False"
"D:\SIH\IceBerg\dataSet\SIH\DATA_Sea_ice_drift_concentration\ice_conc_nh_polstere-100_amsr2_202607121200.nc","9429534","22-09-2026 20:12:42","False"
"D:\SIH\IceBerg\dataSet\SIH\DATA_Sea_ice_drift_concentration\ice_conc_nh_polstere-100_amsr2_202607131200.nc","9430500","22-09-2026 20:12:44","False"
"D:\SIH\IceBerg\dataSet\SIH\DATA_Sea_ice_drift_concentration\ice_conc_nh_polstere-100_amsr2_202607141200.nc","9418302","22-09-2026 20:12:46","False"
"D:\SIH\IceBerg\dataSet\SIH\DATA_Sea_ice_drift_concentration\ice_conc_nh_polstere-100_amsr2_202607151200.nc","9380194","22-09-2026 20:12:48","False"
"D:\SIH\IceBerg\dataSet\SIH\DATA_Sea_ice_drift_concentration\ice_conc_nh_polstere-100_amsr2_202607161200.nc","9427773","22-09-2026 20:12:50","False"
"D:\SIH\IceBerg\dataSet\SIH\DATA_Sea_ice_drift_concentration\ice_conc_nh_polstere-100_amsr2_202607171200.nc","9406614","22-09-2026 20:12:52","False"
"D:\SIH\IceBerg\dataSet\SIH\DATA_Sea_ice_drift_concentration\ice_conc_nh_polstere-100_amsr2_202607181200.nc","9382222","22-09-2026 20:12:54","False"
"D:\SIH\IceBerg\dataSet\SIH\DATA_Sea_ice_drift_concentration\ice_conc_nh_polstere-100_amsr2_202607191200.nc","9398921","22-09-2026 20:12:56","False"
"D:\SIH\IceBerg\dataSet\SIH\DATA_Sea_ice_drift_concentration\ice_conc_nh_polstere-100_amsr2_202607201200.nc","9407168","22-09-2026 20:12:58","False"
"D:\SIH\IceBerg\dataSet\SIH\DATA_Sea_ice_drift_concentration\ice_conc_nh_polstere-100_amsr2_202607211200.nc","9367577","22-09-2026 20:13:04","False"
"D:\SIH\IceBerg\dataSet\SIH\DATA_Sea_ice_drift_concentration\ice_conc_nh_polstere-100_amsr2_202607221200.nc","9393380","22-09-2026 20:13:06","False"
"D:\SIH\IceBerg\dataSet\SIH\DATA_Sea_ice_drift_concentration\ice_conc_nh_polstere-100_amsr2_202607231200.nc","9387456","22-09-2026 20:13:08","False"
"D:\SIH\IceBerg\dataSet\SIH\DATA_Sea_ice_drift_concentration\ice_conc_nh_polstere-100_amsr2_202607241200.nc","9397334","22-09-2026 20:13:10","False"
"D:\SIH\IceBerg\dataSet\SIH\DATA_Sea_ice_drift_concentration\ice_conc_nh_polstere-100_amsr2_202607251200.nc","9376236","22-09-2026 20:13:14","False"
"D:\SIH\IceBerg\dataSet\SIH\DATA_Sea_ice_drift_concentration\ice_conc_nh_polstere-100_amsr2_202607261200.nc","9363142","22-09-2026 20:13:16","False"
"D:\SIH\IceBerg\dataSet\SIH\DATA_Sea_ice_drift_concentration\ice_conc_nh_polstere-100_amsr2_202607271200.nc","9380358","22-09-2026 20:13:18","False"
"D:\SIH\IceBerg\dataSet\SIH\DATA_Sea_ice_drift_concentration\ice_conc_nh_polstere-100_amsr2_202607281200.nc","9398766","22-09-2026 20:13:20","False"
"D:\SIH\IceBerg\dataSet\SIH\DATA_Sea_ice_drift_concentration\ice_conc_nh_polstere-100_amsr2_202607291200.nc","9419930","22-09-2026 20:13:22","False"
"D:\SIH\IceBerg\dataSet\SIH\DATA_Sea_ice_drift_concentration\ice_conc_nh_polstere-100_amsr2_202607301200.nc","9381831","22-09-2026 20:13:22","False"
"D:\SIH\IceBerg\dataSet\SIH\DATA_Sea_ice_drift_concentration\ice_conc_nh_polstere-100_amsr2_202607311200.nc","9396026","22-09-2026 20:13:24","False"
"D:\SIH\IceBerg\dataSet\SIH\DATA_Sea_ice_drift_concentration\ice_conc_nh_polstere-100_amsr2_202608011200.nc","9405725","22-09-2026 20:13:32","False"
"D:\SIH\IceBerg\dataSet\SIH\DATA_Sea_ice_drift_concentration\ice_conc_nh_polstere-100_amsr2_202608021200.nc","9393035","22-09-2026 20:13:34","False"
"D:\SIH\IceBerg\dataSet\SIH\DATA_Sea_ice_drift_concentration\ice_conc_nh_polstere-100_amsr2_202608031200.nc","9377679","22-09-2026 20:13:36","False"
"D:\SIH\IceBerg\dataSet\SIH\DATA_Sea_ice_drift_concentration\ice_conc_nh_polstere-100_amsr2_202608041200.nc","9376128","22-09-2026 20:13:38","False"
"D:\SIH\IceBerg\dataSet\SIH\DATA_Sea_ice_drift_concentration\ice_conc_nh_polstere-100_amsr2_202608051200.nc","9420730","22-09-2026 20:13:42","False"
"D:\SIH\IceBerg\dataSet\SIH\DATA_Sea_ice_drift_concentration\ice_conc_nh_polstere-100_amsr2_202608061200.nc","9343534","22-09-2026 20:13:44","False"
"D:\SIH\IceBerg\dataSet\SIH\DATA_Sea_ice_drift_concentration\ice_conc_nh_polstere-100_amsr2_202608071200.nc","9336851","22-09-2026 20:13:48","False"
"D:\SIH\IceBerg\dataSet\SIH\DATA_Sea_ice_drift_concentration\ice_conc_nh_polstere-100_amsr2_202608081200.nc","9343593","22-09-2026 20:13:50","False"
"D:\SIH\IceBerg\dataSet\SIH\DATA_Sea_ice_drift_concentration\ice_conc_nh_polstere-100_amsr2_202608091200.nc","9329232","22-09-2026 20:13:52","False"
"D:\SIH\IceBerg\dataSet\SIH\DATA_Sea_ice_drift_concentration\ice_conc_nh_polstere-100_amsr2_202608101200.nc","9254447","22-09-2026 20:13:54","False"
"D:\SIH\IceBerg\dataSet\SIH\DATA_Sea_ice_drift_concentration\ice_conc_nh_polstere-100_amsr2_202608111200.nc","9287646","22-09-2026 20:13:58","False"
"D:\SIH\IceBerg\dataSet\SIH\DATA_Sea_ice_drift_concentration\ice_conc_nh_polstere-100_amsr2_202608121200.nc","9376761","22-09-2026 20:14:02","False"
"D:\SIH\IceBerg\dataSet\SIH\DATA_Sea_ice_drift_concentration\ice_conc_nh_polstere-100_amsr2_202608131200.nc","9339771","22-09-2026 20:14:04","False"
"D:\SIH\IceBerg\dataSet\SIH\DATA_Sea_ice_drift_concentration\ice_conc_nh_polstere-100_amsr2_202608141200.nc","9370538","22-09-2026 20:14:06","False"
"D:\SIH\IceBerg\dataSet\SIH\DATA_Sea_ice_drift_concentration\ice_conc_nh_polstere-100_amsr2_202608151200.nc","9349651","22-09-2026 20:14:08","False"
"D:\SIH\IceBerg\dataSet\SIH\DATA_Sea_ice_drift_concentration\ice_conc_nh_polstere-100_amsr2_202608161200.nc","9322212","22-09-2026 20:14:10","False"
"D:\SIH\IceBerg\dataSet\SIH\DATA_Sea_ice_drift_concentration\ice_conc_nh_polstere-100_amsr2_202608171200.nc","9331657","22-09-2026 20:14:12","False"
"D:\SIH\IceBerg\dataSet\SIH\DATA_Sea_ice_drift_concentration\ice_conc_nh_polstere-100_amsr2_202608181200.nc","8059507","22-09-2026 20:14:12","False"
"D:\SIH\IceBerg\dataSet\SIH\DATA_Sea_ice_drift_concentration\ice_conc_nh_polstere-100_amsr2_202608201200.nc","7878552","22-09-2026 20:14:14","False"
"D:\SIH\IceBerg\dataSet\SIH\DATA_Sea_ice_drift_concentration\ice_conc_nh_polstere-100_amsr2_202608211200.nc","9428433","22-09-2026 20:14:16","False"
"D:\SIH\IceBerg\dataSet\SIH\DATA_Sea_ice_drift_concentration\ice_conc_nh_polstere-100_amsr2_202608221200.nc","9416083","22-09-2026 20:14:18","False"
"D:\SIH\IceBerg\dataSet\SIH\DATA_Sea_ice_drift_concentration\ice_conc_nh_polstere-100_amsr2_202608231200.nc","9414291","22-09-2026 20:14:20","False"
"D:\SIH\IceBerg\dataSet\SIH\DATA_Sea_ice_drift_concentration\ice_conc_nh_polstere-100_amsr2_202608241200.nc","9345535","22-09-2026 20:14:22","False"
"D:\SIH\IceBerg\dataSet\SIH\DATA_Sea_ice_drift_concentration\ice_conc_nh_polstere-100_amsr2_202608251200.nc","9363874","22-09-2026 20:14:24","False"
"D:\SIH\IceBerg\dataSet\SIH\DATA_Sea_ice_drift_concentration\ice_conc_nh_polstere-100_amsr2_202608261200.nc","9375683","22-09-2026 20:14:26","False"
"D:\SIH\IceBerg\dataSet\SIH\DATA_Sea_ice_drift_concentration\ice_conc_nh_polstere-100_amsr2_202608271200.nc","9389782","22-09-2026 20:14:28","False"
"D:\SIH\IceBerg\dataSet\SIH\DATA_Sea_ice_drift_concentration\ice_conc_nh_polstere-100_amsr2_202608281200.nc","9400506","22-09-2026 20:14:30","False"
"D:\SIH\IceBerg\dataSet\SIH\DATA_Sea_ice_drift_concentration\ice_conc_nh_polstere-100_amsr2_202608291200.nc","9314997","22-09-2026 20:14:32","False"
"D:\SIH\IceBerg\dataSet\SIH\DATA_Sea_ice_drift_concentration\ice_conc_nh_polstere-100_amsr2_202608301200.nc","9395524","22-09-2026 20:14:34","False"
"D:\SIH\IceBerg\dataSet\SIH\DATA_Sea_ice_drift_concentration\ice_conc_nh_polstere-100_amsr3_202608311200.nc","8939651","22-09-2026 20:14:36","False"
"D:\SIH\IceBerg\dataSet\SIH\DATA_Sea_ice_drift_concentration\ice_conc_sh_polstere-100_amsr2_202303231200 (1).nc","8124559","23-09-2026 00:38:08","False"
"D:\SIH\IceBerg\dataSet\SIH\DATA_Sea_ice_drift_concentration\ice_conc_sh_polstere-100_amsr2_202303231200.nc","8124559","22-09-2026 21:46:32","False"
"D:\SIH\IceBerg\dataSet\SIH\DATA_Sea_ice_drift_concentration\ice_conc_sh_polstere-100_amsr2_202303241200 (1).nc","8368084","23-09-2026 00:38:12","False"
"D:\SIH\IceBerg\dataSet\SIH\DATA_Sea_ice_drift_concentration\ice_conc_sh_polstere-100_amsr2_202303241200.nc","8368084","22-09-2026 21:46:34","False"
"D:\SIH\IceBerg\dataSet\SIH\DATA_Sea_ice_drift_concentration\ice_conc_sh_polstere-100_amsr2_202303251200 (1).nc","8380697","23-09-2026 00:38:16","False"
"D:\SIH\IceBerg\dataSet\SIH\DATA_Sea_ice_drift_concentration\ice_conc_sh_polstere-100_amsr2_202303251200.nc","8380697","22-09-2026 21:46:38","False"
"D:\SIH\IceBerg\dataSet\SIH\DATA_Sea_ice_drift_concentration\ice_conc_sh_polstere-100_amsr2_202303311200 (1).nc","8277638","23-09-2026 00:38:16","False"
"D:\SIH\IceBerg\dataSet\SIH\DATA_Sea_ice_drift_concentration\ice_conc_sh_polstere-100_amsr2_202303311200.nc","8277638","22-09-2026 21:46:40","False"
"D:\SIH\IceBerg\dataSet\SIH\DATA_Sea_ice_drift_concentration\ice_conc_sh_polstere-100_amsr2_202304011200 (1).nc","8313103","23-09-2026 00:38:16","False"
"D:\SIH\IceBerg\dataSet\SIH\DATA_Sea_ice_drift_concentration\ice_conc_sh_polstere-100_amsr2_202304011200 (2).nc","8313103","23-09-2026 00:38:24","False"
"D:\SIH\IceBerg\dataSet\SIH\DATA_Sea_ice_drift_concentration\ice_conc_sh_polstere-100_amsr2_202304011200.nc","8313103","22-09-2026 21:46:46","False"
"D:\SIH\IceBerg\dataSet\SIH\DATA_Sea_ice_drift_concentration\ice_conc_sh_polstere-100_amsr2_202304021200 (1).nc","8248074","23-09-2026 00:38:20","False"
"D:\SIH\IceBerg\dataSet\SIH\DATA_Sea_ice_drift_concentration\ice_conc_sh_polstere-100_amsr2_202304021200 (2).nc","8248074","23-09-2026 00:38:24","False"
"D:\SIH\IceBerg\dataSet\SIH\DATA_Sea_ice_drift_concentration\ice_conc_sh_polstere-100_amsr2_202304021200.nc","8248074","22-09-2026 21:46:50","False"
"D:\SIH\IceBerg\dataSet\SIH\DATA_Sea_ice_drift_concentration\ice_conc_sh_polstere-100_amsr2_202304031200 (1).nc","8291074","23-09-2026 00:38:28","False"
"D:\SIH\IceBerg\dataSet\SIH\DATA_Sea_ice_drift_concentration\ice_conc_sh_polstere-100_amsr2_202304031200 (2).nc","8291074","23-09-2026 00:38:28","False"
"D:\SIH\IceBerg\dataSet\SIH\DATA_Sea_ice_drift_concentration\ice_conc_sh_polstere-100_amsr2_202304031200.nc","8291074","22-09-2026 21:46:52","False"
"D:\SIH\IceBerg\dataSet\SIH\DATA_Sea_ice_drift_concentration\ice_conc_sh_polstere-100_amsr2_202304041200 (1).nc","8256938","23-09-2026 00:38:36","False"
"D:\SIH\IceBerg\dataSet\SIH\DATA_Sea_ice_drift_concentration\ice_conc_sh_polstere-100_amsr2_202304041200 (2).nc","8256938","23-09-2026 00:38:36","False"
"D:\SIH\IceBerg\dataSet\SIH\DATA_Sea_ice_drift_concentration\ice_conc_sh_polstere-100_amsr2_202304041200.nc","8256938","22-09-2026 21:46:54","False"
"D:\SIH\IceBerg\dataSet\SIH\DATA_Sea_ice_drift_concentration\ice_conc_sh_polstere-100_amsr2_202304051200 (1).nc","8200734","23-09-2026 00:38:22","False"
"D:\SIH\IceBerg\dataSet\SIH\DATA_Sea_ice_drift_concentration\ice_conc_sh_polstere-100_amsr2_202304051200 (2).nc","8200734","23-09-2026 00:38:36","False"
"D:\SIH\IceBerg\dataSet\SIH\DATA_Sea_ice_drift_concentration\ice_conc_sh_polstere-100_amsr2_202304051200.nc","8200734","22-09-2026 21:46:58","False"
"D:\SIH\IceBerg\dataSet\SIH\DATA_Sea_ice_drift_concentration\ice_conc_sh_polstere-100_amsr2_202304061200 (1).nc","8278082","23-09-2026 00:38:38","False"
"D:\SIH\IceBerg\dataSet\SIH\DATA_Sea_ice_drift_concentration\ice_conc_sh_polstere-100_amsr2_202304061200.nc","8278082","22-09-2026 21:47:00","False"
"D:\SIH\IceBerg\dataSet\SIH\DATA_Sea_ice_drift_concentration\ice_conc_sh_polstere-100_amsr2_202304071200 (1).nc","8292418","23-09-2026 00:38:24","False"
"D:\SIH\IceBerg\dataSet\SIH\DATA_Sea_ice_drift_concentration\ice_conc_sh_polstere-100_amsr2_202304071200 (2).nc","8292418","23-09-2026 00:38:38","False"
"D:\SIH\IceBerg\dataSet\SIH\DATA_Sea_ice_drift_concentration\ice_conc_sh_polstere-100_amsr2_202304071200.nc","8292418","22-09-2026 21:47:02","False"
"D:\SIH\IceBerg\dataSet\SIH\DATA_Sea_ice_drift_concentration\ice_conc_sh_polstere-100_amsr2_202304081200 (1).nc","8255650","23-09-2026 00:38:24","False"
"D:\SIH\IceBerg\dataSet\SIH\DATA_Sea_ice_drift_concentration\ice_conc_sh_polstere-100_amsr2_202304081200 (2).nc","8255650","23-09-2026 00:38:38","False"
"D:\SIH\IceBerg\dataSet\SIH\DATA_Sea_ice_drift_concentration\ice_conc_sh_polstere-100_amsr2_202304081200.nc","8255650","22-09-2026 21:47:06","False"
"D:\SIH\IceBerg\dataSet\SIH\DATA_Sea_ice_drift_concentration\ice_conc_sh_polstere-100_amsr2_202304091200 (1).nc","8239097","23-09-2026 00:38:26","False"
"D:\SIH\IceBerg\dataSet\SIH\DATA_Sea_ice_drift_concentration\ice_conc_sh_polstere-100_amsr2_202304091200 (2).nc","8239097","23-09-2026 00:38:38","False"
"D:\SIH\IceBerg\dataSet\SIH\DATA_Sea_ice_drift_concentration\ice_conc_sh_polstere-100_amsr2_202304091200.nc","8239097","22-09-2026 21:47:08","False"
"D:\SIH\IceBerg\dataSet\SIH\DATA_Sea_ice_drift_concentration\ice_conc_sh_polstere-100_amsr2_202304101200 (1).nc","8196756","23-09-2026 00:38:28","False"
"D:\SIH\IceBerg\dataSet\SIH\DATA_Sea_ice_drift_concentration\ice_conc_sh_polstere-100_amsr2_202304101200 (2).nc","8196756","23-09-2026 00:38:38","False"
"D:\SIH\IceBerg\dataSet\SIH\DATA_Sea_ice_drift_concentration\ice_conc_sh_polstere-100_amsr2_202304101200.nc","8196756","22-09-2026 21:47:10","False"
"D:\SIH\IceBerg\dataSet\SIH\DATA_Sea_ice_drift_concentration\ice_conc_sh_polstere-100_amsr2_202304111200 (1).nc","8286908","23-09-2026 00:38:40","False"
"D:\SIH\IceBerg\dataSet\SIH\DATA_Sea_ice_drift_concentration\ice_conc_sh_polstere-100_amsr2_202304111200.nc","8286908","22-09-2026 21:47:14","False"
"D:\SIH\IceBerg\dataSet\SIH\DATA_Sea_ice_drift_concentration\ice_conc_sh_polstere-100_amsr2_202304121200 (1).nc","8246923","23-09-2026 00:38:44","False"
"D:\SIH\IceBerg\dataSet\SIH\DATA_Sea_ice_drift_concentration\ice_conc_sh_polstere-100_amsr2_202304121200.nc","8246923","22-09-2026 21:47:16","False"
"D:\SIH\IceBerg\dataSet\SIH\DATA_Sea_ice_drift_concentration\ice_conc_sh_polstere-100_amsr2_202304131200 (1).nc","8182761","23-09-2026 00:38:46","False"
"D:\SIH\IceBerg\dataSet\SIH\DATA_Sea_ice_drift_concentration\ice_conc_sh_polstere-100_amsr2_202304131200.nc","8182761","22-09-2026 21:47:18","False"
"D:\SIH\IceBerg\dataSet\SIH\DATA_Sea_ice_drift_concentration\ice_conc_sh_polstere-100_amsr2_202304141200 (1).nc","8135595","23-09-2026 00:38:50","False"
"D:\SIH\IceBerg\dataSet\SIH\DATA_Sea_ice_drift_concentration\ice_conc_sh_polstere-100_amsr2_202304141200.nc","8135595","22-09-2026 21:47:20","False"
"D:\SIH\IceBerg\dataSet\SIH\DATA_Sea_ice_drift_concentration\ice_conc_sh_polstere-100_amsr2_202304151200 (1).nc","8201825","23-09-2026 00:38:52","False"
"D:\SIH\IceBerg\dataSet\SIH\DATA_Sea_ice_drift_concentration\ice_conc_sh_polstere-100_amsr2_202304151200.nc","8201825","22-09-2026 21:47:24","False"
"D:\SIH\IceBerg\dataSet\SIH\DATA_Sea_ice_drift_concentration\ice_conc_sh_polstere-100_amsr2_202304161200 (1).nc","8211849","23-09-2026 00:38:56","False"
"D:\SIH\IceBerg\dataSet\SIH\DATA_Sea_ice_drift_concentration\ice_conc_sh_polstere-100_amsr2_202304161200.nc","8211849","22-09-2026 21:47:26","False"
"D:\SIH\IceBerg\dataSet\SIH\DATA_Sea_ice_drift_concentration\ice_conc_sh_polstere-100_amsr2_202304171200 (1).nc","8148988","23-09-2026 00:39:00","False"
"D:\SIH\IceBerg\dataSet\SIH\DATA_Sea_ice_drift_concentration\ice_conc_sh_polstere-100_amsr2_202304171200.nc","8148988","22-09-2026 21:47:30","False"
"D:\SIH\IceBerg\dataSet\SIH\DATA_Sea_ice_drift_concentration\ice_conc_sh_polstere-100_amsr2_202304181200 (1).nc","8165848","23-09-2026 00:39:02","False"
"D:\SIH\IceBerg\dataSet\SIH\DATA_Sea_ice_drift_concentration\ice_conc_sh_polstere-100_amsr2_202304181200.nc","8165848","22-09-2026 21:47:32","False"
"D:\SIH\IceBerg\dataSet\SIH\DATA_Sea_ice_drift_concentration\ice_conc_sh_polstere-100_amsr2_202304191200 (1).nc","8185387","23-09-2026 00:39:04","False"
"D:\SIH\IceBerg\dataSet\SIH\DATA_Sea_ice_drift_concentration\ice_conc_sh_polstere-100_amsr2_202304191200.nc","8185387","22-09-2026 21:47:34","False"
"D:\SIH\IceBerg\dataSet\SIH\DATA_Sea_ice_drift_concentration\ice_conc_sh_polstere-100_amsr2_202304201200 (1).nc","8109343","23-09-2026 00:39:06","False"
"D:\SIH\IceBerg\dataSet\SIH\DATA_Sea_ice_drift_concentration\ice_conc_sh_polstere-100_amsr2_202304201200.nc","8109343","22-09-2026 21:47:36","False"
"D:\SIH\IceBerg\dataSet\SIH\DATA_Sea_ice_drift_concentration\ice_conc_sh_polstere-100_amsr2_202304211200 (1).nc","8153938","23-09-2026 00:39:08","False"
"D:\SIH\IceBerg\dataSet\SIH\DATA_Sea_ice_drift_concentration\ice_conc_sh_polstere-100_amsr2_202304211200.nc","8153938","22-09-2026 21:47:40","False"
"D:\SIH\IceBerg\dataSet\SIH\DATA_Sea_ice_drift_concentration\ice_conc_sh_polstere-100_amsr2_202304241200 (1).nc","8067497","23-09-2026 00:39:12","False"
"D:\SIH\IceBerg\dataSet\SIH\DATA_Sea_ice_drift_concentration\ice_conc_sh_polstere-100_amsr2_202304241200.nc","8067497","22-09-2026 21:47:42","False"
"D:\SIH\IceBerg\dataSet\SIH\DATA_Sea_ice_drift_concentration\ice_conc_sh_polstere-100_amsr2_202304251200 (1).nc","8180982","23-09-2026 00:39:14","False"
"D:\SIH\IceBerg\dataSet\SIH\DATA_Sea_ice_drift_concentration\ice_conc_sh_polstere-100_amsr2_202304251200.nc","8180982","22-09-2026 21:47:46","False"
"D:\SIH\IceBerg\dataSet\SIH\DATA_Sea_ice_drift_concentration\ice_conc_sh_polstere-100_amsr2_202304261200 (1).nc","8123678","23-09-2026 00:39:18","False"
"D:\SIH\IceBerg\dataSet\SIH\DATA_Sea_ice_drift_concentration\ice_conc_sh_polstere-100_amsr2_202304261200.nc","8123678","22-09-2026 21:47:48","False"
"D:\SIH\IceBerg\dataSet\SIH\DATA_Sea_ice_drift_concentration\ice_conc_sh_polstere-100_amsr2_202304271200 (1).nc","8171642","23-09-2026 00:39:20","False"
"D:\SIH\IceBerg\dataSet\SIH\DATA_Sea_ice_drift_concentration\ice_conc_sh_polstere-100_amsr2_202304271200.nc","8171642","22-09-2026 21:47:50","False"
"D:\SIH\IceBerg\dataSet\SIH\DATA_Sea_ice_drift_concentration\ice_conc_sh_polstere-100_amsr2_202304281200 (1).nc","8249835","23-09-2026 00:39:22","False"
"D:\SIH\IceBerg\dataSet\SIH\DATA_Sea_ice_drift_concentration\ice_conc_sh_polstere-100_amsr2_202304281200.nc","8249835","22-09-2026 21:47:52","False"
"D:\SIH\IceBerg\dataSet\SIH\DATA_Sea_ice_drift_concentration\ice_conc_sh_polstere-100_amsr2_202304291200 (1).nc","8249840","23-09-2026 00:39:26","False"
"D:\SIH\IceBerg\dataSet\SIH\DATA_Sea_ice_drift_concentration\ice_conc_sh_polstere-100_amsr2_202304291200.nc","8249840","22-09-2026 21:47:56","False"
"D:\SIH\IceBerg\dataSet\SIH\DATA_Sea_ice_drift_concentration\ice_conc_sh_polstere-100_amsr2_202304301200 (1).nc","8207001","23-09-2026 00:39:30","False"
"D:\SIH\IceBerg\dataSet\SIH\DATA_Sea_ice_drift_concentration\ice_conc_sh_polstere-100_amsr2_202304301200.nc","8207001","22-09-2026 21:47:58","False"
"D:\SIH\IceBerg\dataSet\SIH\DATA_Sea_ice_drift_concentration\ice_conc_sh_polstere-100_amsr2_202305011200 (1).nc","8239803","23-09-2026 00:39:34","False"
"D:\SIH\IceBerg\dataSet\SIH\DATA_Sea_ice_drift_concentration\ice_conc_sh_polstere-100_amsr2_202305011200.nc","8239803","22-09-2026 21:50:12","False"
"D:\SIH\IceBerg\dataSet\SIH\DATA_Sea_ice_drift_concentration\ice_conc_sh_polstere-100_amsr2_202305021200 (1).nc","8193632","23-09-2026 00:39:36","False"
"D:\SIH\IceBerg\dataSet\SIH\DATA_Sea_ice_drift_concentration\ice_conc_sh_polstere-100_amsr2_202305021200.nc","8193632","22-09-2026 21:50:12","False"
"D:\SIH\IceBerg\dataSet\SIH\DATA_Sea_ice_drift_concentration\ice_conc_sh_polstere-100_amsr2_202305031200 (1).nc","8201760","23-09-2026 00:39:40","False"
"D:\SIH\IceBerg\dataSet\SIH\DATA_Sea_ice_drift_concentration\ice_conc_sh_polstere-100_amsr2_202305031200.nc","8201760","22-09-2026 21:50:16","False"
"D:\SIH\IceBerg\dataSet\SIH\DATA_Sea_ice_drift_concentration\ice_conc_sh_polstere-100_amsr2_202305041200 (1).nc","8257948","23-09-2026 00:39:42","False"
"D:\SIH\IceBerg\dataSet\SIH\DATA_Sea_ice_drift_concentration\ice_conc_sh_polstere-100_amsr2_202305041200.nc","8257948","22-09-2026 21:50:18","False"
"D:\SIH\IceBerg\dataSet\SIH\DATA_Sea_ice_drift_concentration\ice_conc_sh_polstere-100_amsr2_202305051200 (1).nc","8243869","23-09-2026 00:39:46","False"
"D:\SIH\IceBerg\dataSet\SIH\DATA_Sea_ice_drift_concentration\ice_conc_sh_polstere-100_amsr2_202305051200.nc","8243869","22-09-2026 21:50:22","False"
"D:\SIH\IceBerg\dataSet\SIH\DATA_Sea_ice_drift_concentration\ice_conc_sh_polstere-100_amsr2_202305061200 (1).nc","8281419","23-09-2026 00:39:48","False"
"D:\SIH\IceBerg\dataSet\SIH\DATA_Sea_ice_drift_concentration\ice_conc_sh_polstere-100_amsr2_202305061200.nc","8281419","22-09-2026 21:50:24","False"
"D:\SIH\IceBerg\dataSet\SIH\DATA_Sea_ice_drift_concentration\ice_conc_sh_polstere-100_amsr2_202305071200 (1).nc","8278177","23-09-2026 00:39:50","False"
"D:\SIH\IceBerg\dataSet\SIH\DATA_Sea_ice_drift_concentration\ice_conc_sh_polstere-100_amsr2_202305071200.nc","8278177","22-09-2026 21:50:28","False"
"D:\SIH\IceBerg\dataSet\SIH\DATA_Sea_ice_drift_concentration\ice_conc_sh_polstere-100_amsr2_202305081200 (1).nc","8209940","23-09-2026 00:39:54","False"
"D:\SIH\IceBerg\dataSet\SIH\DATA_Sea_ice_drift_concentration\ice_conc_sh_polstere-100_amsr2_202305081200.nc","8209940","22-09-2026 21:50:30","False"
"D:\SIH\IceBerg\dataSet\SIH\DATA_Sea_ice_drift_concentration\ice_conc_sh_polstere-100_amsr2_202305091200 (1).nc","8231706","23-09-2026 00:39:56","False"
"D:\SIH\IceBerg\dataSet\SIH\DATA_Sea_ice_drift_concentration\ice_conc_sh_polstere-100_amsr2_202305091200.nc","8231706","22-09-2026 21:50:32","False"
"D:\SIH\IceBerg\dataSet\SIH\DATA_Sea_ice_drift_concentration\ice_conc_sh_polstere-100_amsr2_202305101200 (1).nc","8224455","23-09-2026 00:40:00","False"
"D:\SIH\IceBerg\dataSet\SIH\DATA_Sea_ice_drift_concentration\ice_conc_sh_polstere-100_amsr2_202305101200.nc","8224455","22-09-2026 21:50:34","False"
"D:\SIH\IceBerg\dataSet\SIH\DATA_Sea_ice_drift_concentration\ice_conc_sh_polstere-100_amsr2_202305111200 (1).nc","8275952","23-09-2026 00:40:02","False"
"D:\SIH\IceBerg\dataSet\SIH\DATA_Sea_ice_drift_concentration\ice_conc_sh_polstere-100_amsr2_202305111200.nc","8275952","22-09-2026 21:50:36","False"
"D:\SIH\IceBerg\dataSet\SIH\DATA_Sea_ice_drift_concentration\ice_conc_sh_polstere-100_amsr2_202305121200 (1).nc","8257096","23-09-2026 00:40:04","False"
"D:\SIH\IceBerg\dataSet\SIH\DATA_Sea_ice_drift_concentration\ice_conc_sh_polstere-100_amsr2_202305121200.nc","8257096","22-09-2026 21:50:38","False"
"D:\SIH\IceBerg\dataSet\SIH\DATA_Sea_ice_drift_concentration\ice_conc_sh_polstere-100_amsr2_202305131200 (1).nc","8235326","23-09-2026 00:40:08","False"
"D:\SIH\IceBerg\dataSet\SIH\DATA_Sea_ice_drift_concentration\ice_conc_sh_polstere-100_amsr2_202305131200.nc","8235326","22-09-2026 21:50:42","False"
"D:\SIH\IceBerg\dataSet\SIH\DATA_Sea_ice_drift_concentration\ice_conc_sh_polstere-100_amsr2_202305141200 (1).nc","8233626","23-09-2026 00:40:10","False"
"D:\SIH\IceBerg\dataSet\SIH\DATA_Sea_ice_drift_concentration\ice_conc_sh_polstere-100_amsr2_202305141200.nc","8233626","22-09-2026 21:50:44","False"
"D:\SIH\IceBerg\dataSet\SIH\DATA_Sea_ice_drift_concentration\ice_conc_sh_polstere-100_amsr2_202305151200 (1).nc","8178260","23-09-2026 00:40:12","False"
"D:\SIH\IceBerg\dataSet\SIH\DATA_Sea_ice_drift_concentration\ice_conc_sh_polstere-100_amsr2_202305151200.nc","8178260","22-09-2026 21:50:48","False"
"D:\SIH\IceBerg\dataSet\SIH\DATA_Sea_ice_drift_concentration\ice_conc_sh_polstere-100_amsr2_202305161200 (1).nc","8147770","23-09-2026 00:40:16","False"
"D:\SIH\IceBerg\dataSet\SIH\DATA_Sea_ice_drift_concentration\ice_conc_sh_polstere-100_amsr2_202305161200.nc","8147770","22-09-2026 21:50:50","False"
"D:\SIH\IceBerg\dataSet\SIH\DATA_Sea_ice_drift_concentration\ice_conc_sh_polstere-100_amsr2_202305171200 (1).nc","8120142","23-09-2026 00:40:18","False"
"D:\SIH\IceBerg\dataSet\SIH\DATA_Sea_ice_drift_concentration\ice_conc_sh_polstere-100_amsr2_202305171200.nc","8120142","22-09-2026 21:50:52","False"
"D:\SIH\IceBerg\dataSet\SIH\DATA_Sea_ice_drift_concentration\ice_conc_sh_polstere-100_amsr2_202305181200 (1).nc","8098293","23-09-2026 00:40:22","False"
"D:\SIH\IceBerg\dataSet\SIH\DATA_Sea_ice_drift_concentration\ice_conc_sh_polstere-100_amsr2_202305181200.nc","8098293","22-09-2026 21:50:54","False"
"D:\SIH\IceBerg\dataSet\SIH\DATA_Sea_ice_drift_concentration\ice_conc_sh_polstere-100_amsr2_202305191200 (1).nc","8130939","23-09-2026 00:40:26","False"
"D:\SIH\IceBerg\dataSet\SIH\DATA_Sea_ice_drift_concentration\ice_conc_sh_polstere-100_amsr2_202305191200.nc","8130939","22-09-2026 21:50:58","False"
"D:\SIH\IceBerg\dataSet\SIH\DATA_Sea_ice_drift_concentration\ice_conc_sh_polstere-100_amsr2_202305201200 (1).nc","8117849","23-09-2026 00:40:28","False"
"D:\SIH\IceBerg\dataSet\SIH\DATA_Sea_ice_drift_concentration\ice_conc_sh_polstere-100_amsr2_202305201200.nc","8117849","22-09-2026 21:51:00","False"
"D:\SIH\IceBerg\dataSet\SIH\DATA_Sea_ice_drift_concentration\ice_conc_sh_polstere-100_amsr2_202305211200 (1).nc","7998849","23-09-2026 00:40:30","False"
"D:\SIH\IceBerg\dataSet\SIH\DATA_Sea_ice_drift_concentration\ice_conc_sh_polstere-100_amsr2_202305211200.nc","7998849","22-09-2026 21:51:04","False"
"D:\SIH\IceBerg\dataSet\SIH\DATA_Sea_ice_drift_concentration\ice_conc_sh_polstere-100_amsr2_202305221200 (1).nc","7877813","23-09-2026 00:40:34","False"
"D:\SIH\IceBerg\dataSet\SIH\DATA_Sea_ice_drift_concentration\ice_conc_sh_polstere-100_amsr2_202305221200.nc","7877813","22-09-2026 21:51:06","False"
"D:\SIH\IceBerg\dataSet\SIH\DATA_Sea_ice_drift_concentration\ice_conc_sh_polstere-100_amsr2_202305231200 (1).nc","7876707","23-09-2026 00:40:36","False"
"D:\SIH\IceBerg\dataSet\SIH\DATA_Sea_ice_drift_concentration\ice_conc_sh_polstere-100_amsr2_202305231200.nc","7876707","22-09-2026 21:51:08","False"
"D:\SIH\IceBerg\dataSet\SIH\DATA_Sea_ice_drift_concentration\ice_conc_sh_polstere-100_amsr2_202305241200 (1).nc","8054368","23-09-2026 00:40:40","False"
"D:\SIH\IceBerg\dataSet\SIH\DATA_Sea_ice_drift_concentration\ice_conc_sh_polstere-100_amsr2_202305241200.nc","8054368","22-09-2026 21:51:10","False"
"D:\SIH\IceBerg\dataSet\SIH\DATA_Sea_ice_drift_concentration\ice_conc_sh_polstere-100_amsr2_202305251200 (1).nc","8049436","23-09-2026 00:40:42","False"
"D:\SIH\IceBerg\dataSet\SIH\DATA_Sea_ice_drift_concentration\ice_conc_sh_polstere-100_amsr2_202305251200.nc","8049436","22-09-2026 21:51:12","False"
"D:\SIH\IceBerg\dataSet\SIH\DATA_Sea_ice_drift_concentration\ice_conc_sh_polstere-100_amsr2_202305261200 (1).nc","8006631","23-09-2026 00:40:46","False"
"D:\SIH\IceBerg\dataSet\SIH\DATA_Sea_ice_drift_concentration\ice_conc_sh_polstere-100_amsr2_202305261200.nc","8006631","22-09-2026 21:51:16","False"
"D:\SIH\IceBerg\dataSet\SIH\DATA_Sea_ice_drift_concentration\ice_conc_sh_polstere-100_amsr2_202305271200 (1).nc","8112508","23-09-2026 00:40:50","False"
"D:\SIH\IceBerg\dataSet\SIH\DATA_Sea_ice_drift_concentration\ice_conc_sh_polstere-100_amsr2_202305271200.nc","8112508","22-09-2026 21:51:18","False"
"D:\SIH\IceBerg\dataSet\SIH\DATA_Sea_ice_drift_concentration\ice_conc_sh_polstere-100_amsr2_202305281200 (1).nc","8141956","23-09-2026 00:40:52","False"
"D:\SIH\IceBerg\dataSet\SIH\DATA_Sea_ice_drift_concentration\ice_conc_sh_polstere-100_amsr2_202305281200.nc","8141956","22-09-2026 21:51:20","False"
"D:\SIH\IceBerg\dataSet\SIH\DATA_Sea_ice_drift_concentration\ice_conc_sh_polstere-100_amsr2_202305291200 (1).nc","7996345","23-09-2026 00:40:56","False"
"D:\SIH\IceBerg\dataSet\SIH\DATA_Sea_ice_drift_concentration\ice_conc_sh_polstere-100_amsr2_202305291200.nc","7996345","22-09-2026 21:51:24","False"
"D:\SIH\IceBerg\dataSet\SIH\DATA_Sea_ice_drift_concentration\ice_conc_sh_polstere-100_amsr2_202305301200 (1).nc","7885487","23-09-2026 00:40:58","False"
"D:\SIH\IceBerg\dataSet\SIH\DATA_Sea_ice_drift_concentration\ice_conc_sh_polstere-100_amsr2_202305301200.nc","7885487","22-09-2026 21:51:26","False"
"D:\SIH\IceBerg\dataSet\SIH\DATA_Sea_ice_drift_concentration\ice_conc_sh_polstere-100_amsr2_202305311200 (1).nc","7883023","23-09-2026 00:41:00","False"
"D:\SIH\IceBerg\dataSet\SIH\DATA_Sea_ice_drift_concentration\ice_conc_sh_polstere-100_amsr2_202305311200.nc","7883023","22-09-2026 21:51:30","False"
"D:\SIH\IceBerg\dataSet\SIH\DATA_Sea_ice_drift_concentration\ice_conc_sh_polstere-100_amsr2_202306011200 (1).nc","7880788","23-09-2026 00:41:04","False"
"D:\SIH\IceBerg\dataSet\SIH\DATA_Sea_ice_drift_concentration\ice_conc_sh_polstere-100_amsr2_202306011200.nc","7880788","22-09-2026 21:51:34","False"
"D:\SIH\IceBerg\dataSet\SIH\DATA_Sea_ice_drift_concentration\ice_conc_sh_polstere-100_amsr2_202306021200 (1).nc","7914107","23-09-2026 00:41:06","False"
"D:\SIH\IceBerg\dataSet\SIH\DATA_Sea_ice_drift_concentration\ice_conc_sh_polstere-100_amsr2_202306021200.nc","7914107","22-09-2026 21:51:36","False"
"D:\SIH\IceBerg\dataSet\SIH\DATA_Sea_ice_drift_concentration\ice_conc_sh_polstere-100_amsr2_202306031200 (1).nc","7890774","23-09-2026 00:41:10","False"
"D:\SIH\IceBerg\dataSet\SIH\DATA_Sea_ice_drift_concentration\ice_conc_sh_polstere-100_amsr2_202306031200.nc","7890774","22-09-2026 21:51:38","False"
"D:\SIH\IceBerg\dataSet\SIH\DATA_Sea_ice_drift_concentration\ice_conc_sh_polstere-100_amsr2_202306041200 (1).nc","7858020","23-09-2026 00:41:14","False"
"D:\SIH\IceBerg\dataSet\SIH\DATA_Sea_ice_drift_concentration\ice_conc_sh_polstere-100_amsr2_202306041200.nc","7858020","22-09-2026 21:51:40","False"
"D:\SIH\IceBerg\dataSet\SIH\DATA_Sea_ice_drift_concentration\ice_conc_sh_polstere-100_amsr2_202306051200 (1).nc","7940938","23-09-2026 00:41:16","False"
"D:\SIH\IceBerg\dataSet\SIH\DATA_Sea_ice_drift_concentration\ice_conc_sh_polstere-100_amsr2_202306051200.nc","7940938","22-09-2026 21:51:44","False"
"D:\SIH\IceBerg\dataSet\SIH\DATA_Sea_ice_drift_concentration\ice_conc_sh_polstere-100_amsr2_202306061200 (1).nc","7973253","23-09-2026 00:41:18","False"
"D:\SIH\IceBerg\dataSet\SIH\DATA_Sea_ice_drift_concentration\ice_conc_sh_polstere-100_amsr2_202306061200.nc","7973253","22-09-2026 21:51:46","False"
"D:\SIH\IceBerg\dataSet\SIH\DATA_Sea_ice_drift_concentration\ice_conc_sh_polstere-100_amsr2_202306071200 (1).nc","7937872","23-09-2026 00:41:22","False"
"D:\SIH\IceBerg\dataSet\SIH\DATA_Sea_ice_drift_concentration\ice_conc_sh_polstere-100_amsr2_202306071200.nc","7937872","22-09-2026 21:51:48","False"
"D:\SIH\IceBerg\dataSet\SIH\DATA_Sea_ice_drift_concentration\ice_conc_sh_polstere-100_amsr2_202306081200 (1).nc","7943598","23-09-2026 00:41:24","False"
"D:\SIH\IceBerg\dataSet\SIH\DATA_Sea_ice_drift_concentration\ice_conc_sh_polstere-100_amsr2_202306081200.nc","7943598","22-09-2026 21:51:50","False"
"D:\SIH\IceBerg\dataSet\SIH\DATA_Sea_ice_drift_concentration\ice_conc_sh_polstere-100_amsr2_202306091200 (1).nc","7865529","23-09-2026 00:41:28","False"
"D:\SIH\IceBerg\dataSet\SIH\DATA_Sea_ice_drift_concentration\ice_conc_sh_polstere-100_amsr2_202306091200.nc","7865529","22-09-2026 21:51:54","False"
"D:\SIH\IceBerg\dataSet\SIH\DATA_Sea_ice_drift_concentration\ice_conc_sh_polstere-100_amsr2_202306101200 (1).nc","7993278","23-09-2026 00:41:30","False"
"D:\SIH\IceBerg\dataSet\SIH\DATA_Sea_ice_drift_concentration\ice_conc_sh_polstere-100_amsr2_202306101200.nc","7993278","22-09-2026 21:51:56","False"
"D:\SIH\IceBerg\dataSet\SIH\DATA_Sea_ice_drift_concentration\ice_conc_sh_polstere-100_amsr2_202306111200 (1).nc","8046743","23-09-2026 00:41:32","False"
"D:\SIH\IceBerg\dataSet\SIH\DATA_Sea_ice_drift_concentration\ice_conc_sh_polstere-100_amsr2_202306111200.nc","8046743","22-09-2026 21:51:58","False"
"D:\SIH\IceBerg\dataSet\SIH\DATA_Sea_ice_drift_concentration\ice_conc_sh_polstere-100_amsr2_202306121200 (1).nc","8000773","23-09-2026 00:41:36","False"
"D:\SIH\IceBerg\dataSet\SIH\DATA_Sea_ice_drift_concentration\ice_conc_sh_polstere-100_amsr2_202306121200.nc","8000773","22-09-2026 21:52:00","False"
"D:\SIH\IceBerg\dataSet\SIH\DATA_Sea_ice_drift_concentration\ice_conc_sh_polstere-100_amsr2_202306131200 (1).nc","7968100","23-09-2026 00:41:38","False"
"D:\SIH\IceBerg\dataSet\SIH\DATA_Sea_ice_drift_concentration\ice_conc_sh_polstere-100_amsr2_202306131200.nc","7968100","22-09-2026 21:52:04","False"
"D:\SIH\IceBerg\dataSet\SIH\DATA_Sea_ice_drift_concentration\ice_conc_sh_polstere-100_amsr2_202306141200 (1).nc","7883955","23-09-2026 00:41:42","False"
"D:\SIH\IceBerg\dataSet\SIH\DATA_Sea_ice_drift_concentration\ice_conc_sh_polstere-100_amsr2_202306141200.nc","7883955","22-09-2026 21:52:06","False"
"D:\SIH\IceBerg\dataSet\SIH\DATA_Sea_ice_drift_concentration\ice_conc_sh_polstere-100_amsr2_202306151200 (1).nc","7847414","23-09-2026 00:41:44","False"
"D:\SIH\IceBerg\dataSet\SIH\DATA_Sea_ice_drift_concentration\ice_conc_sh_polstere-100_amsr2_202306151200.nc","7847414","22-09-2026 21:52:10","False"
"D:\SIH\IceBerg\dataSet\SIH\DATA_Sea_ice_drift_concentration\ice_conc_sh_polstere-100_amsr2_202306161200 (1).nc","7972160","23-09-2026 00:41:48","False"
"D:\SIH\IceBerg\dataSet\SIH\DATA_Sea_ice_drift_concentration\ice_conc_sh_polstere-100_amsr2_202306161200.nc","7972160","22-09-2026 21:52:12","False"
"D:\SIH\IceBerg\dataSet\SIH\DATA_Sea_ice_drift_concentration\ice_conc_sh_polstere-100_amsr2_202306171200 (1).nc","8066362","23-09-2026 00:41:50","False"
"D:\SIH\IceBerg\dataSet\SIH\DATA_Sea_ice_drift_concentration\ice_conc_sh_polstere-100_amsr2_202306171200.nc","8066362","22-09-2026 21:52:16","False"
"D:\SIH\IceBerg\dataSet\SIH\DATA_Sea_ice_drift_concentration\ice_conc_sh_polstere-100_amsr2_202306181200 (1).nc","7991226","23-09-2026 00:41:54","False"
"D:\SIH\IceBerg\dataSet\SIH\DATA_Sea_ice_drift_concentration\ice_conc_sh_polstere-100_amsr2_202306181200.nc","7991226","22-09-2026 21:52:18","False"
"D:\SIH\IceBerg\dataSet\SIH\DATA_Sea_ice_drift_concentration\ice_conc_sh_polstere-100_amsr2_202306191200 (1).nc","7987247","23-09-2026 00:41:56","False"
"D:\SIH\IceBerg\dataSet\SIH\DATA_Sea_ice_drift_concentration\ice_conc_sh_polstere-100_amsr2_202306191200.nc","7987247","22-09-2026 21:52:22","False"
"D:\SIH\IceBerg\dataSet\SIH\DATA_Sea_ice_drift_concentration\ice_conc_sh_polstere-100_amsr2_202306201200 (1).nc","8057631","23-09-2026 00:41:58","False"
"D:\SIH\IceBerg\dataSet\SIH\DATA_Sea_ice_drift_concentration\ice_conc_sh_polstere-100_amsr2_202306201200.nc","8057631","22-09-2026 21:52:24","False"
"D:\SIH\IceBerg\dataSet\SIH\DATA_Sea_ice_drift_concentration\ice_conc_sh_polstere-100_amsr2_202306211200 (1).nc","8017955","23-09-2026 00:42:02","False"
"D:\SIH\IceBerg\dataSet\SIH\DATA_Sea_ice_drift_concentration\ice_conc_sh_polstere-100_amsr2_202306211200.nc","8017955","22-09-2026 21:52:28","False"
"D:\SIH\IceBerg\dataSet\SIH\DATA_Sea_ice_drift_concentration\ice_conc_sh_polstere-100_amsr2_202306221200 (1).nc","8050957","23-09-2026 00:42:04","False"
"D:\SIH\IceBerg\dataSet\SIH\DATA_Sea_ice_drift_concentration\ice_conc_sh_polstere-100_amsr2_202306221200.nc","8050957","22-09-2026 21:52:30","False"
"D:\SIH\IceBerg\dataSet\SIH\DATA_Sea_ice_drift_concentration\ice_conc_sh_polstere-100_amsr2_202306231200 (1).nc","8046918","23-09-2026 00:42:08","False"
"D:\SIH\IceBerg\dataSet\SIH\DATA_Sea_ice_drift_concentration\ice_conc_sh_polstere-100_amsr2_202306231200.nc","8046918","22-09-2026 21:52:32","False"
"D:\SIH\IceBerg\dataSet\SIH\DATA_Sea_ice_drift_concentration\ice_conc_sh_polstere-100_amsr2_202306241200 (1).nc","8023912","23-09-2026 00:42:14","False"
"D:\SIH\IceBerg\dataSet\SIH\DATA_Sea_ice_drift_concentration\ice_conc_sh_polstere-100_amsr2_202306241200.nc","8023912","22-09-2026 21:52:34","False"
"D:\SIH\IceBerg\dataSet\SIH\DATA_Sea_ice_drift_concentration\ice_conc_sh_polstere-100_amsr2_202306251200 (1).nc","7979217","23-09-2026 00:42:18","False"
"D:\SIH\IceBerg\dataSet\SIH\DATA_Sea_ice_drift_concentration\ice_conc_sh_polstere-100_amsr2_202306251200.nc","7979217","22-09-2026 21:52:38","False"
"D:\SIH\IceBerg\dataSet\SIH\DATA_Sea_ice_drift_concentration\ice_conc_sh_polstere-100_amsr2_202306261200 (1).nc","8043893","23-09-2026 00:42:20","False"
"D:\SIH\IceBerg\dataSet\SIH\DATA_Sea_ice_drift_concentration\ice_conc_sh_polstere-100_amsr2_202306261200.nc","8043893","22-09-2026 21:52:40","False"
"D:\SIH\IceBerg\dataSet\SIH\DATA_Sea_ice_drift_concentration\ice_conc_sh_polstere-100_amsr2_202306271200 (1).nc","8026780","23-09-2026 00:42:24","False"
"D:\SIH\IceBerg\dataSet\SIH\DATA_Sea_ice_drift_concentration\ice_conc_sh_polstere-100_amsr2_202306271200.nc","8026780","22-09-2026 21:52:42","False"
"D:\SIH\IceBerg\dataSet\SIH\DATA_Sea_ice_drift_concentration\ice_conc_sh_polstere-100_amsr2_202306281200 (1).nc","7967107","23-09-2026 00:42:26","False"
"D:\SIH\IceBerg\dataSet\SIH\DATA_Sea_ice_drift_concentration\ice_conc_sh_polstere-100_amsr2_202306281200.nc","7967107","22-09-2026 21:52:46","False"
"D:\SIH\IceBerg\dataSet\SIH\DATA_Sea_ice_drift_concentration\ice_conc_sh_polstere-100_amsr2_202306291200 (1).nc","7957911","23-09-2026 00:42:28","False"
"D:\SIH\IceBerg\dataSet\SIH\DATA_Sea_ice_drift_concentration\ice_conc_sh_polstere-100_amsr2_202306291200.nc","7957911","22-09-2026 21:52:48","False"
"D:\SIH\IceBerg\dataSet\SIH\DATA_Sea_ice_drift_concentration\ice_conc_sh_polstere-100_amsr2_202306301200 (1).nc","7954241","23-09-2026 00:42:32","False"
"D:\SIH\IceBerg\dataSet\SIH\DATA_Sea_ice_drift_concentration\ice_conc_sh_polstere-100_amsr2_202306301200.nc","7954241","22-09-2026 21:52:52","False"
"D:\SIH\IceBerg\dataSet\SIH\DATA_Sea_ice_drift_concentration\ice_conc_sh_polstere-100_amsr2_202307011200 (1).nc","8054903","22-09-2026 21:54:50","False"
"D:\SIH\IceBerg\dataSet\SIH\DATA_Sea_ice_drift_concentration\ice_conc_sh_polstere-100_amsr2_202307011200 (2).nc","8054903","23-09-2026 00:42:36","False"
"D:\SIH\IceBerg\dataSet\SIH\DATA_Sea_ice_drift_concentration\ice_conc_sh_polstere-100_amsr2_202307011200.nc","8054903","22-09-2026 21:53:04","False"
"D:\SIH\IceBerg\dataSet\SIH\DATA_Sea_ice_drift_concentration\ice_conc_sh_polstere-100_amsr2_202307021200 (1).nc","7976422","22-09-2026 21:54:54","False"
"D:\SIH\IceBerg\dataSet\SIH\DATA_Sea_ice_drift_concentration\ice_conc_sh_polstere-100_amsr2_202307021200 (2).nc","7976422","23-09-2026 00:42:40","False"
"D:\SIH\IceBerg\dataSet\SIH\DATA_Sea_ice_drift_concentration\ice_conc_sh_polstere-100_amsr2_202307021200.nc","7976422","22-09-2026 21:53:08","False"
"D:\SIH\IceBerg\dataSet\SIH\DATA_Sea_ice_drift_concentration\ice_conc_sh_polstere-100_amsr2_202307031200 (1).nc","8027730","22-09-2026 21:54:56","False"
"D:\SIH\IceBerg\dataSet\SIH\DATA_Sea_ice_drift_concentration\ice_conc_sh_polstere-100_amsr2_202307031200 (2).nc","8027730","23-09-2026 00:42:42","False"
"D:\SIH\IceBerg\dataSet\SIH\DATA_Sea_ice_drift_concentration\ice_conc_sh_polstere-100_amsr2_202307031200.nc","8027730","22-09-2026 21:53:10","False"
"D:\SIH\IceBerg\dataSet\SIH\DATA_Sea_ice_drift_concentration\ice_conc_sh_polstere-100_amsr2_202307041200 (1).nc","7930783","22-09-2026 21:54:58","False"
"D:\SIH\IceBerg\dataSet\SIH\DATA_Sea_ice_drift_concentration\ice_conc_sh_polstere-100_amsr2_202307041200 (2).nc","7930783","23-09-2026 00:42:44","False"
"D:\SIH\IceBerg\dataSet\SIH\DATA_Sea_ice_drift_concentration\ice_conc_sh_polstere-100_amsr2_202307041200.nc","7930783","22-09-2026 21:53:12","False"
"D:\SIH\IceBerg\dataSet\SIH\DATA_Sea_ice_drift_concentration\ice_conc_sh_polstere-100_amsr2_202307051200 (1).nc","7893763","22-09-2026 21:55:00","False"
"D:\SIH\IceBerg\dataSet\SIH\DATA_Sea_ice_drift_concentration\ice_conc_sh_polstere-100_amsr2_202307051200 (2).nc","7893763","23-09-2026 00:42:48","False"
"D:\SIH\IceBerg\dataSet\SIH\DATA_Sea_ice_drift_concentration\ice_conc_sh_polstere-100_amsr2_202307051200.nc","7893763","22-09-2026 21:53:16","False"
"D:\SIH\IceBerg\dataSet\SIH\DATA_Sea_ice_drift_concentration\ice_conc_sh_polstere-100_amsr2_202307061200 (1).nc","7966251","22-09-2026 21:55:02","False"
"D:\SIH\IceBerg\dataSet\SIH\DATA_Sea_ice_drift_concentration\ice_conc_sh_polstere-100_amsr2_202307061200 (2).nc","7966251","23-09-2026 00:42:50","False"
"D:\SIH\IceBerg\dataSet\SIH\DATA_Sea_ice_drift_concentration\ice_conc_sh_polstere-100_amsr2_202307061200.nc","7966251","22-09-2026 21:53:18","False"
"D:\SIH\IceBerg\dataSet\SIH\DATA_Sea_ice_drift_concentration\ice_conc_sh_polstere-100_amsr2_202307071200 (1).nc","8009040","22-09-2026 21:55:06","False"
"D:\SIH\IceBerg\dataSet\SIH\DATA_Sea_ice_drift_concentration\ice_conc_sh_polstere-100_amsr2_202307071200 (2).nc","8009040","23-09-2026 00:42:54","False"
"D:\SIH\IceBerg\dataSet\SIH\DATA_Sea_ice_drift_concentration\ice_conc_sh_polstere-100_amsr2_202307071200.nc","8009040","22-09-2026 21:53:20","False"
"D:\SIH\IceBerg\dataSet\SIH\DATA_Sea_ice_drift_concentration\ice_conc_sh_polstere-100_amsr2_202307081200 (1).nc","7987981","22-09-2026 21:55:08","False"
"D:\SIH\IceBerg\dataSet\SIH\DATA_Sea_ice_drift_concentration\ice_conc_sh_polstere-100_amsr2_202307081200 (2).nc","7987981","23-09-2026 00:42:56","False"
"D:\SIH\IceBerg\dataSet\SIH\DATA_Sea_ice_drift_concentration\ice_conc_sh_polstere-100_amsr2_202307081200.nc","7987981","22-09-2026 21:53:24","False"
"D:\SIH\IceBerg\dataSet\SIH\DATA_Sea_ice_drift_concentration\ice_conc_sh_polstere-100_amsr2_202307091200 (1).nc","8071148","22-09-2026 21:55:12","False"
"D:\SIH\IceBerg\dataSet\SIH\DATA_Sea_ice_drift_concentration\ice_conc_sh_polstere-100_amsr2_202307091200 (2).nc","8071148","23-09-2026 00:43:00","False"
"D:\SIH\IceBerg\dataSet\SIH\DATA_Sea_ice_drift_concentration\ice_conc_sh_polstere-100_amsr2_202307091200.nc","8071148","22-09-2026 21:53:26","False"
"D:\SIH\IceBerg\dataSet\SIH\DATA_Sea_ice_drift_concentration\ice_conc_sh_polstere-100_amsr2_202307101200 (1).nc","8124050","22-09-2026 21:55:14","False"
"D:\SIH\IceBerg\dataSet\SIH\DATA_Sea_ice_drift_concentration\ice_conc_sh_polstere-100_amsr2_202307101200 (2).nc","8124050","23-09-2026 00:43:02","False"
"D:\SIH\IceBerg\dataSet\SIH\DATA_Sea_ice_drift_concentration\ice_conc_sh_polstere-100_amsr2_202307101200.nc","8124050","22-09-2026 21:53:28","False"
"D:\SIH\IceBerg\dataSet\SIH\DATA_Sea_ice_drift_concentration\ice_conc_sh_polstere-100_amsr2_202307111200 (1).nc","8102603","22-09-2026 21:55:16","False"
"D:\SIH\IceBerg\dataSet\SIH\DATA_Sea_ice_drift_concentration\ice_conc_sh_polstere-100_amsr2_202307111200 (2).nc","8102603","23-09-2026 00:43:06","False"
"D:\SIH\IceBerg\dataSet\SIH\DATA_Sea_ice_drift_concentration\ice_conc_sh_polstere-100_amsr2_202307111200.nc","8102603","22-09-2026 21:53:32","False"
"D:\SIH\IceBerg\dataSet\SIH\DATA_Sea_ice_drift_concentration\ice_conc_sh_polstere-100_amsr2_202307121200 (1).nc","7993354","22-09-2026 21:55:20","False"
"D:\SIH\IceBerg\dataSet\SIH\DATA_Sea_ice_drift_concentration\ice_conc_sh_polstere-100_amsr2_202307121200 (2).nc","7993354","23-09-2026 00:43:06","False"
"D:\SIH\IceBerg\dataSet\SIH\DATA_Sea_ice_drift_concentration\ice_conc_sh_polstere-100_amsr2_202307121200.nc","7993354","22-09-2026 21:53:38","False"
"D:\SIH\IceBerg\dataSet\SIH\DATA_Sea_ice_drift_concentration\ice_conc_sh_polstere-100_amsr2_202307131200 (1).nc","7964161","22-09-2026 21:55:22","False"
"D:\SIH\IceBerg\dataSet\SIH\DATA_Sea_ice_drift_concentration\ice_conc_sh_polstere-100_amsr2_202307131200 (2).nc","7964161","23-09-2026 00:43:06","False"
"D:\SIH\IceBerg\dataSet\SIH\DATA_Sea_ice_drift_concentration\ice_conc_sh_polstere-100_amsr2_202307131200.nc","7964161","22-09-2026 21:53:40","False"
"D:\SIH\IceBerg\dataSet\SIH\DATA_Sea_ice_drift_concentration\ice_conc_sh_polstere-100_amsr2_202307141200 (1).nc","7890794","22-09-2026 21:55:24","False"
"D:\SIH\IceBerg\dataSet\SIH\DATA_Sea_ice_drift_concentration\ice_conc_sh_polstere-100_amsr2_202307141200 (2).nc","7890794","23-09-2026 00:43:06","False"
"D:\SIH\IceBerg\dataSet\SIH\DATA_Sea_ice_drift_concentration\ice_conc_sh_polstere-100_amsr2_202307141200.nc","7890794","22-09-2026 21:53:42","False"
"D:\SIH\IceBerg\dataSet\SIH\DATA_Sea_ice_drift_concentration\ice_conc_sh_polstere-100_amsr2_202307151200 (1).nc","7921158","22-09-2026 21:55:26","False"
"D:\SIH\IceBerg\dataSet\SIH\DATA_Sea_ice_drift_concentration\ice_conc_sh_polstere-100_amsr2_202307151200 (2).nc","7921158","23-09-2026 00:43:06","False"
"D:\SIH\IceBerg\dataSet\SIH\DATA_Sea_ice_drift_concentration\ice_conc_sh_polstere-100_amsr2_202307151200.nc","7921158","22-09-2026 21:53:48","False"
"D:\SIH\IceBerg\dataSet\SIH\DATA_Sea_ice_drift_concentration\ice_conc_sh_polstere-100_amsr2_202307161200 (1).nc","7938713","22-09-2026 21:55:30","False"
"D:\SIH\IceBerg\dataSet\SIH\DATA_Sea_ice_drift_concentration\ice_conc_sh_polstere-100_amsr2_202307161200 (2).nc","7938713","23-09-2026 00:43:08","False"
"D:\SIH\IceBerg\dataSet\SIH\DATA_Sea_ice_drift_concentration\ice_conc_sh_polstere-100_amsr2_202307161200.nc","7938713","22-09-2026 21:53:50","False"
"D:\SIH\IceBerg\dataSet\SIH\DATA_Sea_ice_drift_concentration\ice_conc_sh_polstere-100_amsr2_202307171200 (1).nc","7924338","22-09-2026 21:55:32","False"
"D:\SIH\IceBerg\dataSet\SIH\DATA_Sea_ice_drift_concentration\ice_conc_sh_polstere-100_amsr2_202307171200 (2).nc","7924338","23-09-2026 00:43:08","False"
"D:\SIH\IceBerg\dataSet\SIH\DATA_Sea_ice_drift_concentration\ice_conc_sh_polstere-100_amsr2_202307171200.nc","7924338","22-09-2026 21:53:52","False"
"D:\SIH\IceBerg\dataSet\SIH\DATA_Sea_ice_drift_concentration\ice_conc_sh_polstere-100_amsr2_202307181200 (1).nc","8057967","22-09-2026 21:55:36","False"
"D:\SIH\IceBerg\dataSet\SIH\DATA_Sea_ice_drift_concentration\ice_conc_sh_polstere-100_amsr2_202307181200 (2).nc","8057967","23-09-2026 00:43:08","False"
"D:\SIH\IceBerg\dataSet\SIH\DATA_Sea_ice_drift_concentration\ice_conc_sh_polstere-100_amsr2_202307181200.nc","8057967","22-09-2026 21:53:54","False"
"D:\SIH\IceBerg\dataSet\SIH\DATA_Sea_ice_drift_concentration\ice_conc_sh_polstere-100_amsr2_202307191200 (1).nc","8164467","22-09-2026 21:55:38","False"
"D:\SIH\IceBerg\dataSet\SIH\DATA_Sea_ice_drift_concentration\ice_conc_sh_polstere-100_amsr2_202307191200 (2).nc","8164467","23-09-2026 00:43:08","False"
"D:\SIH\IceBerg\dataSet\SIH\DATA_Sea_ice_drift_concentration\ice_conc_sh_polstere-100_amsr2_202307191200.nc","8164467","22-09-2026 21:54:02","False"
"D:\SIH\IceBerg\dataSet\SIH\DATA_Sea_ice_drift_concentration\ice_conc_sh_polstere-100_amsr2_202307201200 (1).nc","8106283","22-09-2026 21:55:42","False"
"D:\SIH\IceBerg\dataSet\SIH\DATA_Sea_ice_drift_concentration\ice_conc_sh_polstere-100_amsr2_202307201200 (2).nc","8106283","23-09-2026 00:43:08","False"
"D:\SIH\IceBerg\dataSet\SIH\DATA_Sea_ice_drift_concentration\ice_conc_sh_polstere-100_amsr2_202307201200.nc","8106283","22-09-2026 21:54:04","False"
"D:\SIH\IceBerg\dataSet\SIH\DATA_Sea_ice_drift_concentration\ice_conc_sh_polstere-100_amsr2_202307211200 (1).nc","8189277","22-09-2026 21:55:44","False"
"D:\SIH\IceBerg\dataSet\SIH\DATA_Sea_ice_drift_concentration\ice_conc_sh_polstere-100_amsr2_202307211200 (2).nc","8189277","23-09-2026 00:43:08","False"
"D:\SIH\IceBerg\dataSet\SIH\DATA_Sea_ice_drift_concentration\ice_conc_sh_polstere-100_amsr2_202307211200.nc","8189277","22-09-2026 21:54:06","False"
"D:\SIH\IceBerg\dataSet\SIH\DATA_Sea_ice_drift_concentration\ice_conc_sh_polstere-100_amsr2_202307221200 (1).nc","8167348","22-09-2026 21:55:48","False"
"D:\SIH\IceBerg\dataSet\SIH\DATA_Sea_ice_drift_concentration\ice_conc_sh_polstere-100_amsr2_202307221200 (2).nc","8167348","23-09-2026 00:43:08","False"
"D:\SIH\IceBerg\dataSet\SIH\DATA_Sea_ice_drift_concentration\ice_conc_sh_polstere-100_amsr2_202307221200.nc","8167348","22-09-2026 21:54:10","False"
"D:\SIH\IceBerg\dataSet\SIH\DATA_Sea_ice_drift_concentration\ice_conc_sh_polstere-100_amsr2_202307231200 (1).nc","8111577","22-09-2026 21:55:48","False"
"D:\SIH\IceBerg\dataSet\SIH\DATA_Sea_ice_drift_concentration\ice_conc_sh_polstere-100_amsr2_202307231200 (2).nc","8111577","23-09-2026 00:43:08","False"
"D:\SIH\IceBerg\dataSet\SIH\DATA_Sea_ice_drift_concentration\ice_conc_sh_polstere-100_amsr2_202307231200.nc","8111577","22-09-2026 21:54:12","False"
"D:\SIH\IceBerg\dataSet\SIH\DATA_Sea_ice_drift_concentration\ice_conc_sh_polstere-100_amsr2_202307241200 (1).nc","8133416","22-09-2026 21:55:48","False"
"D:\SIH\IceBerg\dataSet\SIH\DATA_Sea_ice_drift_concentration\ice_conc_sh_polstere-100_amsr2_202307241200 (2).nc","8133416","23-09-2026 00:43:10","False"
"D:\SIH\IceBerg\dataSet\SIH\DATA_Sea_ice_drift_concentration\ice_conc_sh_polstere-100_amsr2_202307241200.nc","8133416","22-09-2026 21:54:14","False"
"D:\SIH\IceBerg\dataSet\SIH\DATA_Sea_ice_drift_concentration\ice_conc_sh_polstere-100_amsr2_202307251200 (1).nc","8102747","22-09-2026 21:55:48","False"
"D:\SIH\IceBerg\dataSet\SIH\DATA_Sea_ice_drift_concentration\ice_conc_sh_polstere-100_amsr2_202307251200 (2).nc","8102747","23-09-2026 00:43:10","False"
"D:\SIH\IceBerg\dataSet\SIH\DATA_Sea_ice_drift_concentration\ice_conc_sh_polstere-100_amsr2_202307251200.nc","8102747","22-09-2026 21:54:18","False"
"D:\SIH\IceBerg\dataSet\SIH\DATA_Sea_ice_drift_concentration\ice_conc_sh_polstere-100_amsr2_202307261200 (1).nc","8104005","22-09-2026 21:55:48","False"
"D:\SIH\IceBerg\dataSet\SIH\DATA_Sea_ice_drift_concentration\ice_conc_sh_polstere-100_amsr2_202307261200 (2).nc","8104005","23-09-2026 00:43:10","False"
"D:\SIH\IceBerg\dataSet\SIH\DATA_Sea_ice_drift_concentration\ice_conc_sh_polstere-100_amsr2_202307261200.nc","8104005","22-09-2026 21:54:20","False"
"D:\SIH\IceBerg\dataSet\SIH\DATA_Sea_ice_drift_concentration\ice_conc_sh_polstere-100_amsr2_202307271200 (1).nc","8171962","22-09-2026 21:55:48","False"
"D:\SIH\IceBerg\dataSet\SIH\DATA_Sea_ice_drift_concentration\ice_conc_sh_polstere-100_amsr2_202307271200 (2).nc","8171962","23-09-2026 00:43:10","False"
"D:\SIH\IceBerg\dataSet\SIH\DATA_Sea_ice_drift_concentration\ice_conc_sh_polstere-100_amsr2_202307271200.nc","8171962","22-09-2026 21:54:22","False"
"D:\SIH\IceBerg\dataSet\SIH\DATA_Sea_ice_drift_concentration\ice_conc_sh_polstere-100_amsr2_202307281200 (1).nc","8140092","22-09-2026 21:55:48","False"
"D:\SIH\IceBerg\dataSet\SIH\DATA_Sea_ice_drift_concentration\ice_conc_sh_polstere-100_amsr2_202307281200 (2).nc","8140092","23-09-2026 00:43:10","False"
"D:\SIH\IceBerg\dataSet\SIH\DATA_Sea_ice_drift_concentration\ice_conc_sh_polstere-100_amsr2_202307281200.nc","8140092","22-09-2026 21:54:24","False"
"D:\SIH\IceBerg\dataSet\SIH\DATA_Sea_ice_drift_concentration\ice_conc_sh_polstere-100_amsr2_202307291200 (1).nc","8168959","22-09-2026 21:55:50","False"
"D:\SIH\IceBerg\dataSet\SIH\DATA_Sea_ice_drift_concentration\ice_conc_sh_polstere-100_amsr2_202307291200 (2).nc","8168959","23-09-2026 00:43:10","False"
"D:\SIH\IceBerg\dataSet\SIH\DATA_Sea_ice_drift_concentration\ice_conc_sh_polstere-100_amsr2_202307291200.nc","8168959","22-09-2026 21:54:28","False"
"D:\SIH\IceBerg\dataSet\SIH\DATA_Sea_ice_drift_concentration\ice_conc_sh_polstere-100_amsr2_202307301200 (1).nc","8174314","22-09-2026 21:55:50","False"
"D:\SIH\IceBerg\dataSet\SIH\DATA_Sea_ice_drift_concentration\ice_conc_sh_polstere-100_amsr2_202307301200 (2).nc","8174314","23-09-2026 00:43:10","False"
"D:\SIH\IceBerg\dataSet\SIH\DATA_Sea_ice_drift_concentration\ice_conc_sh_polstere-100_amsr2_202307301200.nc","8174314","22-09-2026 21:54:30","False"
"D:\SIH\IceBerg\dataSet\SIH\DATA_Sea_ice_drift_concentration\ice_conc_sh_polstere-100_amsr2_202307311200 (1).nc","8205226","22-09-2026 21:55:50","False"
"D:\SIH\IceBerg\dataSet\SIH\DATA_Sea_ice_drift_concentration\ice_conc_sh_polstere-100_amsr2_202307311200 (2).nc","8205226","23-09-2026 00:43:10","False"
"D:\SIH\IceBerg\dataSet\SIH\DATA_Sea_ice_drift_concentration\ice_conc_sh_polstere-100_amsr2_202307311200.nc","8205226","22-09-2026 21:54:32","False"
"D:\SIH\IceBerg\dataSet\SIH\DATA_Sea_ice_drift_concentration\ice_conc_sh_polstere-100_amsr2_202308011200 (1).nc","8165868","23-09-2026 00:44:22","False"
"D:\SIH\IceBerg\dataSet\SIH\DATA_Sea_ice_drift_concentration\ice_conc_sh_polstere-100_amsr2_202308011200.nc","8165868","22-09-2026 21:58:50","False"
"D:\SIH\IceBerg\dataSet\SIH\DATA_Sea_ice_drift_concentration\ice_conc_sh_polstere-100_amsr2_202308021200 (1).nc","8106580","23-09-2026 00:44:24","False"
"D:\SIH\IceBerg\dataSet\SIH\DATA_Sea_ice_drift_concentration\ice_conc_sh_polstere-100_amsr2_202308021200.nc","8106580","22-09-2026 21:58:52","False"
"D:\SIH\IceBerg\dataSet\SIH\DATA_Sea_ice_drift_concentration\ice_conc_sh_polstere-100_amsr2_202308031200 (1).nc","8109278","23-09-2026 00:44:28","False"
"D:\SIH\IceBerg\dataSet\SIH\DATA_Sea_ice_drift_concentration\ice_conc_sh_polstere-100_amsr2_202308031200.nc","8109278","22-09-2026 21:58:56","False"
"D:\SIH\IceBerg\dataSet\SIH\DATA_Sea_ice_drift_concentration\ice_conc_sh_polstere-100_amsr2_202308041200 (1).nc","8030762","23-09-2026 00:44:30","False"
"D:\SIH\IceBerg\dataSet\SIH\DATA_Sea_ice_drift_concentration\ice_conc_sh_polstere-100_amsr2_202308041200.nc","8030762","22-09-2026 21:58:58","False"
"D:\SIH\IceBerg\dataSet\SIH\DATA_Sea_ice_drift_concentration\ice_conc_sh_polstere-100_amsr2_202308051200 (1).nc","7982390","23-09-2026 00:44:32","False"
"D:\SIH\IceBerg\dataSet\SIH\DATA_Sea_ice_drift_concentration\ice_conc_sh_polstere-100_amsr2_202308051200.nc","7982390","22-09-2026 21:59:00","False"
"D:\SIH\IceBerg\dataSet\SIH\DATA_Sea_ice_drift_concentration\ice_conc_sh_polstere-100_amsr2_202308061200 (1).nc","8023468","23-09-2026 00:44:34","False"
"D:\SIH\IceBerg\dataSet\SIH\DATA_Sea_ice_drift_concentration\ice_conc_sh_polstere-100_amsr2_202308061200.nc","8023468","22-09-2026 21:59:02","False"
"D:\SIH\IceBerg\dataSet\SIH\DATA_Sea_ice_drift_concentration\ice_conc_sh_polstere-100_amsr2_202308071200 (1).nc","7962460","23-09-2026 00:44:38","False"
"D:\SIH\IceBerg\dataSet\SIH\DATA_Sea_ice_drift_concentration\ice_conc_sh_polstere-100_amsr2_202308071200.nc","7962460","22-09-2026 21:59:06","False"
"D:\SIH\IceBerg\dataSet\SIH\DATA_Sea_ice_drift_concentration\ice_conc_sh_polstere-100_amsr2_202308081200 (1).nc","7954741","23-09-2026 00:44:40","False"
"D:\SIH\IceBerg\dataSet\SIH\DATA_Sea_ice_drift_concentration\ice_conc_sh_polstere-100_amsr2_202308081200.nc","7954741","22-09-2026 21:59:08","False"
"D:\SIH\IceBerg\dataSet\SIH\DATA_Sea_ice_drift_concentration\ice_conc_sh_polstere-100_amsr2_202308091200 (1).nc","7980792","23-09-2026 00:44:42","False"
"D:\SIH\IceBerg\dataSet\SIH\DATA_Sea_ice_drift_concentration\ice_conc_sh_polstere-100_amsr2_202308091200.nc","7980792","22-09-2026 21:59:12","False"
"D:\SIH\IceBerg\dataSet\SIH\DATA_Sea_ice_drift_concentration\ice_conc_sh_polstere-100_amsr2_202308101200 (1).nc","7997091","23-09-2026 00:44:46","False"
"D:\SIH\IceBerg\dataSet\SIH\DATA_Sea_ice_drift_concentration\ice_conc_sh_polstere-100_amsr2_202308101200.nc","7997091","22-09-2026 21:59:16","False"
"D:\SIH\IceBerg\dataSet\SIH\DATA_Sea_ice_drift_concentration\ice_conc_sh_polstere-100_amsr2_202308111200 (1).nc","8000472","23-09-2026 00:44:48","False"
"D:\SIH\IceBerg\dataSet\SIH\DATA_Sea_ice_drift_concentration\ice_conc_sh_polstere-100_amsr2_202308111200.nc","8000472","22-09-2026 21:59:18","False"
"D:\SIH\IceBerg\dataSet\SIH\DATA_Sea_ice_drift_concentration\ice_conc_sh_polstere-100_amsr2_202308121200 (1).nc","7828244","23-09-2026 00:44:50","False"
"D:\SIH\IceBerg\dataSet\SIH\DATA_Sea_ice_drift_concentration\ice_conc_sh_polstere-100_amsr2_202308121200.nc","7828244","22-09-2026 21:59:20","False"
"D:\SIH\IceBerg\dataSet\SIH\DATA_Sea_ice_drift_concentration\ice_conc_sh_polstere-100_amsr2_202308131200 (1).nc","7767435","23-09-2026 00:44:52","False"
"D:\SIH\IceBerg\dataSet\SIH\DATA_Sea_ice_drift_concentration\ice_conc_sh_polstere-100_amsr2_202308131200.nc","7767435","22-09-2026 21:59:22","False"
"D:\SIH\IceBerg\dataSet\SIH\DATA_Sea_ice_drift_concentration\ice_conc_sh_polstere-100_amsr2_202308141200 (1).nc","7831536","23-09-2026 00:44:54","False"
"D:\SIH\IceBerg\dataSet\SIH\DATA_Sea_ice_drift_concentration\ice_conc_sh_polstere-100_amsr2_202308141200.nc","7831536","22-09-2026 21:59:24","False"
"D:\SIH\IceBerg\dataSet\SIH\DATA_Sea_ice_drift_concentration\ice_conc_sh_polstere-100_amsr2_202308151200 (1).nc","7999229","23-09-2026 00:44:58","False"
"D:\SIH\IceBerg\dataSet\SIH\DATA_Sea_ice_drift_concentration\ice_conc_sh_polstere-100_amsr2_202308151200.nc","7999229","22-09-2026 21:59:28","False"
"D:\SIH\IceBerg\dataSet\SIH\DATA_Sea_ice_drift_concentration\ice_conc_sh_polstere-100_amsr2_202308161200 (1).nc","7953761","23-09-2026 00:45:00","False"
"D:\SIH\IceBerg\dataSet\SIH\DATA_Sea_ice_drift_concentration\ice_conc_sh_polstere-100_amsr2_202308161200.nc","7953761","22-09-2026 21:59:30","False"
"D:\SIH\IceBerg\dataSet\SIH\DATA_Sea_ice_drift_concentration\ice_conc_sh_polstere-100_amsr2_202308171200 (1).nc","7874294","23-09-2026 00:45:04","False"
"D:\SIH\IceBerg\dataSet\SIH\DATA_Sea_ice_drift_concentration\ice_conc_sh_polstere-100_amsr2_202308171200.nc","7874294","22-09-2026 21:59:32","False"
"D:\SIH\IceBerg\dataSet\SIH\DATA_Sea_ice_drift_concentration\ice_conc_sh_polstere-100_amsr2_202308181200 (1).nc","7858547","23-09-2026 00:45:06","False"
"D:\SIH\IceBerg\dataSet\SIH\DATA_Sea_ice_drift_concentration\ice_conc_sh_polstere-100_amsr2_202308181200.nc","7858547","22-09-2026 21:59:36","False"
"D:\SIH\IceBerg\dataSet\SIH\DATA_Sea_ice_drift_concentration\ice_conc_sh_polstere-100_amsr2_202308191200 (1).nc","7890188","23-09-2026 00:45:08","False"
"D:\SIH\IceBerg\dataSet\SIH\DATA_Sea_ice_drift_concentration\ice_conc_sh_polstere-100_amsr2_202308191200.nc","7890188","22-09-2026 21:59:38","False"
"D:\SIH\IceBerg\dataSet\SIH\DATA_Sea_ice_drift_concentration\ice_conc_sh_polstere-100_amsr2_202308201200 (1).nc","7916228","23-09-2026 00:45:10","False"
"D:\SIH\IceBerg\dataSet\SIH\DATA_Sea_ice_drift_concentration\ice_conc_sh_polstere-100_amsr2_202308201200.nc","7916228","22-09-2026 21:59:40","False"
"D:\SIH\IceBerg\dataSet\SIH\DATA_Sea_ice_drift_concentration\ice_conc_sh_polstere-100_amsr2_202308211200 (1).nc","7894518","23-09-2026 00:45:12","False"
"D:\SIH\IceBerg\dataSet\SIH\DATA_Sea_ice_drift_concentration\ice_conc_sh_polstere-100_amsr2_202308211200.nc","7894518","22-09-2026 21:59:42","False"
"D:\SIH\IceBerg\dataSet\SIH\DATA_Sea_ice_drift_concentration\ice_conc_sh_polstere-100_amsr2_202308221200 (1).nc","7920405","23-09-2026 00:45:14","False"
"D:\SIH\IceBerg\dataSet\SIH\DATA_Sea_ice_drift_concentration\ice_conc_sh_polstere-100_amsr2_202308221200.nc","7920405","22-09-2026 21:59:44","False"
"D:\SIH\IceBerg\dataSet\SIH\DATA_Sea_ice_drift_concentration\ice_conc_sh_polstere-100_amsr2_202308231200 (1).nc","7962853","23-09-2026 00:45:18","False"
"D:\SIH\IceBerg\dataSet\SIH\DATA_Sea_ice_drift_concentration\ice_conc_sh_polstere-100_amsr2_202308231200.nc","7962853","22-09-2026 21:59:48","False"
"D:\SIH\IceBerg\dataSet\SIH\DATA_Sea_ice_drift_concentration\ice_conc_sh_polstere-100_amsr2_202308241200 (1).nc","8048656","23-09-2026 00:45:20","False"
"D:\SIH\IceBerg\dataSet\SIH\DATA_Sea_ice_drift_concentration\ice_conc_sh_polstere-100_amsr2_202308241200.nc","8048656","22-09-2026 21:59:50","False"
"D:\SIH\IceBerg\dataSet\SIH\DATA_Sea_ice_drift_concentration\ice_conc_sh_polstere-100_amsr2_202308251200 (1).nc","8003537","23-09-2026 00:45:24","False"
"D:\SIH\IceBerg\dataSet\SIH\DATA_Sea_ice_drift_concentration\ice_conc_sh_polstere-100_amsr2_202308251200.nc","8003537","22-09-2026 21:59:52","False"
"D:\SIH\IceBerg\dataSet\SIH\DATA_Sea_ice_drift_concentration\ice_conc_sh_polstere-100_amsr2_202308261200 (1).nc","8095683","23-09-2026 00:45:26","False"
"D:\SIH\IceBerg\dataSet\SIH\DATA_Sea_ice_drift_concentration\ice_conc_sh_polstere-100_amsr2_202308261200.nc","8095683","22-09-2026 21:59:54","False"
"D:\SIH\IceBerg\dataSet\SIH\DATA_Sea_ice_drift_concentration\ice_conc_sh_polstere-100_amsr2_202308271200 (1).nc","8024071","23-09-2026 00:45:30","False"
"D:\SIH\IceBerg\dataSet\SIH\DATA_Sea_ice_drift_concentration\ice_conc_sh_polstere-100_amsr2_202308271200.nc","8024071","22-09-2026 21:59:56","False"
"D:\SIH\IceBerg\dataSet\SIH\DATA_Sea_ice_drift_concentration\ice_conc_sh_polstere-100_amsr2_202308281200 (1).nc","7277857","23-09-2026 00:45:32","False"
"D:\SIH\IceBerg\dataSet\SIH\DATA_Sea_ice_drift_concentration\ice_conc_sh_polstere-100_amsr2_202308281200.nc","7277857","22-09-2026 22:00:00","False"
"D:\SIH\IceBerg\dataSet\SIH\DATA_Sea_ice_drift_concentration\ice_conc_sh_polstere-100_amsr2_202308291200 (1).nc","7803806","23-09-2026 00:45:34","False"
"D:\SIH\IceBerg\dataSet\SIH\DATA_Sea_ice_drift_concentration\ice_conc_sh_polstere-100_amsr2_202308291200.nc","7803806","22-09-2026 22:00:02","False"
"D:\SIH\IceBerg\dataSet\SIH\DATA_Sea_ice_drift_concentration\ice_conc_sh_polstere-100_amsr2_202308301200 (1).nc","7845387","23-09-2026 00:45:36","False"
"D:\SIH\IceBerg\dataSet\SIH\DATA_Sea_ice_drift_concentration\ice_conc_sh_polstere-100_amsr2_202308301200.nc","7845387","22-09-2026 22:00:04","False"
"D:\SIH\IceBerg\dataSet\SIH\DATA_Sea_ice_drift_concentration\ice_conc_sh_polstere-100_amsr2_202308311200 (1).nc","6568367","23-09-2026 00:45:38","False"
"D:\SIH\IceBerg\dataSet\SIH\DATA_Sea_ice_drift_concentration\ice_conc_sh_polstere-100_amsr2_202308311200.nc","6568367","22-09-2026 22:00:06","False"
"D:\SIH\IceBerg\dataSet\SIH\DATA_Sea_ice_drift_concentration\ice_conc_sh_polstere-100_amsr2_202309011200 (1).nc","6696504","23-09-2026 00:46:02","False"
"D:\SIH\IceBerg\dataSet\SIH\DATA_Sea_ice_drift_concentration\ice_conc_sh_polstere-100_amsr2_202309011200.nc","6696504","22-09-2026 22:05:46","False"
"D:\SIH\IceBerg\dataSet\SIH\DATA_Sea_ice_drift_concentration\ice_conc_sh_polstere-100_amsr2_202309021200 (1).nc","7981081","23-09-2026 00:46:04","False"
"D:\SIH\IceBerg\dataSet\SIH\DATA_Sea_ice_drift_concentration\ice_conc_sh_polstere-100_amsr2_202309021200.nc","7981081","22-09-2026 22:05:48","False"
"D:\SIH\IceBerg\dataSet\SIH\DATA_Sea_ice_drift_concentration\ice_conc_sh_polstere-100_amsr2_202309031200 (1).nc","8074170","23-09-2026 00:46:06","False"
"D:\SIH\IceBerg\dataSet\SIH\DATA_Sea_ice_drift_concentration\ice_conc_sh_polstere-100_amsr2_202309031200.nc","8074170","22-09-2026 22:05:50","False"
"D:\SIH\IceBerg\dataSet\SIH\DATA_Sea_ice_drift_concentration\ice_conc_sh_polstere-100_amsr2_202309041200 (1).nc","8108629","23-09-2026 00:46:08","False"
"D:\SIH\IceBerg\dataSet\SIH\DATA_Sea_ice_drift_concentration\ice_conc_sh_polstere-100_amsr2_202309041200.nc","8108629","22-09-2026 22:05:52","False"
"D:\SIH\IceBerg\dataSet\SIH\DATA_Sea_ice_drift_concentration\ice_conc_sh_polstere-100_amsr2_202309051200 (1).nc","8124007","23-09-2026 00:46:12","False"
"D:\SIH\IceBerg\dataSet\SIH\DATA_Sea_ice_drift_concentration\ice_conc_sh_polstere-100_amsr2_202309051200.nc","8124007","22-09-2026 22:05:54","False"
"D:\SIH\IceBerg\dataSet\SIH\DATA_Sea_ice_drift_concentration\ice_conc_sh_polstere-100_amsr2_202309061200 (1).nc","8115026","23-09-2026 00:46:14","False"
"D:\SIH\IceBerg\dataSet\SIH\DATA_Sea_ice_drift_concentration\ice_conc_sh_polstere-100_amsr2_202309061200.nc","8115026","22-09-2026 22:05:58","False"
"D:\SIH\IceBerg\dataSet\SIH\DATA_Sea_ice_drift_concentration\ice_conc_sh_polstere-100_amsr2_202309071200 (1).nc","8069925","23-09-2026 00:46:16","False"
"D:\SIH\IceBerg\dataSet\SIH\DATA_Sea_ice_drift_concentration\ice_conc_sh_polstere-100_amsr2_202309071200.nc","8069925","22-09-2026 22:06:00","False"
"D:\SIH\IceBerg\dataSet\SIH\DATA_Sea_ice_drift_concentration\ice_conc_sh_polstere-100_amsr2_202309081200 (1).nc","8105999","23-09-2026 00:46:18","False"
"D:\SIH\IceBerg\dataSet\SIH\DATA_Sea_ice_drift_concentration\ice_conc_sh_polstere-100_amsr2_202309081200.nc","8105999","22-09-2026 22:06:02","False"
"D:\SIH\IceBerg\dataSet\SIH\DATA_Sea_ice_drift_concentration\ice_conc_sh_polstere-100_amsr2_202309091200 (1).nc","8034310","23-09-2026 00:46:22","False"
"D:\SIH\IceBerg\dataSet\SIH\DATA_Sea_ice_drift_concentration\ice_conc_sh_polstere-100_amsr2_202309091200.nc","8034310","22-09-2026 22:06:04","False"
"D:\SIH\IceBerg\dataSet\SIH\DATA_Sea_ice_drift_concentration\ice_conc_sh_polstere-100_amsr2_202309101200 (1).nc","8019499","23-09-2026 00:46:26","False"
"D:\SIH\IceBerg\dataSet\SIH\DATA_Sea_ice_drift_concentration\ice_conc_sh_polstere-100_amsr2_202309101200.nc","8019499","22-09-2026 22:06:08","False"
"D:\SIH\IceBerg\dataSet\SIH\DATA_Sea_ice_drift_concentration\ice_conc_sh_polstere-100_amsr2_202309111200 (1).nc","7911571","23-09-2026 00:46:30","False"
"D:\SIH\IceBerg\dataSet\SIH\DATA_Sea_ice_drift_concentration\ice_conc_sh_polstere-100_amsr2_202309111200.nc","7911571","22-09-2026 22:06:10","False"
"D:\SIH\IceBerg\dataSet\SIH\DATA_Sea_ice_drift_concentration\ice_conc_sh_polstere-100_amsr2_202309121200 (1).nc","7951833","23-09-2026 00:46:32","False"
"D:\SIH\IceBerg\dataSet\SIH\DATA_Sea_ice_drift_concentration\ice_conc_sh_polstere-100_amsr2_202309121200.nc","7951833","22-09-2026 22:06:12","False"
"D:\SIH\IceBerg\dataSet\SIH\DATA_Sea_ice_drift_concentration\ice_conc_sh_polstere-100_amsr2_202309131200 (1).nc","7971444","23-09-2026 00:46:34","False"
"D:\SIH\IceBerg\dataSet\SIH\DATA_Sea_ice_drift_concentration\ice_conc_sh_polstere-100_amsr2_202309131200.nc","7971444","22-09-2026 22:06:16","False"
"D:\SIH\IceBerg\dataSet\SIH\DATA_Sea_ice_drift_concentration\ice_conc_sh_polstere-100_amsr2_202309141200 (1).nc","7974037","23-09-2026 00:46:38","False"
"D:\SIH\IceBerg\dataSet\SIH\DATA_Sea_ice_drift_concentration\ice_conc_sh_polstere-100_amsr2_202309141200.nc","7974037","22-09-2026 22:06:18","False"
"D:\SIH\IceBerg\dataSet\SIH\DATA_Sea_ice_drift_concentration\ice_conc_sh_polstere-100_amsr2_202309151200 (1).nc","8038386","23-09-2026 00:46:40","False"
"D:\SIH\IceBerg\dataSet\SIH\DATA_Sea_ice_drift_concentration\ice_conc_sh_polstere-100_amsr2_202309151200.nc","8038386","22-09-2026 22:06:20","False"
"D:\SIH\IceBerg\dataSet\SIH\DATA_Sea_ice_drift_concentration\ice_conc_sh_polstere-100_amsr2_202309161200 (1).nc","8060786","23-09-2026 00:46:42","False"
"D:\SIH\IceBerg\dataSet\SIH\DATA_Sea_ice_drift_concentration\ice_conc_sh_polstere-100_amsr2_202309161200.nc","8060786","22-09-2026 22:06:24","False"
"D:\SIH\IceBerg\dataSet\SIH\DATA_Sea_ice_drift_concentration\ice_conc_sh_polstere-100_amsr2_202309171200 (1).nc","8052336","23-09-2026 00:46:44","False"
"D:\SIH\IceBerg\dataSet\SIH\DATA_Sea_ice_drift_concentration\ice_conc_sh_polstere-100_amsr2_202309171200.nc","8052336","22-09-2026 22:06:26","False"
"D:\SIH\IceBerg\dataSet\SIH\DATA_Sea_ice_drift_concentration\ice_conc_sh_polstere-100_amsr2_202309181200 (1).nc","7971396","23-09-2026 00:46:48","False"
"D:\SIH\IceBerg\dataSet\SIH\DATA_Sea_ice_drift_concentration\ice_conc_sh_polstere-100_amsr2_202309181200.nc","7971396","22-09-2026 22:06:30","False"
"D:\SIH\IceBerg\dataSet\SIH\DATA_Sea_ice_drift_concentration\ice_conc_sh_polstere-100_amsr2_202309191200 (1).nc","8002476","23-09-2026 00:46:50","False"
"D:\SIH\IceBerg\dataSet\SIH\DATA_Sea_ice_drift_concentration\ice_conc_sh_polstere-100_amsr2_202309191200.nc","8002476","22-09-2026 22:06:32","False"
"D:\SIH\IceBerg\dataSet\SIH\DATA_Sea_ice_drift_concentration\ice_conc_sh_polstere-100_amsr2_202309201200 (1).nc","8094371","23-09-2026 00:46:52","False"
"D:\SIH\IceBerg\dataSet\SIH\DATA_Sea_ice_drift_concentration\ice_conc_sh_polstere-100_amsr2_202309201200.nc","8094371","22-09-2026 22:06:36","False"
"D:\SIH\IceBerg\dataSet\SIH\DATA_Sea_ice_drift_concentration\ice_conc_sh_polstere-100_amsr2_202309211200 (1).nc","8020721","23-09-2026 00:46:54","False"
"D:\SIH\IceBerg\dataSet\SIH\DATA_Sea_ice_drift_concentration\ice_conc_sh_polstere-100_amsr2_202309211200.nc","8020721","22-09-2026 22:06:38","False"
"D:\SIH\IceBerg\dataSet\SIH\DATA_Sea_ice_drift_concentration\ice_conc_sh_polstere-100_amsr2_202309221200 (1).nc","8057763","23-09-2026 00:46:58","False"
"D:\SIH\IceBerg\dataSet\SIH\DATA_Sea_ice_drift_concentration\ice_conc_sh_polstere-100_amsr2_202309221200.nc","8057763","22-09-2026 22:06:40","False"
"D:\SIH\IceBerg\dataSet\SIH\DATA_Sea_ice_drift_concentration\ice_conc_sh_polstere-100_amsr2_202309231200 (1).nc","8100316","23-09-2026 00:47:00","False"
"D:\SIH\IceBerg\dataSet\SIH\DATA_Sea_ice_drift_concentration\ice_conc_sh_polstere-100_amsr2_202309231200.nc","8100316","22-09-2026 22:06:42","False"
"D:\SIH\IceBerg\dataSet\SIH\DATA_Sea_ice_drift_concentration\ice_conc_sh_polstere-100_amsr2_202309241200 (1).nc","8094987","23-09-2026 00:47:04","False"
"D:\SIH\IceBerg\dataSet\SIH\DATA_Sea_ice_drift_concentration\ice_conc_sh_polstere-100_amsr2_202309241200.nc","8094987","22-09-2026 22:06:44","False"
"D:\SIH\IceBerg\dataSet\SIH\DATA_Sea_ice_drift_concentration\ice_conc_sh_polstere-100_amsr2_202309251200 (1).nc","8045662","23-09-2026 00:47:06","False"
"D:\SIH\IceBerg\dataSet\SIH\DATA_Sea_ice_drift_concentration\ice_conc_sh_polstere-100_amsr2_202309251200.nc","8045662","22-09-2026 22:06:48","False"
"D:\SIH\IceBerg\dataSet\SIH\DATA_Sea_ice_drift_concentration\ice_conc_sh_polstere-100_amsr2_202309261200 (1).nc","7960046","23-09-2026 00:47:08","False"
"D:\SIH\IceBerg\dataSet\SIH\DATA_Sea_ice_drift_concentration\ice_conc_sh_polstere-100_amsr2_202309261200.nc","7960046","22-09-2026 22:06:50","False"
"D:\SIH\IceBerg\dataSet\SIH\DATA_Sea_ice_drift_concentration\ice_conc_sh_polstere-100_amsr2_202309271200 (1).nc","8045038","23-09-2026 00:47:10","False"
"D:\SIH\IceBerg\dataSet\SIH\DATA_Sea_ice_drift_concentration\ice_conc_sh_polstere-100_amsr2_202309271200.nc","8045038","22-09-2026 22:06:54","False"
"D:\SIH\IceBerg\dataSet\SIH\DATA_Sea_ice_drift_concentration\ice_conc_sh_polstere-100_amsr2_202309281200 (1).nc","7990801","23-09-2026 00:47:14","False"
"D:\SIH\IceBerg\dataSet\SIH\DATA_Sea_ice_drift_concentration\ice_conc_sh_polstere-100_amsr2_202309281200.nc","7990801","22-09-2026 22:06:56","False"
"D:\SIH\IceBerg\dataSet\SIH\DATA_Sea_ice_drift_concentration\ice_conc_sh_polstere-100_amsr2_202309291200 (1).nc","8019308","23-09-2026 00:47:16","False"
"D:\SIH\IceBerg\dataSet\SIH\DATA_Sea_ice_drift_concentration\ice_conc_sh_polstere-100_amsr2_202309291200.nc","8019308","22-09-2026 22:06:58","False"
"D:\SIH\IceBerg\dataSet\SIH\DATA_Sea_ice_drift_concentration\ice_conc_sh_polstere-100_amsr2_202309301200 (1).nc","8077156","23-09-2026 00:47:18","False"
"D:\SIH\IceBerg\dataSet\SIH\DATA_Sea_ice_drift_concentration\ice_conc_sh_polstere-100_amsr2_202309301200.nc","8077156","22-09-2026 22:07:02","False"
"D:\SIH\IceBerg\dataSet\SIH\DATA_Sea_ice_drift_concentration\ice_conc_sh_polstere-100_amsr2_202310011200.nc","8033585","23-09-2026 00:48:16","False"
"D:\SIH\IceBerg\dataSet\SIH\DATA_Sea_ice_drift_concentration\ice_conc_sh_polstere-100_amsr2_202310021200.nc","8166897","23-09-2026 00:48:18","False"
"D:\SIH\IceBerg\dataSet\SIH\DATA_Sea_ice_drift_concentration\ice_conc_sh_polstere-100_amsr2_202310031200.nc","8051684","23-09-2026 00:48:20","False"
"D:\SIH\IceBerg\dataSet\SIH\DATA_Sea_ice_drift_concentration\ice_conc_sh_polstere-100_amsr2_202310041200.nc","8179028","23-09-2026 00:48:24","False"
"D:\SIH\IceBerg\dataSet\SIH\DATA_Sea_ice_drift_concentration\ice_conc_sh_polstere-100_amsr2_202310051200.nc","8094169","23-09-2026 00:48:26","False"
"D:\SIH\IceBerg\dataSet\SIH\DATA_Sea_ice_drift_concentration\ice_conc_sh_polstere-100_amsr2_202310061200.nc","8067366","23-09-2026 00:48:30","False"
"D:\SIH\IceBerg\dataSet\SIH\DATA_Sea_ice_drift_concentration\ice_conc_sh_polstere-100_amsr2_202310071200.nc","8052818","23-09-2026 00:48:32","False"
"D:\SIH\IceBerg\dataSet\SIH\DATA_Sea_ice_drift_concentration\ice_conc_sh_polstere-100_amsr2_202310081200.nc","8014222","23-09-2026 00:48:36","False"
"D:\SIH\IceBerg\dataSet\SIH\DATA_Sea_ice_drift_concentration\ice_conc_sh_polstere-100_amsr2_202310091200.nc","7898939","23-09-2026 00:48:40","False"
"D:\SIH\IceBerg\dataSet\SIH\DATA_Sea_ice_drift_concentration\ice_conc_sh_polstere-100_amsr2_202310101200.nc","7908733","23-09-2026 00:48:42","False"
"D:\SIH\IceBerg\dataSet\SIH\DATA_Sea_ice_drift_concentration\ice_conc_sh_polstere-100_amsr2_202310111200.nc","7877871","23-09-2026 00:48:44","False"
"D:\SIH\IceBerg\dataSet\SIH\DATA_Sea_ice_drift_concentration\ice_conc_sh_polstere-100_amsr2_202310121200.nc","7971932","23-09-2026 00:48:46","False"
"D:\SIH\IceBerg\dataSet\SIH\DATA_Sea_ice_drift_concentration\ice_conc_sh_polstere-100_amsr2_202310131200.nc","7976819","23-09-2026 00:48:50","False"
"D:\SIH\IceBerg\dataSet\SIH\DATA_Sea_ice_drift_concentration\ice_conc_sh_polstere-100_amsr2_202310141200.nc","8008260","23-09-2026 00:48:52","False"
"D:\SIH\IceBerg\dataSet\SIH\DATA_Sea_ice_drift_concentration\ice_conc_sh_polstere-100_amsr2_202310151200.nc","7909220","23-09-2026 00:48:56","False"
"D:\SIH\IceBerg\dataSet\SIH\DATA_Sea_ice_drift_concentration\ice_conc_sh_polstere-100_amsr2_202310161200.nc","7974132","23-09-2026 00:48:58","False"
"D:\SIH\IceBerg\dataSet\SIH\DATA_Sea_ice_drift_concentration\ice_conc_sh_polstere-100_amsr2_202310171200.nc","8036040","23-09-2026 00:49:00","False"
"D:\SIH\IceBerg\dataSet\SIH\DATA_Sea_ice_drift_concentration\ice_conc_sh_polstere-100_amsr2_202310181200.nc","8066406","23-09-2026 00:49:02","False"
"D:\SIH\IceBerg\dataSet\SIH\DATA_Sea_ice_drift_concentration\ice_conc_sh_polstere-100_amsr2_202310191200.nc","7918932","23-09-2026 00:49:06","False"
"D:\SIH\IceBerg\dataSet\SIH\DATA_Sea_ice_drift_concentration\ice_conc_sh_polstere-100_amsr2_202310201200.nc","7885979","23-09-2026 00:49:08","False"
"D:\SIH\IceBerg\dataSet\SIH\DATA_Sea_ice_drift_concentration\ice_conc_sh_polstere-100_amsr2_202310211200.nc","7916854","23-09-2026 00:49:10","False"
"D:\SIH\IceBerg\dataSet\SIH\DATA_Sea_ice_drift_concentration\ice_conc_sh_polstere-100_amsr2_202310221200.nc","7935704","23-09-2026 00:49:12","False"
"D:\SIH\IceBerg\dataSet\SIH\DATA_Sea_ice_drift_concentration\ice_conc_sh_polstere-100_amsr2_202310231200.nc","8045998","23-09-2026 00:49:16","False"
"D:\SIH\IceBerg\dataSet\SIH\DATA_Sea_ice_drift_concentration\ice_conc_sh_polstere-100_amsr2_202310241200.nc","7982878","23-09-2026 00:49:18","False"
"D:\SIH\IceBerg\dataSet\SIH\DATA_Sea_ice_drift_concentration\ice_conc_sh_polstere-100_amsr2_202310251200.nc","7930669","23-09-2026 00:49:20","False"
"D:\SIH\IceBerg\dataSet\SIH\DATA_Sea_ice_drift_concentration\ice_conc_sh_polstere-100_amsr2_202310261200.nc","7949549","23-09-2026 00:49:22","False"
"D:\SIH\IceBerg\dataSet\SIH\DATA_Sea_ice_drift_concentration\ice_conc_sh_polstere-100_amsr2_202310271200.nc","8026607","23-09-2026 00:49:26","False"
"D:\SIH\IceBerg\dataSet\SIH\DATA_Sea_ice_drift_concentration\ice_conc_sh_polstere-100_amsr2_202310281200.nc","8093205","23-09-2026 00:49:28","False"
"D:\SIH\IceBerg\dataSet\SIH\DATA_Sea_ice_drift_concentration\ice_conc_sh_polstere-100_amsr2_202310291200.nc","8142902","23-09-2026 00:49:30","False"
"D:\SIH\IceBerg\dataSet\SIH\DATA_Sea_ice_drift_concentration\ice_conc_sh_polstere-100_amsr2_202310301200.nc","8068366","23-09-2026 00:49:34","False"
"D:\SIH\IceBerg\dataSet\SIH\DATA_Sea_ice_drift_concentration\ice_conc_sh_polstere-100_amsr2_202310311200.nc","7917454","23-09-2026 00:49:36","False"
"D:\SIH\IceBerg\dataSet\SIH\DATA_Sea_ice_drift_concentration\ice_conc_sh_polstere-100_amsr2_202311011200 (1).nc","8030172","23-09-2026 00:49:40","False"
"D:\SIH\IceBerg\dataSet\SIH\DATA_Sea_ice_drift_concentration\ice_conc_sh_polstere-100_amsr2_202311011200.nc","8030172","22-09-2026 22:07:08","False"
"D:\SIH\IceBerg\dataSet\SIH\DATA_Sea_ice_drift_concentration\ice_conc_sh_polstere-100_amsr2_202311021200 (1).nc","8038000","23-09-2026 00:49:42","False"
"D:\SIH\IceBerg\dataSet\SIH\DATA_Sea_ice_drift_concentration\ice_conc_sh_polstere-100_amsr2_202311021200.nc","8038000","22-09-2026 22:07:12","False"
"D:\SIH\IceBerg\dataSet\SIH\DATA_Sea_ice_drift_concentration\ice_conc_sh_polstere-100_amsr2_202311031200 (1).nc","8007251","23-09-2026 00:49:46","False"
"D:\SIH\IceBerg\dataSet\SIH\DATA_Sea_ice_drift_concentration\ice_conc_sh_polstere-100_amsr2_202311031200.nc","8007251","22-09-2026 22:07:14","False"
"D:\SIH\IceBerg\dataSet\SIH\DATA_Sea_ice_drift_concentration\ice_conc_sh_polstere-100_amsr2_202311041200 (1).nc","8002218","23-09-2026 00:49:48","False"
"D:\SIH\IceBerg\dataSet\SIH\DATA_Sea_ice_drift_concentration\ice_conc_sh_polstere-100_amsr2_202311041200.nc","8002218","22-09-2026 22:07:16","False"
"D:\SIH\IceBerg\dataSet\SIH\DATA_Sea_ice_drift_concentration\ice_conc_sh_polstere-100_amsr2_202311051200 (1).nc","7999316","23-09-2026 00:49:50","False"
"D:\SIH\IceBerg\dataSet\SIH\DATA_Sea_ice_drift_concentration\ice_conc_sh_polstere-100_amsr2_202311051200.nc","7999316","22-09-2026 22:07:20","False"
"D:\SIH\IceBerg\dataSet\SIH\DATA_Sea_ice_drift_concentration\ice_conc_sh_polstere-100_amsr2_202311061200 (1).nc","7957407","23-09-2026 00:49:52","False"
"D:\SIH\IceBerg\dataSet\SIH\DATA_Sea_ice_drift_concentration\ice_conc_sh_polstere-100_amsr2_202311061200.nc","7957407","22-09-2026 22:07:22","False"
"D:\SIH\IceBerg\dataSet\SIH\DATA_Sea_ice_drift_concentration\ice_conc_sh_polstere-100_amsr2_202311071200 (1).nc","7961557","23-09-2026 00:49:56","False"
"D:\SIH\IceBerg\dataSet\SIH\DATA_Sea_ice_drift_concentration\ice_conc_sh_polstere-100_amsr2_202311071200.nc","7961557","22-09-2026 22:07:24","False"
"D:\SIH\IceBerg\dataSet\SIH\DATA_Sea_ice_drift_concentration\ice_conc_sh_polstere-100_amsr2_202311081200 (1).nc","8043962","23-09-2026 00:50:00","False"
"D:\SIH\IceBerg\dataSet\SIH\DATA_Sea_ice_drift_concentration\ice_conc_sh_polstere-100_amsr2_202311081200.nc","8043962","22-09-2026 22:07:28","False"
"D:\SIH\IceBerg\dataSet\SIH\DATA_Sea_ice_drift_concentration\ice_conc_sh_polstere-100_amsr2_202311091200 (1).nc","8000428","23-09-2026 00:50:02","False"
"D:\SIH\IceBerg\dataSet\SIH\DATA_Sea_ice_drift_concentration\ice_conc_sh_polstere-100_amsr2_202311091200.nc","8000428","22-09-2026 22:07:30","False"
"D:\SIH\IceBerg\dataSet\SIH\DATA_Sea_ice_drift_concentration\ice_conc_sh_polstere-100_amsr2_202311101200 (1).nc","8019874","23-09-2026 00:50:04","False"
"D:\SIH\IceBerg\dataSet\SIH\DATA_Sea_ice_drift_concentration\ice_conc_sh_polstere-100_amsr2_202311101200.nc","8019874","22-09-2026 22:07:34","False"
"D:\SIH\IceBerg\dataSet\SIH\DATA_Sea_ice_drift_concentration\ice_conc_sh_polstere-100_amsr2_202311111200 (1).nc","8002813","23-09-2026 00:50:08","False"
"D:\SIH\IceBerg\dataSet\SIH\DATA_Sea_ice_drift_concentration\ice_conc_sh_polstere-100_amsr2_202311111200.nc","8002813","22-09-2026 22:07:38","False"
"D:\SIH\IceBerg\dataSet\SIH\DATA_Sea_ice_drift_concentration\ice_conc_sh_polstere-100_amsr2_202311121200 (1).nc","7990277","23-09-2026 00:50:10","False"
"D:\SIH\IceBerg\dataSet\SIH\DATA_Sea_ice_drift_concentration\ice_conc_sh_polstere-100_amsr2_202311121200.nc","7990277","22-09-2026 22:07:40","False"
"D:\SIH\IceBerg\dataSet\SIH\DATA_Sea_ice_drift_concentration\ice_conc_sh_polstere-100_amsr2_202311131200 (1).nc","8017676","23-09-2026 00:50:12","False"
"D:\SIH\IceBerg\dataSet\SIH\DATA_Sea_ice_drift_concentration\ice_conc_sh_polstere-100_amsr2_202311131200.nc","8017676","22-09-2026 22:07:42","False"
"D:\SIH\IceBerg\dataSet\SIH\DATA_Sea_ice_drift_concentration\ice_conc_sh_polstere-100_amsr2_202311141200 (1).nc","7914021","23-09-2026 00:50:16","False"
"D:\SIH\IceBerg\dataSet\SIH\DATA_Sea_ice_drift_concentration\ice_conc_sh_polstere-100_amsr2_202311141200.nc","7914021","22-09-2026 22:07:46","False"
"D:\SIH\IceBerg\dataSet\SIH\DATA_Sea_ice_drift_concentration\ice_conc_sh_polstere-100_amsr2_202311151200 (1).nc","7981838","23-09-2026 00:50:18","False"
"D:\SIH\IceBerg\dataSet\SIH\DATA_Sea_ice_drift_concentration\ice_conc_sh_polstere-100_amsr2_202311151200.nc","7981838","22-09-2026 22:07:48","False"
"D:\SIH\IceBerg\dataSet\SIH\DATA_Sea_ice_drift_concentration\ice_conc_sh_polstere-100_amsr2_202311161200 (1).nc","7993980","23-09-2026 00:50:20","False"
"D:\SIH\IceBerg\dataSet\SIH\DATA_Sea_ice_drift_concentration\ice_conc_sh_polstere-100_amsr2_202311161200.nc","7993980","22-09-2026 22:07:52","False"
"D:\SIH\IceBerg\dataSet\SIH\DATA_Sea_ice_drift_concentration\ice_conc_sh_polstere-100_amsr2_202311171200 (1).nc","8006384","23-09-2026 00:50:22","False"
"D:\SIH\IceBerg\dataSet\SIH\DATA_Sea_ice_drift_concentration\ice_conc_sh_polstere-100_amsr2_202311171200.nc","8006384","22-09-2026 22:07:54","False"
"D:\SIH\IceBerg\dataSet\SIH\DATA_Sea_ice_drift_concentration\ice_conc_sh_polstere-100_amsr2_202311181200 (1).nc","7967061","23-09-2026 00:50:26","False"
"D:\SIH\IceBerg\dataSet\SIH\DATA_Sea_ice_drift_concentration\ice_conc_sh_polstere-100_amsr2_202311181200.nc","7967061","22-09-2026 22:07:54","False"
"D:\SIH\IceBerg\dataSet\SIH\DATA_Sea_ice_drift_concentration\ice_conc_sh_polstere-100_amsr2_202311191200 (1).nc","7999384","23-09-2026 00:50:28","False"
"D:\SIH\IceBerg\dataSet\SIH\DATA_Sea_ice_drift_concentration\ice_conc_sh_polstere-100_amsr2_202311191200.nc","7999384","22-09-2026 22:07:58","False"
"D:\SIH\IceBerg\dataSet\SIH\DATA_Sea_ice_drift_concentration\ice_conc_sh_polstere-100_amsr2_202311201200 (1).nc","8028854","23-09-2026 00:50:30","False"
"D:\SIH\IceBerg\dataSet\SIH\DATA_Sea_ice_drift_concentration\ice_conc_sh_polstere-100_amsr2_202311201200.nc","8028854","22-09-2026 22:08:00","False"
"D:\SIH\IceBerg\dataSet\SIH\DATA_Sea_ice_drift_concentration\ice_conc_sh_polstere-100_amsr2_202311211200 (1).nc","8070114","23-09-2026 00:50:32","False"
"D:\SIH\IceBerg\dataSet\SIH\DATA_Sea_ice_drift_concentration\ice_conc_sh_polstere-100_amsr2_202311211200.nc","8070114","22-09-2026 22:08:02","False"
"D:\SIH\IceBerg\dataSet\SIH\DATA_Sea_ice_drift_concentration\ice_conc_sh_polstere-100_amsr2_202311221200 (1).nc","8118750","23-09-2026 00:50:36","False"
"D:\SIH\IceBerg\dataSet\SIH\DATA_Sea_ice_drift_concentration\ice_conc_sh_polstere-100_amsr2_202311221200.nc","8118750","22-09-2026 22:08:06","False"
"D:\SIH\IceBerg\dataSet\SIH\DATA_Sea_ice_drift_concentration\ice_conc_sh_polstere-100_amsr2_202311231200 (1).nc","8071163","23-09-2026 00:50:38","False"
"D:\SIH\IceBerg\dataSet\SIH\DATA_Sea_ice_drift_concentration\ice_conc_sh_polstere-100_amsr2_202311231200.nc","8071163","22-09-2026 22:08:08","False"
"D:\SIH\IceBerg\dataSet\SIH\DATA_Sea_ice_drift_concentration\ice_conc_sh_polstere-100_amsr2_202311241200 (1).nc","8051834","23-09-2026 00:50:42","False"
"D:\SIH\IceBerg\dataSet\SIH\DATA_Sea_ice_drift_concentration\ice_conc_sh_polstere-100_amsr2_202311241200.nc","8051834","22-09-2026 22:08:12","False"
"D:\SIH\IceBerg\dataSet\SIH\DATA_Sea_ice_drift_concentration\ice_conc_sh_polstere-100_amsr2_202311251200 (1).nc","8011238","23-09-2026 00:50:44","False"
"D:\SIH\IceBerg\dataSet\SIH\DATA_Sea_ice_drift_concentration\ice_conc_sh_polstere-100_amsr2_202311251200.nc","8011238","22-09-2026 22:08:14","False"
"D:\SIH\IceBerg\dataSet\SIH\DATA_Sea_ice_drift_concentration\ice_conc_sh_polstere-100_amsr2_202311261200 (1).nc","8014387","23-09-2026 00:50:46","False"
"D:\SIH\IceBerg\dataSet\SIH\DATA_Sea_ice_drift_concentration\ice_conc_sh_polstere-100_amsr2_202311261200.nc","8014387","22-09-2026 22:08:16","False"
"D:\SIH\IceBerg\dataSet\SIH\DATA_Sea_ice_drift_concentration\ice_conc_sh_polstere-100_amsr2_202311271200 (1).nc","8058040","23-09-2026 00:50:50","False"
"D:\SIH\IceBerg\dataSet\SIH\DATA_Sea_ice_drift_concentration\ice_conc_sh_polstere-100_amsr2_202311271200.nc","8058040","22-09-2026 22:08:18","False"
"D:\SIH\IceBerg\dataSet\SIH\DATA_Sea_ice_drift_concentration\ice_conc_sh_polstere-100_amsr2_202311281200 (1).nc","8028853","23-09-2026 00:50:52","False"
"D:\SIH\IceBerg\dataSet\SIH\DATA_Sea_ice_drift_concentration\ice_conc_sh_polstere-100_amsr2_202311281200.nc","8028853","22-09-2026 22:08:20","False"
"D:\SIH\IceBerg\dataSet\SIH\DATA_Sea_ice_drift_concentration\ice_conc_sh_polstere-100_amsr2_202311291200 (1).nc","8060197","23-09-2026 00:50:54","False"
"D:\SIH\IceBerg\dataSet\SIH\DATA_Sea_ice_drift_concentration\ice_conc_sh_polstere-100_amsr2_202311291200.nc","8060197","22-09-2026 22:08:22","False"
"D:\SIH\IceBerg\dataSet\SIH\DATA_Sea_ice_drift_concentration\ice_conc_sh_polstere-100_amsr2_202311301200 (1).nc","8049455","23-09-2026 00:50:58","False"
"D:\SIH\IceBerg\dataSet\SIH\DATA_Sea_ice_drift_concentration\ice_conc_sh_polstere-100_amsr2_202311301200.nc","8049455","22-09-2026 22:08:24","False"
"D:\SIH\IceBerg\dataSet\SIH\DATA_Sea_ice_drift_concentration\ice_conc_sh_polstere-100_amsr2_202312011200 (1).nc","8139884","23-09-2026 00:51:06","False"
"D:\SIH\IceBerg\dataSet\SIH\DATA_Sea_ice_drift_concentration\ice_conc_sh_polstere-100_amsr2_202312011200.nc","8139884","22-09-2026 22:08:30","False"
"D:\SIH\IceBerg\dataSet\SIH\DATA_Sea_ice_drift_concentration\ice_conc_sh_polstere-100_amsr2_202312021200 (1).nc","8133123","23-09-2026 00:51:08","False"
"D:\SIH\IceBerg\dataSet\SIH\DATA_Sea_ice_drift_concentration\ice_conc_sh_polstere-100_amsr2_202312021200.nc","8133123","22-09-2026 22:08:32","False"
"D:\SIH\IceBerg\dataSet\SIH\DATA_Sea_ice_drift_concentration\ice_conc_sh_polstere-100_amsr2_202312031200 (1).nc","8086594","23-09-2026 00:51:10","False"
"D:\SIH\IceBerg\dataSet\SIH\DATA_Sea_ice_drift_concentration\ice_conc_sh_polstere-100_amsr2_202312031200.nc","8086594","22-09-2026 22:08:36","False"
"D:\SIH\IceBerg\dataSet\SIH\DATA_Sea_ice_drift_concentration\ice_conc_sh_polstere-100_amsr2_202312041200 (1).nc","8181723","23-09-2026 00:51:12","False"
"D:\SIH\IceBerg\dataSet\SIH\DATA_Sea_ice_drift_concentration\ice_conc_sh_polstere-100_amsr2_202312041200.nc","8181723","22-09-2026 22:08:38","False"
"D:\SIH\IceBerg\dataSet\SIH\DATA_Sea_ice_drift_concentration\ice_conc_sh_polstere-100_amsr2_202312051200 (1).nc","8223386","23-09-2026 00:51:16","False"
"D:\SIH\IceBerg\dataSet\SIH\DATA_Sea_ice_drift_concentration\ice_conc_sh_polstere-100_amsr2_202312051200.nc","8223386","22-09-2026 22:08:42","False"
"D:\SIH\IceBerg\dataSet\SIH\DATA_Sea_ice_drift_concentration\ice_conc_sh_polstere-100_amsr2_202312061200 (1).nc","8200447","23-09-2026 00:51:18","False"
"D:\SIH\IceBerg\dataSet\SIH\DATA_Sea_ice_drift_concentration\ice_conc_sh_polstere-100_amsr2_202312061200.nc","8200447","22-09-2026 22:08:44","False"
"D:\SIH\IceBerg\dataSet\SIH\DATA_Sea_ice_drift_concentration\ice_conc_sh_polstere-100_amsr2_202312071200 (1).nc","8142768","23-09-2026 00:51:22","False"
"D:\SIH\IceBerg\dataSet\SIH\DATA_Sea_ice_drift_concentration\ice_conc_sh_polstere-100_amsr2_202312071200.nc","8142768","22-09-2026 22:08:46","False"
"D:\SIH\IceBerg\dataSet\SIH\DATA_Sea_ice_drift_concentration\ice_conc_sh_polstere-100_amsr2_202312081200 (1).nc","8211500","23-09-2026 00:51:24","False"
"D:\SIH\IceBerg\dataSet\SIH\DATA_Sea_ice_drift_concentration\ice_conc_sh_polstere-100_amsr2_202312081200.nc","8211500","22-09-2026 22:08:48","False"
"D:\SIH\IceBerg\dataSet\SIH\DATA_Sea_ice_drift_concentration\ice_conc_sh_polstere-100_amsr2_202312091200 (1).nc","8217647","23-09-2026 00:51:26","False"
"D:\SIH\IceBerg\dataSet\SIH\DATA_Sea_ice_drift_concentration\ice_conc_sh_polstere-100_amsr2_202312091200.nc","8217647","22-09-2026 22:08:52","False"
"D:\SIH\IceBerg\dataSet\SIH\DATA_Sea_ice_drift_concentration\ice_conc_sh_polstere-100_amsr2_202312101200 (1).nc","8239692","23-09-2026 00:51:28","False"
"D:\SIH\IceBerg\dataSet\SIH\DATA_Sea_ice_drift_concentration\ice_conc_sh_polstere-100_amsr2_202312101200.nc","8239692","22-09-2026 22:08:56","False"
"D:\SIH\IceBerg\dataSet\SIH\DATA_Sea_ice_drift_concentration\ice_conc_sh_polstere-100_amsr2_202312111200 (1).nc","8221067","23-09-2026 00:51:32","False"
"D:\SIH\IceBerg\dataSet\SIH\DATA_Sea_ice_drift_concentration\ice_conc_sh_polstere-100_amsr2_202312111200.nc","8221067","22-09-2026 22:08:58","False"
"D:\SIH\IceBerg\dataSet\SIH\DATA_Sea_ice_drift_concentration\ice_conc_sh_polstere-100_amsr2_202312121200 (1).nc","8228300","23-09-2026 00:51:34","False"
"D:\SIH\IceBerg\dataSet\SIH\DATA_Sea_ice_drift_concentration\ice_conc_sh_polstere-100_amsr2_202312121200.nc","8228300","22-09-2026 22:09:00","False"
"D:\SIH\IceBerg\dataSet\SIH\DATA_Sea_ice_drift_concentration\ice_conc_sh_polstere-100_amsr2_202312131200 (1).nc","8206840","23-09-2026 00:51:36","False"
"D:\SIH\IceBerg\dataSet\SIH\DATA_Sea_ice_drift_concentration\ice_conc_sh_polstere-100_amsr2_202312131200.nc","8206840","22-09-2026 22:09:04","False"
"D:\SIH\IceBerg\dataSet\SIH\DATA_Sea_ice_drift_concentration\ice_conc_sh_polstere-100_amsr2_202312141200 (1).nc","8202922","23-09-2026 00:51:38","False"
"D:\SIH\IceBerg\dataSet\SIH\DATA_Sea_ice_drift_concentration\ice_conc_sh_polstere-100_amsr2_202312141200.nc","8202922","22-09-2026 22:09:06","False"
"D:\SIH\IceBerg\dataSet\SIH\DATA_Sea_ice_drift_concentration\ice_conc_sh_polstere-100_amsr2_202312151200 (1).nc","8125941","23-09-2026 00:51:40","False"
"D:\SIH\IceBerg\dataSet\SIH\DATA_Sea_ice_drift_concentration\ice_conc_sh_polstere-100_amsr2_202312151200.nc","8125941","22-09-2026 22:09:10","False"
"D:\SIH\IceBerg\dataSet\SIH\DATA_Sea_ice_drift_concentration\ice_conc_sh_polstere-100_amsr2_202312161200 (1).nc","8165594","23-09-2026 00:51:44","False"
"D:\SIH\IceBerg\dataSet\SIH\DATA_Sea_ice_drift_concentration\ice_conc_sh_polstere-100_amsr2_202312161200.nc","8165594","22-09-2026 22:09:12","False"
"D:\SIH\IceBerg\dataSet\SIH\DATA_Sea_ice_drift_concentration\ice_conc_sh_polstere-100_amsr2_202312171200 (1).nc","8220840","23-09-2026 00:51:46","False"
"D:\SIH\IceBerg\dataSet\SIH\DATA_Sea_ice_drift_concentration\ice_conc_sh_polstere-100_amsr2_202312171200.nc","8220840","22-09-2026 22:09:14","False"
"D:\SIH\IceBerg\dataSet\SIH\DATA_Sea_ice_drift_concentration\ice_conc_sh_polstere-100_amsr2_202312181200 (1).nc","8295319","23-09-2026 00:51:48","False"
"D:\SIH\IceBerg\dataSet\SIH\DATA_Sea_ice_drift_concentration\ice_conc_sh_polstere-100_amsr2_202312181200.nc","8295319","22-09-2026 22:09:18","False"
"D:\SIH\IceBerg\dataSet\SIH\DATA_Sea_ice_drift_concentration\ice_conc_sh_polstere-100_amsr2_202312191200 (1).nc","8156498","23-09-2026 00:51:50","False"
"D:\SIH\IceBerg\dataSet\SIH\DATA_Sea_ice_drift_concentration\ice_conc_sh_polstere-100_amsr2_202312191200.nc","8156498","22-09-2026 22:09:20","False"
"D:\SIH\IceBerg\dataSet\SIH\DATA_Sea_ice_drift_concentration\ice_conc_sh_polstere-100_amsr2_202312201200 (1).nc","8231365","23-09-2026 00:51:52","False"
"D:\SIH\IceBerg\dataSet\SIH\DATA_Sea_ice_drift_concentration\ice_conc_sh_polstere-100_amsr2_202312201200.nc","8231365","22-09-2026 22:09:22","False"
"D:\SIH\IceBerg\dataSet\SIH\DATA_Sea_ice_drift_concentration\ice_conc_sh_polstere-100_amsr2_202312211200 (1).nc","8215004","23-09-2026 00:51:56","False"
"D:\SIH\IceBerg\dataSet\SIH\DATA_Sea_ice_drift_concentration\ice_conc_sh_polstere-100_amsr2_202312211200.nc","8215004","22-09-2026 22:09:24","False"
"D:\SIH\IceBerg\dataSet\SIH\DATA_Sea_ice_drift_concentration\ice_conc_sh_polstere-100_amsr2_202312221200 (1).nc","8246697","23-09-2026 00:51:58","False"
"D:\SIH\IceBerg\dataSet\SIH\DATA_Sea_ice_drift_concentration\ice_conc_sh_polstere-100_amsr2_202312221200.nc","8246697","22-09-2026 22:09:28","False"
"D:\SIH\IceBerg\dataSet\SIH\DATA_Sea_ice_drift_concentration\ice_conc_sh_polstere-100_amsr2_202312231200 (1).nc","8243120","23-09-2026 00:52:02","False"
"D:\SIH\IceBerg\dataSet\SIH\DATA_Sea_ice_drift_concentration\ice_conc_sh_polstere-100_amsr2_202312231200.nc","8243120","22-09-2026 22:09:30","False"
"D:\SIH\IceBerg\dataSet\SIH\DATA_Sea_ice_drift_concentration\ice_conc_sh_polstere-100_amsr2_202312241200 (1).nc","8304692","23-09-2026 00:52:04","False"
"D:\SIH\IceBerg\dataSet\SIH\DATA_Sea_ice_drift_concentration\ice_conc_sh_polstere-100_amsr2_202312241200.nc","8304692","22-09-2026 22:09:34","False"
"D:\SIH\IceBerg\dataSet\SIH\DATA_Sea_ice_drift_concentration\ice_conc_sh_polstere-100_amsr2_202312251200 (1).nc","8291604","23-09-2026 00:52:06","False"
"D:\SIH\IceBerg\dataSet\SIH\DATA_Sea_ice_drift_concentration\ice_conc_sh_polstere-100_amsr2_202312251200.nc","8291604","22-09-2026 22:09:36","False"
"D:\SIH\IceBerg\dataSet\SIH\DATA_Sea_ice_drift_concentration\ice_conc_sh_polstere-100_amsr2_202312261200 (1).nc","8306216","23-09-2026 00:52:08","False"
"D:\SIH\IceBerg\dataSet\SIH\DATA_Sea_ice_drift_concentration\ice_conc_sh_polstere-100_amsr2_202312261200.nc","8306216","22-09-2026 22:09:40","False"
"D:\SIH\IceBerg\dataSet\SIH\DATA_Sea_ice_drift_concentration\ice_conc_sh_polstere-100_amsr2_202312271200 (1).nc","8293937","23-09-2026 00:52:10","False"
"D:\SIH\IceBerg\dataSet\SIH\DATA_Sea_ice_drift_concentration\ice_conc_sh_polstere-100_amsr2_202312271200.nc","8293937","22-09-2026 22:09:42","False"
"D:\SIH\IceBerg\dataSet\SIH\DATA_Sea_ice_drift_concentration\ice_conc_sh_polstere-100_amsr2_202312281200 (1).nc","8285992","23-09-2026 00:52:14","False"
"D:\SIH\IceBerg\dataSet\SIH\DATA_Sea_ice_drift_concentration\ice_conc_sh_polstere-100_amsr2_202312281200.nc","8285992","22-09-2026 22:09:46","False"
"D:\SIH\IceBerg\dataSet\SIH\DATA_Sea_ice_drift_concentration\ice_conc_sh_polstere-100_amsr2_202312291200 (1).nc","8215998","23-09-2026 00:52:16","False"
"D:\SIH\IceBerg\dataSet\SIH\DATA_Sea_ice_drift_concentration\ice_conc_sh_polstere-100_amsr2_202312291200.nc","8215998","22-09-2026 22:09:48","False"
"D:\SIH\IceBerg\dataSet\SIH\DATA_Sea_ice_drift_concentration\ice_conc_sh_polstere-100_amsr2_202312301200 (1).nc","8212671","23-09-2026 00:52:18","False"
"D:\SIH\IceBerg\dataSet\SIH\DATA_Sea_ice_drift_concentration\ice_conc_sh_polstere-100_amsr2_202312301200.nc","8212671","22-09-2026 22:09:52","False"
"D:\SIH\IceBerg\dataSet\SIH\DATA_Sea_ice_drift_concentration\ice_conc_sh_polstere-100_amsr2_202312311200 (1).nc","8206604","23-09-2026 00:52:22","False"
"D:\SIH\IceBerg\dataSet\SIH\DATA_Sea_ice_drift_concentration\ice_conc_sh_polstere-100_amsr2_202312311200.nc","8206604","22-09-2026 22:09:54","False"
"D:\SIH\IceBerg\dataSet\SIH\DATA_Sea_ice_drift_concentration\ice_conc_sh_polstere-100_amsr2_202401011200 (1).nc","8224313","23-09-2026 00:52:28","False"
"D:\SIH\IceBerg\dataSet\SIH\DATA_Sea_ice_drift_concentration\ice_conc_sh_polstere-100_amsr2_202401011200.nc","8224313","22-09-2026 22:16:38","False"
"D:\SIH\IceBerg\dataSet\SIH\DATA_Sea_ice_drift_concentration\ice_conc_sh_polstere-100_amsr2_202401021200 (1).nc","8181073","23-09-2026 00:52:30","False"
"D:\SIH\IceBerg\dataSet\SIH\DATA_Sea_ice_drift_concentration\ice_conc_sh_polstere-100_amsr2_202401021200.nc","8181073","22-09-2026 22:16:40","False"
"D:\SIH\IceBerg\dataSet\SIH\DATA_Sea_ice_drift_concentration\ice_conc_sh_polstere-100_amsr2_202401031200 (1).nc","8145536","23-09-2026 00:52:34","False"
"D:\SIH\IceBerg\dataSet\SIH\DATA_Sea_ice_drift_concentration\ice_conc_sh_polstere-100_amsr2_202401031200.nc","8145536","22-09-2026 22:16:44","False"
"D:\SIH\IceBerg\dataSet\SIH\DATA_Sea_ice_drift_concentration\ice_conc_sh_polstere-100_amsr2_202401041200 (1).nc","8235474","23-09-2026 00:52:36","False"
"D:\SIH\IceBerg\dataSet\SIH\DATA_Sea_ice_drift_concentration\ice_conc_sh_polstere-100_amsr2_202401041200.nc","8235474","22-09-2026 22:16:46","False"
"D:\SIH\IceBerg\dataSet\SIH\DATA_Sea_ice_drift_concentration\ice_conc_sh_polstere-100_amsr2_202401051200 (1).nc","8223250","23-09-2026 00:52:38","False"
"D:\SIH\IceBerg\dataSet\SIH\DATA_Sea_ice_drift_concentration\ice_conc_sh_polstere-100_amsr2_202401051200.nc","8223250","22-09-2026 22:16:50","False"
"D:\SIH\IceBerg\dataSet\SIH\DATA_Sea_ice_drift_concentration\ice_conc_sh_polstere-100_amsr2_202401061200 (1).nc","8256685","23-09-2026 00:52:42","False"
"D:\SIH\IceBerg\dataSet\SIH\DATA_Sea_ice_drift_concentration\ice_conc_sh_polstere-100_amsr2_202401061200.nc","8256685","22-09-2026 22:16:52","False"
"D:\SIH\IceBerg\dataSet\SIH\DATA_Sea_ice_drift_concentration\ice_conc_sh_polstere-100_amsr2_202401071200 (1).nc","8284746","23-09-2026 00:52:44","False"
"D:\SIH\IceBerg\dataSet\SIH\DATA_Sea_ice_drift_concentration\ice_conc_sh_polstere-100_amsr2_202401071200.nc","8284746","22-09-2026 22:16:54","False"
"D:\SIH\IceBerg\dataSet\SIH\DATA_Sea_ice_drift_concentration\ice_conc_sh_polstere-100_amsr2_202401081200 (1).nc","8270591","23-09-2026 00:52:46","False"
"D:\SIH\IceBerg\dataSet\SIH\DATA_Sea_ice_drift_concentration\ice_conc_sh_polstere-100_amsr2_202401081200.nc","8270591","22-09-2026 22:16:56","False"
"D:\SIH\IceBerg\dataSet\SIH\DATA_Sea_ice_drift_concentration\ice_conc_sh_polstere-100_amsr2_202401091200 (1).nc","8282021","23-09-2026 00:52:48","False"
"D:\SIH\IceBerg\dataSet\SIH\DATA_Sea_ice_drift_concentration\ice_conc_sh_polstere-100_amsr2_202401091200.nc","8282021","22-09-2026 22:17:00","False"
"D:\SIH\IceBerg\dataSet\SIH\DATA_Sea_ice_drift_concentration\ice_conc_sh_polstere-100_amsr2_202401101200 (1).nc","8248176","23-09-2026 00:52:50","False"
"D:\SIH\IceBerg\dataSet\SIH\DATA_Sea_ice_drift_concentration\ice_conc_sh_polstere-100_amsr2_202401101200.nc","8248176","22-09-2026 22:17:02","False"
"D:\SIH\IceBerg\dataSet\SIH\DATA_Sea_ice_drift_concentration\ice_conc_sh_polstere-100_amsr2_202401111200 (1).nc","8278573","23-09-2026 00:52:54","False"
"D:\SIH\IceBerg\dataSet\SIH\DATA_Sea_ice_drift_concentration\ice_conc_sh_polstere-100_amsr2_202401111200.nc","8278573","22-09-2026 22:17:04","False"
"D:\SIH\IceBerg\dataSet\SIH\DATA_Sea_ice_drift_concentration\ice_conc_sh_polstere-100_amsr2_202401121200 (1).nc","8285689","23-09-2026 00:52:56","False"
"D:\SIH\IceBerg\dataSet\SIH\DATA_Sea_ice_drift_concentration\ice_conc_sh_polstere-100_amsr2_202401121200.nc","8285689","22-09-2026 22:17:08","False"
"D:\SIH\IceBerg\dataSet\SIH\DATA_Sea_ice_drift_concentration\ice_conc_sh_polstere-100_amsr2_202401131200 (1).nc","8303480","23-09-2026 00:52:58","False"
"D:\SIH\IceBerg\dataSet\SIH\DATA_Sea_ice_drift_concentration\ice_conc_sh_polstere-100_amsr2_202401131200.nc","8303480","22-09-2026 22:17:10","False"
"D:\SIH\IceBerg\dataSet\SIH\DATA_Sea_ice_drift_concentration\ice_conc_sh_polstere-100_amsr2_202401141200 (1).nc","8237512","23-09-2026 00:53:02","False"
"D:\SIH\IceBerg\dataSet\SIH\DATA_Sea_ice_drift_concentration\ice_conc_sh_polstere-100_amsr2_202401141200.nc","8237512","22-09-2026 22:17:12","False"
"D:\SIH\IceBerg\dataSet\SIH\DATA_Sea_ice_drift_concentration\ice_conc_sh_polstere-100_amsr2_202401151200 (1).nc","8268426","23-09-2026 00:53:04","False"
"D:\SIH\IceBerg\dataSet\SIH\DATA_Sea_ice_drift_concentration\ice_conc_sh_polstere-100_amsr2_202401151200.nc","8268426","22-09-2026 22:17:14","False"
"D:\SIH\IceBerg\dataSet\SIH\DATA_Sea_ice_drift_concentration\ice_conc_sh_polstere-100_amsr2_202401161200 (1).nc","8296155","23-09-2026 00:53:06","False"
"D:\SIH\IceBerg\dataSet\SIH\DATA_Sea_ice_drift_concentration\ice_conc_sh_polstere-100_amsr2_202401161200.nc","8296155","22-09-2026 22:17:18","False"
"D:\SIH\IceBerg\dataSet\SIH\DATA_Sea_ice_drift_concentration\ice_conc_sh_polstere-100_amsr2_202401171200 (1).nc","8299207","23-09-2026 00:53:10","False"
"D:\SIH\IceBerg\dataSet\SIH\DATA_Sea_ice_drift_concentration\ice_conc_sh_polstere-100_amsr2_202401171200.nc","8299207","22-09-2026 22:17:20","False"
"D:\SIH\IceBerg\dataSet\SIH\DATA_Sea_ice_drift_concentration\ice_conc_sh_polstere-100_amsr2_202401181200 (1).nc","8267163","23-09-2026 00:53:12","False"
"D:\SIH\IceBerg\dataSet\SIH\DATA_Sea_ice_drift_concentration\ice_conc_sh_polstere-100_amsr2_202401181200.nc","8267163","22-09-2026 22:17:24","False"
"D:\SIH\IceBerg\dataSet\SIH\DATA_Sea_ice_drift_concentration\ice_conc_sh_polstere-100_amsr2_202401191200 (1).nc","8237045","23-09-2026 00:53:14","False"
"D:\SIH\IceBerg\dataSet\SIH\DATA_Sea_ice_drift_concentration\ice_conc_sh_polstere-100_amsr2_202401191200.nc","8237045","22-09-2026 22:17:26","False"
"D:\SIH\IceBerg\dataSet\SIH\DATA_Sea_ice_drift_concentration\ice_conc_sh_polstere-100_amsr2_202401201200 (1).nc","8288993","23-09-2026 00:53:16","False"
"D:\SIH\IceBerg\dataSet\SIH\DATA_Sea_ice_drift_concentration\ice_conc_sh_polstere-100_amsr2_202401201200.nc","8288993","22-09-2026 22:17:28","False"
"D:\SIH\IceBerg\dataSet\SIH\DATA_Sea_ice_drift_concentration\ice_conc_sh_polstere-100_amsr2_202401211200 (1).nc","8295546","23-09-2026 00:53:20","False"
"D:\SIH\IceBerg\dataSet\SIH\DATA_Sea_ice_drift_concentration\ice_conc_sh_polstere-100_amsr2_202401211200.nc","8295546","22-09-2026 22:17:30","False"
"D:\SIH\IceBerg\dataSet\SIH\DATA_Sea_ice_drift_concentration\ice_conc_sh_polstere-100_amsr2_202401221200 (1).nc","8251309","23-09-2026 00:53:22","False"
"D:\SIH\IceBerg\dataSet\SIH\DATA_Sea_ice_drift_concentration\ice_conc_sh_polstere-100_amsr2_202401221200.nc","8251309","22-09-2026 22:17:34","False"
"D:\SIH\IceBerg\dataSet\SIH\DATA_Sea_ice_drift_concentration\ice_conc_sh_polstere-100_amsr2_202401231200 (1).nc","8173894","23-09-2026 00:53:24","False"
"D:\SIH\IceBerg\dataSet\SIH\DATA_Sea_ice_drift_concentration\ice_conc_sh_polstere-100_amsr2_202401231200.nc","8173894","22-09-2026 22:17:36","False"
"D:\SIH\IceBerg\dataSet\SIH\DATA_Sea_ice_drift_concentration\ice_conc_sh_polstere-100_amsr2_202401241200 (1).nc","8291648","23-09-2026 00:53:26","False"
"D:\SIH\IceBerg\dataSet\SIH\DATA_Sea_ice_drift_concentration\ice_conc_sh_polstere-100_amsr2_202401241200.nc","8291648","22-09-2026 22:17:40","False"
"D:\SIH\IceBerg\dataSet\SIH\DATA_Sea_ice_drift_concentration\ice_conc_sh_polstere-100_amsr2_202401251200 (1).nc","8281996","23-09-2026 00:53:30","False"
"D:\SIH\IceBerg\dataSet\SIH\DATA_Sea_ice_drift_concentration\ice_conc_sh_polstere-100_amsr2_202401251200.nc","8281996","22-09-2026 22:17:42","False"
"D:\SIH\IceBerg\dataSet\SIH\DATA_Sea_ice_drift_concentration\ice_conc_sh_polstere-100_amsr2_202401261200 (1).nc","8254571","23-09-2026 00:53:34","False"
"D:\SIH\IceBerg\dataSet\SIH\DATA_Sea_ice_drift_concentration\ice_conc_sh_polstere-100_amsr2_202401261200.nc","8254571","22-09-2026 22:17:46","False"
"D:\SIH\IceBerg\dataSet\SIH\DATA_Sea_ice_drift_concentration\ice_conc_sh_polstere-100_amsr2_202401271200 (1).nc","8267762","23-09-2026 00:53:36","False"
"D:\SIH\IceBerg\dataSet\SIH\DATA_Sea_ice_drift_concentration\ice_conc_sh_polstere-100_amsr2_202401271200.nc","8267762","22-09-2026 22:17:48","False"
"D:\SIH\IceBerg\dataSet\SIH\DATA_Sea_ice_drift_concentration\ice_conc_sh_polstere-100_amsr2_202401281200 (1).nc","8294021","23-09-2026 00:53:38","False"
"D:\SIH\IceBerg\dataSet\SIH\DATA_Sea_ice_drift_concentration\ice_conc_sh_polstere-100_amsr2_202401281200.nc","8294021","22-09-2026 22:17:50","False"
"D:\SIH\IceBerg\dataSet\SIH\DATA_Sea_ice_drift_concentration\ice_conc_sh_polstere-100_amsr2_202401291200 (1).nc","8283471","23-09-2026 00:53:40","False"
"D:\SIH\IceBerg\dataSet\SIH\DATA_Sea_ice_drift_concentration\ice_conc_sh_polstere-100_amsr2_202401291200.nc","8283471","22-09-2026 22:17:52","False"
"D:\SIH\IceBerg\dataSet\SIH\DATA_Sea_ice_drift_concentration\ice_conc_sh_polstere-100_amsr2_202401301200 (1).nc","8325451","23-09-2026 00:53:42","False"
"D:\SIH\IceBerg\dataSet\SIH\DATA_Sea_ice_drift_concentration\ice_conc_sh_polstere-100_amsr2_202401301200.nc","8325451","22-09-2026 22:17:58","False"
"D:\SIH\IceBerg\dataSet\SIH\DATA_Sea_ice_drift_concentration\ice_conc_sh_polstere-100_amsr2_202401311200 (1).nc","8268575","23-09-2026 00:53:46","False"
"D:\SIH\IceBerg\dataSet\SIH\DATA_Sea_ice_drift_concentration\ice_conc_sh_polstere-100_amsr2_202401311200.nc","8268575","22-09-2026 22:18:00","False"
"D:\SIH\IceBerg\dataSet\SIH\DATA_Sea_ice_drift_concentration\ice_conc_sh_polstere-100_amsr2_202402011200 (1).nc","8287201","23-09-2026 00:53:50","False"
"D:\SIH\IceBerg\dataSet\SIH\DATA_Sea_ice_drift_concentration\ice_conc_sh_polstere-100_amsr2_202402011200.nc","8287201","22-09-2026 22:19:34","False"
"D:\SIH\IceBerg\dataSet\SIH\DATA_Sea_ice_drift_concentration\ice_conc_sh_polstere-100_amsr2_202402021200 (1).nc","8330680","23-09-2026 00:53:52","False"
"D:\SIH\IceBerg\dataSet\SIH\DATA_Sea_ice_drift_concentration\ice_conc_sh_polstere-100_amsr2_202402021200.nc","8330680","22-09-2026 22:19:36","False"
"D:\SIH\IceBerg\dataSet\SIH\DATA_Sea_ice_drift_concentration\ice_conc_sh_polstere-100_amsr2_202402031200 (1).nc","8325420","23-09-2026 00:53:54","False"
"D:\SIH\IceBerg\dataSet\SIH\DATA_Sea_ice_drift_concentration\ice_conc_sh_polstere-100_amsr2_202402031200.nc","8325420","22-09-2026 22:19:38","False"
"D:\SIH\IceBerg\dataSet\SIH\DATA_Sea_ice_drift_concentration\ice_conc_sh_polstere-100_amsr2_202402041200 (1).nc","8318131","23-09-2026 00:53:58","False"
"D:\SIH\IceBerg\dataSet\SIH\DATA_Sea_ice_drift_concentration\ice_conc_sh_polstere-100_amsr2_202402041200.nc","8318131","22-09-2026 22:19:40","False"
"D:\SIH\IceBerg\dataSet\SIH\DATA_Sea_ice_drift_concentration\ice_conc_sh_polstere-100_amsr2_202402051200 (1).nc","8354476","23-09-2026 00:54:00","False"
"D:\SIH\IceBerg\dataSet\SIH\DATA_Sea_ice_drift_concentration\ice_conc_sh_polstere-100_amsr2_202402051200.nc","8354476","22-09-2026 22:19:44","False"
"D:\SIH\IceBerg\dataSet\SIH\DATA_Sea_ice_drift_concentration\ice_conc_sh_polstere-100_amsr2_202402061200 (1).nc","8326029","23-09-2026 00:54:02","False"
"D:\SIH\IceBerg\dataSet\SIH\DATA_Sea_ice_drift_concentration\ice_conc_sh_polstere-100_amsr2_202402061200.nc","8326029","22-09-2026 22:19:46","False"
"D:\SIH\IceBerg\dataSet\SIH\DATA_Sea_ice_drift_concentration\ice_conc_sh_polstere-100_amsr2_202402071200 (1).nc","8339917","23-09-2026 00:54:04","False"
"D:\SIH\IceBerg\dataSet\SIH\DATA_Sea_ice_drift_concentration\ice_conc_sh_polstere-100_amsr2_202402071200.nc","8339917","22-09-2026 22:19:48","False"
"D:\SIH\IceBerg\dataSet\SIH\DATA_Sea_ice_drift_concentration\ice_conc_sh_polstere-100_amsr2_202402081200 (1).nc","8391213","23-09-2026 00:54:08","False"
"D:\SIH\IceBerg\dataSet\SIH\DATA_Sea_ice_drift_concentration\ice_conc_sh_polstere-100_amsr2_202402081200.nc","8391213","22-09-2026 22:19:52","False"
"D:\SIH\IceBerg\dataSet\SIH\DATA_Sea_ice_drift_concentration\ice_conc_sh_polstere-100_amsr2_202402091200 (1).nc","8367423","23-09-2026 00:54:10","False"
"D:\SIH\IceBerg\dataSet\SIH\DATA_Sea_ice_drift_concentration\ice_conc_sh_polstere-100_amsr2_202402091200.nc","8367423","22-09-2026 22:19:54","False"
"D:\SIH\IceBerg\dataSet\SIH\DATA_Sea_ice_drift_concentration\ice_conc_sh_polstere-100_amsr2_202402101200 (1).nc","8357827","23-09-2026 00:54:14","False"
"D:\SIH\IceBerg\dataSet\SIH\DATA_Sea_ice_drift_concentration\ice_conc_sh_polstere-100_amsr2_202402101200.nc","8357827","22-09-2026 22:19:56","False"
"D:\SIH\IceBerg\dataSet\SIH\DATA_Sea_ice_drift_concentration\ice_conc_sh_polstere-100_amsr2_202402111200 (1).nc","8376782","23-09-2026 00:54:16","False"
"D:\SIH\IceBerg\dataSet\SIH\DATA_Sea_ice_drift_concentration\ice_conc_sh_polstere-100_amsr2_202402111200.nc","8376782","22-09-2026 22:19:58","False"
"D:\SIH\IceBerg\dataSet\SIH\DATA_Sea_ice_drift_concentration\ice_conc_sh_polstere-100_amsr2_202402121200 (1).nc","8388646","23-09-2026 00:54:18","False"
"D:\SIH\IceBerg\dataSet\SIH\DATA_Sea_ice_drift_concentration\ice_conc_sh_polstere-100_amsr2_202402121200.nc","8388646","22-09-2026 22:20:04","False"
"D:\SIH\IceBerg\dataSet\SIH\DATA_Sea_ice_drift_concentration\ice_conc_sh_polstere-100_amsr2_202402131200 (1).nc","8360332","23-09-2026 00:54:20","False"
"D:\SIH\IceBerg\dataSet\SIH\DATA_Sea_ice_drift_concentration\ice_conc_sh_polstere-100_amsr2_202402131200.nc","8360332","22-09-2026 22:20:06","False"
"D:\SIH\IceBerg\dataSet\SIH\DATA_Sea_ice_drift_concentration\ice_conc_sh_polstere-100_amsr2_202402141200 (1).nc","8380005","23-09-2026 00:54:24","False"
"D:\SIH\IceBerg\dataSet\SIH\DATA_Sea_ice_drift_concentration\ice_conc_sh_polstere-100_amsr2_202402141200.nc","8380005","22-09-2026 22:20:08","False"
"D:\SIH\IceBerg\dataSet\SIH\DATA_Sea_ice_drift_concentration\ice_conc_sh_polstere-100_amsr2_202402151200 (1).nc","8408371","23-09-2026 00:54:26","False"
"D:\SIH\IceBerg\dataSet\SIH\DATA_Sea_ice_drift_concentration\ice_conc_sh_polstere-100_amsr2_202402151200.nc","8408371","22-09-2026 22:20:12","False"
"D:\SIH\IceBerg\dataSet\SIH\DATA_Sea_ice_drift_concentration\ice_conc_sh_polstere-100_amsr2_202402161200 (1).nc","8378495","23-09-2026 00:54:30","False"
"D:\SIH\IceBerg\dataSet\SIH\DATA_Sea_ice_drift_concentration\ice_conc_sh_polstere-100_amsr2_202402161200.nc","8378495","22-09-2026 22:20:14","False"
"D:\SIH\IceBerg\dataSet\SIH\DATA_Sea_ice_drift_concentration\ice_conc_sh_polstere-100_amsr2_202402171200 (1).nc","8389814","23-09-2026 00:54:32","False"
"D:\SIH\IceBerg\dataSet\SIH\DATA_Sea_ice_drift_concentration\ice_conc_sh_polstere-100_amsr2_202402171200.nc","8389814","22-09-2026 22:20:16","False"
"D:\SIH\IceBerg\dataSet\SIH\DATA_Sea_ice_drift_concentration\ice_conc_sh_polstere-100_amsr2_202402181200 (1).nc","8376375","23-09-2026 00:54:36","False"
"D:\SIH\IceBerg\dataSet\SIH\DATA_Sea_ice_drift_concentration\ice_conc_sh_polstere-100_amsr2_202402181200.nc","8376375","22-09-2026 22:20:20","False"
"D:\SIH\IceBerg\dataSet\SIH\DATA_Sea_ice_drift_concentration\ice_conc_sh_polstere-100_amsr2_202402191200 (1).nc","8405698","23-09-2026 00:54:38","False"
"D:\SIH\IceBerg\dataSet\SIH\DATA_Sea_ice_drift_concentration\ice_conc_sh_polstere-100_amsr2_202402191200.nc","8405698","22-09-2026 22:20:22","False"
"D:\SIH\IceBerg\dataSet\SIH\DATA_Sea_ice_drift_concentration\ice_conc_sh_polstere-100_amsr2_202402201200 (1).nc","8396281","23-09-2026 00:54:40","False"
"D:\SIH\IceBerg\dataSet\SIH\DATA_Sea_ice_drift_concentration\ice_conc_sh_polstere-100_amsr2_202402201200.nc","8396281","22-09-2026 22:20:24","False"
"D:\SIH\IceBerg\dataSet\SIH\DATA_Sea_ice_drift_concentration\ice_conc_sh_polstere-100_amsr2_202402211200 (1).nc","8414911","23-09-2026 00:54:42","False"
"D:\SIH\IceBerg\dataSet\SIH\DATA_Sea_ice_drift_concentration\ice_conc_sh_polstere-100_amsr2_202402211200.nc","8414911","22-09-2026 22:20:26","False"
"D:\SIH\IceBerg\dataSet\SIH\DATA_Sea_ice_drift_concentration\ice_conc_sh_polstere-100_amsr2_202402221200 (1).nc","8430560","23-09-2026 00:54:46","False"
"D:\SIH\IceBerg\dataSet\SIH\DATA_Sea_ice_drift_concentration\ice_conc_sh_polstere-100_amsr2_202402221200.nc","8430560","22-09-2026 22:20:30","False"
"D:\SIH\IceBerg\dataSet\SIH\DATA_Sea_ice_drift_concentration\ice_conc_sh_polstere-100_amsr2_202402231200 (1).nc","8413660","23-09-2026 00:54:48","False"
"D:\SIH\IceBerg\dataSet\SIH\DATA_Sea_ice_drift_concentration\ice_conc_sh_polstere-100_amsr2_202402231200.nc","8413660","22-09-2026 22:20:32","False"
"D:\SIH\IceBerg\dataSet\SIH\DATA_Sea_ice_drift_concentration\ice_conc_sh_polstere-100_amsr2_202402241200 (1).nc","8446442","23-09-2026 00:54:50","False"
"D:\SIH\IceBerg\dataSet\SIH\DATA_Sea_ice_drift_concentration\ice_conc_sh_polstere-100_amsr2_202402241200.nc","8446442","22-09-2026 22:20:36","False"
"D:\SIH\IceBerg\dataSet\SIH\DATA_Sea_ice_drift_concentration\ice_conc_sh_polstere-100_amsr2_202402251200 (1).nc","8434367","23-09-2026 00:54:54","False"
"D:\SIH\IceBerg\dataSet\SIH\DATA_Sea_ice_drift_concentration\ice_conc_sh_polstere-100_amsr2_202402251200.nc","8434367","22-09-2026 22:20:38","False"
"D:\SIH\IceBerg\dataSet\SIH\DATA_Sea_ice_drift_concentration\ice_conc_sh_polstere-100_amsr2_202402261200 (1).nc","8425699","23-09-2026 00:54:56","False"
"D:\SIH\IceBerg\dataSet\SIH\DATA_Sea_ice_drift_concentration\ice_conc_sh_polstere-100_amsr2_202402261200.nc","8425699","22-09-2026 22:20:40","False"
"D:\SIH\IceBerg\dataSet\SIH\DATA_Sea_ice_drift_concentration\ice_conc_sh_polstere-100_amsr2_202402271200 (1).nc","8409251","23-09-2026 00:54:58","False"
"D:\SIH\IceBerg\dataSet\SIH\DATA_Sea_ice_drift_concentration\ice_conc_sh_polstere-100_amsr2_202402271200.nc","8409251","22-09-2026 22:20:42","False"
"D:\SIH\IceBerg\dataSet\SIH\DATA_Sea_ice_drift_concentration\ice_conc_sh_polstere-100_amsr2_202402281200 (1).nc","8426594","23-09-2026 00:55:02","False"
"D:\SIH\IceBerg\dataSet\SIH\DATA_Sea_ice_drift_concentration\ice_conc_sh_polstere-100_amsr2_202402281200.nc","8426594","22-09-2026 22:20:44","False"
"D:\SIH\IceBerg\dataSet\SIH\DATA_Sea_ice_drift_concentration\ice_conc_sh_polstere-100_amsr2_202402291200 (1).nc","8374826","23-09-2026 00:55:04","False"
"D:\SIH\IceBerg\dataSet\SIH\DATA_Sea_ice_drift_concentration\ice_conc_sh_polstere-100_amsr2_202402291200.nc","8374826","22-09-2026 22:20:48","False"
"D:\SIH\IceBerg\dataSet\SIH\DATA_Sea_ice_drift_concentration\ice_conc_sh_polstere-100_amsr2_202403011200 (1).nc","8428648","23-09-2026 00:55:26","False"
"D:\SIH\IceBerg\dataSet\SIH\DATA_Sea_ice_drift_concentration\ice_conc_sh_polstere-100_amsr2_202403011200.nc","8428648","22-09-2026 22:36:12","False"
"D:\SIH\IceBerg\dataSet\SIH\DATA_Sea_ice_drift_concentration\ice_conc_sh_polstere-100_amsr2_202403021200 (1).nc","8446154","23-09-2026 00:55:30","False"
"D:\SIH\IceBerg\dataSet\SIH\DATA_Sea_ice_drift_concentration\ice_conc_sh_polstere-100_amsr2_202403021200.nc","8446154","22-09-2026 22:36:14","False"
"D:\SIH\IceBerg\dataSet\SIH\DATA_Sea_ice_drift_concentration\ice_conc_sh_polstere-100_amsr2_202403031200 (1).nc","8441316","23-09-2026 00:55:32","False"
"D:\SIH\IceBerg\dataSet\SIH\DATA_Sea_ice_drift_concentration\ice_conc_sh_polstere-100_amsr2_202403031200.nc","8441316","22-09-2026 22:36:16","False"
"D:\SIH\IceBerg\dataSet\SIH\DATA_Sea_ice_drift_concentration\ice_conc_sh_polstere-100_amsr2_202403041200 (1).nc","8439103","23-09-2026 00:55:34","False"
"D:\SIH\IceBerg\dataSet\SIH\DATA_Sea_ice_drift_concentration\ice_conc_sh_polstere-100_amsr2_202403041200.nc","8439103","22-09-2026 22:36:20","False"
"D:\SIH\IceBerg\dataSet\SIH\DATA_Sea_ice_drift_concentration\ice_conc_sh_polstere-100_amsr2_202403051200 (1).nc","8436873","23-09-2026 00:55:38","False"
"D:\SIH\IceBerg\dataSet\SIH\DATA_Sea_ice_drift_concentration\ice_conc_sh_polstere-100_amsr2_202403051200.nc","8436873","22-09-2026 22:36:22","False"
"D:\SIH\IceBerg\dataSet\SIH\DATA_Sea_ice_drift_concentration\ice_conc_sh_polstere-100_amsr2_202403061200 (1).nc","8411535","23-09-2026 00:55:40","False"
"D:\SIH\IceBerg\dataSet\SIH\DATA_Sea_ice_drift_concentration\ice_conc_sh_polstere-100_amsr2_202403061200.nc","8411535","22-09-2026 22:36:26","False"
"D:\SIH\IceBerg\dataSet\SIH\DATA_Sea_ice_drift_concentration\ice_conc_sh_polstere-100_amsr2_202403071200 (1).nc","8416696","23-09-2026 00:55:42","False"
"D:\SIH\IceBerg\dataSet\SIH\DATA_Sea_ice_drift_concentration\ice_conc_sh_polstere-100_amsr2_202403071200.nc","8416696","22-09-2026 22:36:28","False"
"D:\SIH\IceBerg\dataSet\SIH\DATA_Sea_ice_drift_concentration\ice_conc_sh_polstere-100_amsr2_202403081200 (1).nc","8420687","23-09-2026 00:55:44","False"
"D:\SIH\IceBerg\dataSet\SIH\DATA_Sea_ice_drift_concentration\ice_conc_sh_polstere-100_amsr2_202403081200.nc","8420687","22-09-2026 22:36:30","False"
"D:\SIH\IceBerg\dataSet\SIH\DATA_Sea_ice_drift_concentration\ice_conc_sh_polstere-100_amsr2_202403091200 (1).nc","8450063","23-09-2026 00:55:48","False"
"D:\SIH\IceBerg\dataSet\SIH\DATA_Sea_ice_drift_concentration\ice_conc_sh_polstere-100_amsr2_202403091200.nc","8450063","22-09-2026 22:36:34","False"
"D:\SIH\IceBerg\dataSet\SIH\DATA_Sea_ice_drift_concentration\ice_conc_sh_polstere-100_amsr2_202403101200 (1).nc","8434368","23-09-2026 00:55:50","False"
"D:\SIH\IceBerg\dataSet\SIH\DATA_Sea_ice_drift_concentration\ice_conc_sh_polstere-100_amsr2_202403101200.nc","8434368","22-09-2026 22:36:36","False"
"D:\SIH\IceBerg\dataSet\SIH\DATA_Sea_ice_drift_concentration\ice_conc_sh_polstere-100_amsr2_202403111200 (1).nc","8431498","23-09-2026 00:55:54","False"
"D:\SIH\IceBerg\dataSet\SIH\DATA_Sea_ice_drift_concentration\ice_conc_sh_polstere-100_amsr2_202403111200.nc","8431498","22-09-2026 22:36:40","False"
"D:\SIH\IceBerg\dataSet\SIH\DATA_Sea_ice_drift_concentration\ice_conc_sh_polstere-100_amsr2_202403121200 (1).nc","8390409","23-09-2026 00:55:56","False"
"D:\SIH\IceBerg\dataSet\SIH\DATA_Sea_ice_drift_concentration\ice_conc_sh_polstere-100_amsr2_202403121200.nc","8390409","22-09-2026 22:36:42","False"
"D:\SIH\IceBerg\dataSet\SIH\DATA_Sea_ice_drift_concentration\ice_conc_sh_polstere-100_amsr2_202403131200 (1).nc","8359235","23-09-2026 00:55:58","False"
"D:\SIH\IceBerg\dataSet\SIH\DATA_Sea_ice_drift_concentration\ice_conc_sh_polstere-100_amsr2_202403131200.nc","8359235","22-09-2026 22:36:46","False"
"D:\SIH\IceBerg\dataSet\SIH\DATA_Sea_ice_drift_concentration\ice_conc_sh_polstere-100_amsr2_202403141200 (1).nc","8379475","23-09-2026 00:56:00","False"
"D:\SIH\IceBerg\dataSet\SIH\DATA_Sea_ice_drift_concentration\ice_conc_sh_polstere-100_amsr2_202403141200.nc","8379475","22-09-2026 22:36:48","False"
"D:\SIH\IceBerg\dataSet\SIH\DATA_Sea_ice_drift_concentration\ice_conc_sh_polstere-100_amsr2_202403151200 (1).nc","8416598","23-09-2026 00:56:02","False"
"D:\SIH\IceBerg\dataSet\SIH\DATA_Sea_ice_drift_concentration\ice_conc_sh_polstere-100_amsr2_202403151200.nc","8416598","22-09-2026 22:36:50","False"
"D:\SIH\IceBerg\dataSet\SIH\DATA_Sea_ice_drift_concentration\ice_conc_sh_polstere-100_amsr2_202403161200 (1).nc","8428840","23-09-2026 00:56:06","False"
"D:\SIH\IceBerg\dataSet\SIH\DATA_Sea_ice_drift_concentration\ice_conc_sh_polstere-100_amsr2_202403161200.nc","8428840","22-09-2026 22:36:54","False"
"D:\SIH\IceBerg\dataSet\SIH\DATA_Sea_ice_drift_concentration\ice_conc_sh_polstere-100_amsr2_202403171200 (1).nc","8427511","23-09-2026 00:56:08","False"
"D:\SIH\IceBerg\dataSet\SIH\DATA_Sea_ice_drift_concentration\ice_conc_sh_polstere-100_amsr2_202403171200.nc","8427511","22-09-2026 22:36:56","False"
"D:\SIH\IceBerg\dataSet\SIH\DATA_Sea_ice_drift_concentration\ice_conc_sh_polstere-100_amsr2_202403181200 (1).nc","8435076","23-09-2026 00:56:10","False"
"D:\SIH\IceBerg\dataSet\SIH\DATA_Sea_ice_drift_concentration\ice_conc_sh_polstere-100_amsr2_202403181200.nc","8435076","22-09-2026 22:37:00","False"
"D:\SIH\IceBerg\dataSet\SIH\DATA_Sea_ice_drift_concentration\ice_conc_sh_polstere-100_amsr2_202403191200 (1).nc","8451676","23-09-2026 00:56:14","False"
"D:\SIH\IceBerg\dataSet\SIH\DATA_Sea_ice_drift_concentration\ice_conc_sh_polstere-100_amsr2_202403191200.nc","8451676","22-09-2026 22:37:02","False"
"D:\SIH\IceBerg\dataSet\SIH\DATA_Sea_ice_drift_concentration\ice_conc_sh_polstere-100_amsr2_202403201200 (1).nc","8414179","23-09-2026 00:56:16","False"
"D:\SIH\IceBerg\dataSet\SIH\DATA_Sea_ice_drift_concentration\ice_conc_sh_polstere-100_amsr2_202403201200.nc","8414179","22-09-2026 22:37:06","False"
"D:\SIH\IceBerg\dataSet\SIH\DATA_Sea_ice_drift_concentration\ice_conc_sh_polstere-100_amsr2_202403211200 (1).nc","8430048","23-09-2026 00:56:18","False"
"D:\SIH\IceBerg\dataSet\SIH\DATA_Sea_ice_drift_concentration\ice_conc_sh_polstere-100_amsr2_202403211200.nc","8430048","22-09-2026 22:37:08","False"
"D:\SIH\IceBerg\dataSet\SIH\DATA_Sea_ice_drift_concentration\ice_conc_sh_polstere-100_amsr2_202403221200 (1).nc","8423676","23-09-2026 00:56:20","False"
"D:\SIH\IceBerg\dataSet\SIH\DATA_Sea_ice_drift_concentration\ice_conc_sh_polstere-100_amsr2_202403221200.nc","8423676","22-09-2026 22:37:10","False"
"D:\SIH\IceBerg\dataSet\SIH\DATA_Sea_ice_drift_concentration\ice_conc_sh_polstere-100_amsr2_202403231200 (1).nc","8376059","23-09-2026 00:56:24","False"
"D:\SIH\IceBerg\dataSet\SIH\DATA_Sea_ice_drift_concentration\ice_conc_sh_polstere-100_amsr2_202403231200.nc","8376059","22-09-2026 22:37:12","False"
"D:\SIH\IceBerg\dataSet\SIH\DATA_Sea_ice_drift_concentration\ice_conc_sh_polstere-100_amsr2_202403241200 (1).nc","8401054","23-09-2026 00:56:26","False"
"D:\SIH\IceBerg\dataSet\SIH\DATA_Sea_ice_drift_concentration\ice_conc_sh_polstere-100_amsr2_202403241200.nc","8401054","22-09-2026 22:37:14","False"
"D:\SIH\IceBerg\dataSet\SIH\DATA_Sea_ice_drift_concentration\ice_conc_sh_polstere-100_amsr2_202403251200 (1).nc","8396868","23-09-2026 00:56:30","False"
"D:\SIH\IceBerg\dataSet\SIH\DATA_Sea_ice_drift_concentration\ice_conc_sh_polstere-100_amsr2_202403251200.nc","8396868","22-09-2026 22:37:18","False"
"D:\SIH\IceBerg\dataSet\SIH\DATA_Sea_ice_drift_concentration\ice_conc_sh_polstere-100_amsr2_202403261200 (1).nc","8442575","23-09-2026 00:56:32","False"
"D:\SIH\IceBerg\dataSet\SIH\DATA_Sea_ice_drift_concentration\ice_conc_sh_polstere-100_amsr2_202403261200.nc","8442575","22-09-2026 22:37:20","False"
"D:\SIH\IceBerg\dataSet\SIH\DATA_Sea_ice_drift_concentration\ice_conc_sh_polstere-100_amsr2_202403271200 (1).nc","8416265","23-09-2026 00:56:34","False"
"D:\SIH\IceBerg\dataSet\SIH\DATA_Sea_ice_drift_concentration\ice_conc_sh_polstere-100_amsr2_202403271200.nc","8416265","22-09-2026 22:37:22","False"
"D:\SIH\IceBerg\dataSet\SIH\DATA_Sea_ice_drift_concentration\ice_conc_sh_polstere-100_amsr2_202403281200 (1).nc","8420065","23-09-2026 00:56:38","False"
"D:\SIH\IceBerg\dataSet\SIH\DATA_Sea_ice_drift_concentration\ice_conc_sh_polstere-100_amsr2_202403281200.nc","8420065","22-09-2026 22:37:26","False"
"D:\SIH\IceBerg\dataSet\SIH\DATA_Sea_ice_drift_concentration\ice_conc_sh_polstere-100_amsr2_202403291200 (1).nc","8439252","23-09-2026 00:56:40","False"
"D:\SIH\IceBerg\dataSet\SIH\DATA_Sea_ice_drift_concentration\ice_conc_sh_polstere-100_amsr2_202403291200.nc","8439252","22-09-2026 22:37:28","False"
"D:\SIH\IceBerg\dataSet\SIH\DATA_Sea_ice_drift_concentration\ice_conc_sh_polstere-100_amsr2_202403301200 (1).nc","8444753","23-09-2026 00:56:42","False"
"D:\SIH\IceBerg\dataSet\SIH\DATA_Sea_ice_drift_concentration\ice_conc_sh_polstere-100_amsr2_202403301200.nc","8444753","22-09-2026 22:37:32","False"
"D:\SIH\IceBerg\dataSet\SIH\DATA_Sea_ice_drift_concentration\ice_conc_sh_polstere-100_amsr2_202403311200 (1).nc","8423278","23-09-2026 00:56:44","False"
"D:\SIH\IceBerg\dataSet\SIH\DATA_Sea_ice_drift_concentration\ice_conc_sh_polstere-100_amsr2_202403311200.nc","8423278","22-09-2026 22:37:34","False"
"D:\SIH\IceBerg\dataSet\SIH\DATA_Sea_ice_drift_concentration\ice_conc_sh_polstere-100_amsr2_202404011200 (1).nc","8413459","23-09-2026 00:56:52","False"
"D:\SIH\IceBerg\dataSet\SIH\DATA_Sea_ice_drift_concentration\ice_conc_sh_polstere-100_amsr2_202404011200.nc","8413459","22-09-2026 22:38:04","False"
"D:\SIH\IceBerg\dataSet\SIH\DATA_Sea_ice_drift_concentration\ice_conc_sh_polstere-100_amsr2_202404021200 (1).nc","8380066","23-09-2026 00:56:54","False"
"D:\SIH\IceBerg\dataSet\SIH\DATA_Sea_ice_drift_concentration\ice_conc_sh_polstere-100_amsr2_202404021200.nc","8380066","22-09-2026 22:38:08","False"
"D:\SIH\IceBerg\dataSet\SIH\DATA_Sea_ice_drift_concentration\ice_conc_sh_polstere-100_amsr2_202404031200 (1).nc","8386838","23-09-2026 00:56:58","False"
"D:\SIH\IceBerg\dataSet\SIH\DATA_Sea_ice_drift_concentration\ice_conc_sh_polstere-100_amsr2_202404031200.nc","8386838","22-09-2026 22:38:10","False"
"D:\SIH\IceBerg\dataSet\SIH\DATA_Sea_ice_drift_concentration\ice_conc_sh_polstere-100_amsr2_202404041200 (1).nc","8419952","23-09-2026 00:57:00","False"
"D:\SIH\IceBerg\dataSet\SIH\DATA_Sea_ice_drift_concentration\ice_conc_sh_polstere-100_amsr2_202404041200.nc","8419952","22-09-2026 22:38:14","False"
"D:\SIH\IceBerg\dataSet\SIH\DATA_Sea_ice_drift_concentration\ice_conc_sh_polstere-100_amsr2_202404051200 (1).nc","8415149","23-09-2026 00:57:02","False"
"D:\SIH\IceBerg\dataSet\SIH\DATA_Sea_ice_drift_concentration\ice_conc_sh_polstere-100_amsr2_202404051200.nc","8415149","22-09-2026 22:38:18","False"
"D:\SIH\IceBerg\dataSet\SIH\DATA_Sea_ice_drift_concentration\ice_conc_sh_polstere-100_amsr2_202404061200 (1).nc","8389172","23-09-2026 00:57:06","False"
"D:\SIH\IceBerg\dataSet\SIH\DATA_Sea_ice_drift_concentration\ice_conc_sh_polstere-100_amsr2_202404061200.nc","8389172","22-09-2026 22:38:20","False"
"D:\SIH\IceBerg\dataSet\SIH\DATA_Sea_ice_drift_concentration\ice_conc_sh_polstere-100_amsr2_202404071200 (1).nc","8410136","23-09-2026 00:57:08","False"
"D:\SIH\IceBerg\dataSet\SIH\DATA_Sea_ice_drift_concentration\ice_conc_sh_polstere-100_amsr2_202404071200.nc","8410136","22-09-2026 22:38:22","False"
"D:\SIH\IceBerg\dataSet\SIH\DATA_Sea_ice_drift_concentration\ice_conc_sh_polstere-100_amsr2_202404081200 (1).nc","8396288","23-09-2026 00:57:10","False"
"D:\SIH\IceBerg\dataSet\SIH\DATA_Sea_ice_drift_concentration\ice_conc_sh_polstere-100_amsr2_202404081200.nc","8396288","22-09-2026 22:38:24","False"
"D:\SIH\IceBerg\dataSet\SIH\DATA_Sea_ice_drift_concentration\ice_conc_sh_polstere-100_amsr2_202404091200 (1).nc","8403607","23-09-2026 00:57:14","False"
"D:\SIH\IceBerg\dataSet\SIH\DATA_Sea_ice_drift_concentration\ice_conc_sh_polstere-100_amsr2_202404091200.nc","8403607","22-09-2026 22:38:28","False"
"D:\SIH\IceBerg\dataSet\SIH\DATA_Sea_ice_drift_concentration\ice_conc_sh_polstere-100_amsr2_202404101200 (1).nc","8394224","23-09-2026 00:57:16","False"
"D:\SIH\IceBerg\dataSet\SIH\DATA_Sea_ice_drift_concentration\ice_conc_sh_polstere-100_amsr2_202404101200.nc","8394224","22-09-2026 22:38:30","False"
"D:\SIH\IceBerg\dataSet\SIH\DATA_Sea_ice_drift_concentration\ice_conc_sh_polstere-100_amsr2_202404111200 (1).nc","8348721","23-09-2026 00:57:18","False"
"D:\SIH\IceBerg\dataSet\SIH\DATA_Sea_ice_drift_concentration\ice_conc_sh_polstere-100_amsr2_202404111200.nc","8348721","22-09-2026 22:38:34","False"
"D:\SIH\IceBerg\dataSet\SIH\DATA_Sea_ice_drift_concentration\ice_conc_sh_polstere-100_amsr2_202404121200 (1).nc","8382085","23-09-2026 00:57:20","False"
"D:\SIH\IceBerg\dataSet\SIH\DATA_Sea_ice_drift_concentration\ice_conc_sh_polstere-100_amsr2_202404121200.nc","8382085","22-09-2026 22:38:36","False"
"D:\SIH\IceBerg\dataSet\SIH\DATA_Sea_ice_drift_concentration\ice_conc_sh_polstere-100_amsr2_202404131200 (1).nc","8392506","23-09-2026 00:57:24","False"
"D:\SIH\IceBerg\dataSet\SIH\DATA_Sea_ice_drift_concentration\ice_conc_sh_polstere-100_amsr2_202404131200.nc","8392506","22-09-2026 22:38:40","False"
"D:\SIH\IceBerg\dataSet\SIH\DATA_Sea_ice_drift_concentration\ice_conc_sh_polstere-100_amsr2_202404141200 (1).nc","8366242","23-09-2026 00:57:26","False"
"D:\SIH\IceBerg\dataSet\SIH\DATA_Sea_ice_drift_concentration\ice_conc_sh_polstere-100_amsr2_202404141200.nc","8366242","22-09-2026 22:38:42","False"
"D:\SIH\IceBerg\dataSet\SIH\DATA_Sea_ice_drift_concentration\ice_conc_sh_polstere-100_amsr2_202404151200 (1).nc","8349741","23-09-2026 00:57:30","False"
"D:\SIH\IceBerg\dataSet\SIH\DATA_Sea_ice_drift_concentration\ice_conc_sh_polstere-100_amsr2_202404151200.nc","8349741","22-09-2026 22:38:44","False"
"D:\SIH\IceBerg\dataSet\SIH\DATA_Sea_ice_drift_concentration\ice_conc_sh_polstere-100_amsr2_202404161200 (1).nc","8305327","23-09-2026 00:57:32","False"
"D:\SIH\IceBerg\dataSet\SIH\DATA_Sea_ice_drift_concentration\ice_conc_sh_polstere-100_amsr2_202404161200.nc","8305327","22-09-2026 22:38:46","False"
"D:\SIH\IceBerg\dataSet\SIH\DATA_Sea_ice_drift_concentration\ice_conc_sh_polstere-100_amsr2_202404171200 (1).nc","7472466","23-09-2026 00:57:34","False"
"D:\SIH\IceBerg\dataSet\SIH\DATA_Sea_ice_drift_concentration\ice_conc_sh_polstere-100_amsr2_202404171200.nc","7472466","22-09-2026 22:38:48","False"
"D:\SIH\IceBerg\dataSet\SIH\DATA_Sea_ice_drift_concentration\ice_conc_sh_polstere-100_amsr2_202404181200 (1).nc","8259545","23-09-2026 00:57:36","False"
"D:\SIH\IceBerg\dataSet\SIH\DATA_Sea_ice_drift_concentration\ice_conc_sh_polstere-100_amsr2_202404181200.nc","8259545","22-09-2026 22:38:52","False"
"D:\SIH\IceBerg\dataSet\SIH\DATA_Sea_ice_drift_concentration\ice_conc_sh_polstere-100_amsr2_202404191200 (1).nc","8323148","23-09-2026 00:57:40","False"
"D:\SIH\IceBerg\dataSet\SIH\DATA_Sea_ice_drift_concentration\ice_conc_sh_polstere-100_amsr2_202404191200.nc","8323148","22-09-2026 22:38:54","False"
"D:\SIH\IceBerg\dataSet\SIH\DATA_Sea_ice_drift_concentration\ice_conc_sh_polstere-100_amsr2_202404201200 (1).nc","8358411","23-09-2026 00:57:42","False"
"D:\SIH\IceBerg\dataSet\SIH\DATA_Sea_ice_drift_concentration\ice_conc_sh_polstere-100_amsr2_202404201200.nc","8358411","22-09-2026 22:38:58","False"
"D:\SIH\IceBerg\dataSet\SIH\DATA_Sea_ice_drift_concentration\ice_conc_sh_polstere-100_amsr2_202404211200 (1).nc","8377971","23-09-2026 00:57:46","False"
"D:\SIH\IceBerg\dataSet\SIH\DATA_Sea_ice_drift_concentration\ice_conc_sh_polstere-100_amsr2_202404211200.nc","8377971","22-09-2026 22:39:00","False"
"D:\SIH\IceBerg\dataSet\SIH\DATA_Sea_ice_drift_concentration\ice_conc_sh_polstere-100_amsr2_202404221200 (1).nc","8330557","23-09-2026 00:57:48","False"
"D:\SIH\IceBerg\dataSet\SIH\DATA_Sea_ice_drift_concentration\ice_conc_sh_polstere-100_amsr2_202404221200.nc","8330557","22-09-2026 22:39:02","False"
"D:\SIH\IceBerg\dataSet\SIH\DATA_Sea_ice_drift_concentration\ice_conc_sh_polstere-100_amsr2_202404231200 (1).nc","8330018","23-09-2026 00:57:50","False"
"D:\SIH\IceBerg\dataSet\SIH\DATA_Sea_ice_drift_concentration\ice_conc_sh_polstere-100_amsr2_202404231200.nc","8330018","22-09-2026 22:39:06","False"
"D:\SIH\IceBerg\dataSet\SIH\DATA_Sea_ice_drift_concentration\ice_conc_sh_polstere-100_amsr2_202404241200 (1).nc","8279810","23-09-2026 00:57:52","False"
"D:\SIH\IceBerg\dataSet\SIH\DATA_Sea_ice_drift_concentration\ice_conc_sh_polstere-100_amsr2_202404241200.nc","8279810","22-09-2026 22:39:08","False"
"D:\SIH\IceBerg\dataSet\SIH\DATA_Sea_ice_drift_concentration\ice_conc_sh_polstere-100_amsr2_202404251200 (1).nc","8231421","23-09-2026 00:57:56","False"
"D:\SIH\IceBerg\dataSet\SIH\DATA_Sea_ice_drift_concentration\ice_conc_sh_polstere-100_amsr2_202404251200.nc","8231421","22-09-2026 22:39:12","False"
"D:\SIH\IceBerg\dataSet\SIH\DATA_Sea_ice_drift_concentration\ice_conc_sh_polstere-100_amsr2_202404261200 (1).nc","8212798","23-09-2026 00:57:58","False"
"D:\SIH\IceBerg\dataSet\SIH\DATA_Sea_ice_drift_concentration\ice_conc_sh_polstere-100_amsr2_202404261200.nc","8212798","22-09-2026 22:39:14","False"
"D:\SIH\IceBerg\dataSet\SIH\DATA_Sea_ice_drift_concentration\ice_conc_sh_polstere-100_amsr2_202404271200 (1).nc","8288738","23-09-2026 00:58:02","False"
"D:\SIH\IceBerg\dataSet\SIH\DATA_Sea_ice_drift_concentration\ice_conc_sh_polstere-100_amsr2_202404271200.nc","8288738","22-09-2026 22:39:16","False"
"D:\SIH\IceBerg\dataSet\SIH\DATA_Sea_ice_drift_concentration\ice_conc_sh_polstere-100_amsr2_202404281200 (1).nc","8304210","23-09-2026 00:58:04","False"
"D:\SIH\IceBerg\dataSet\SIH\DATA_Sea_ice_drift_concentration\ice_conc_sh_polstere-100_amsr2_202404281200.nc","8304210","22-09-2026 22:39:20","False"
"D:\SIH\IceBerg\dataSet\SIH\DATA_Sea_ice_drift_concentration\ice_conc_sh_polstere-100_amsr2_202404291200 (1).nc","8204132","23-09-2026 00:58:06","False"
"D:\SIH\IceBerg\dataSet\SIH\DATA_Sea_ice_drift_concentration\ice_conc_sh_polstere-100_amsr2_202404291200.nc","8204132","22-09-2026 22:39:22","False"
"D:\SIH\IceBerg\dataSet\SIH\DATA_Sea_ice_drift_concentration\ice_conc_sh_polstere-100_amsr2_202404301200 (1).nc","8188570","23-09-2026 00:58:10","False"
"D:\SIH\IceBerg\dataSet\SIH\DATA_Sea_ice_drift_concentration\ice_conc_sh_polstere-100_amsr2_202404301200.nc","8188570","22-09-2026 22:39:24","False"
"D:\SIH\IceBerg\dataSet\SIH\DATA_Sea_ice_drift_concentration\ice_conc_sh_polstere-100_amsr2_202405011200 (1).nc","8116650","23-09-2026 00:58:12","False"
"D:\SIH\IceBerg\dataSet\SIH\DATA_Sea_ice_drift_concentration\ice_conc_sh_polstere-100_amsr2_202405011200.nc","8116650","22-09-2026 22:39:28","False"
"D:\SIH\IceBerg\dataSet\SIH\DATA_Sea_ice_drift_concentration\ice_conc_sh_polstere-100_amsr2_202405021200 (1).nc","8099844","23-09-2026 00:58:16","False"
"D:\SIH\IceBerg\dataSet\SIH\DATA_Sea_ice_drift_concentration\ice_conc_sh_polstere-100_amsr2_202405021200.nc","8099844","22-09-2026 22:39:30","False"
"D:\SIH\IceBerg\dataSet\SIH\DATA_Sea_ice_drift_concentration\ice_conc_sh_polstere-100_amsr2_202405031200 (1).nc","8130657","23-09-2026 00:58:18","False"
"D:\SIH\IceBerg\dataSet\SIH\DATA_Sea_ice_drift_concentration\ice_conc_sh_polstere-100_amsr2_202405031200.nc","8130657","22-09-2026 22:39:34","False"
"D:\SIH\IceBerg\dataSet\SIH\DATA_Sea_ice_drift_concentration\ice_conc_sh_polstere-100_amsr2_202405041200 (1).nc","8150114","23-09-2026 00:58:20","False"
"D:\SIH\IceBerg\dataSet\SIH\DATA_Sea_ice_drift_concentration\ice_conc_sh_polstere-100_amsr2_202405041200.nc","8150114","22-09-2026 22:39:36","False"
"D:\SIH\IceBerg\dataSet\SIH\DATA_Sea_ice_drift_concentration\ice_conc_sh_polstere-100_amsr2_202405051200 (1).nc","8201904","23-09-2026 00:58:22","False"
"D:\SIH\IceBerg\dataSet\SIH\DATA_Sea_ice_drift_concentration\ice_conc_sh_polstere-100_amsr2_202405051200.nc","8201904","22-09-2026 22:39:38","False"
"D:\SIH\IceBerg\dataSet\SIH\DATA_Sea_ice_drift_concentration\ice_conc_sh_polstere-100_amsr2_202405061200 (1).nc","8196993","23-09-2026 00:58:26","False"
"D:\SIH\IceBerg\dataSet\SIH\DATA_Sea_ice_drift_concentration\ice_conc_sh_polstere-100_amsr2_202405061200.nc","8196993","22-09-2026 22:39:42","False"
"D:\SIH\IceBerg\dataSet\SIH\DATA_Sea_ice_drift_concentration\ice_conc_sh_polstere-100_amsr2_202405071200 (1).nc","8100872","23-09-2026 00:58:28","False"
"D:\SIH\IceBerg\dataSet\SIH\DATA_Sea_ice_drift_concentration\ice_conc_sh_polstere-100_amsr2_202405071200.nc","8100872","22-09-2026 22:39:44","False"
"D:\SIH\IceBerg\dataSet\SIH\DATA_Sea_ice_drift_concentration\ice_conc_sh_polstere-100_amsr2_202405081200 (1).nc","8106535","23-09-2026 00:58:30","False"
"D:\SIH\IceBerg\dataSet\SIH\DATA_Sea_ice_drift_concentration\ice_conc_sh_polstere-100_amsr2_202405081200.nc","8106535","22-09-2026 22:39:48","False"
"D:\SIH\IceBerg\dataSet\SIH\DATA_Sea_ice_drift_concentration\ice_conc_sh_polstere-100_amsr2_202405091200 (1).nc","8160737","23-09-2026 00:58:34","False"
"D:\SIH\IceBerg\dataSet\SIH\DATA_Sea_ice_drift_concentration\ice_conc_sh_polstere-100_amsr2_202405091200.nc","8160737","22-09-2026 22:39:50","False"
"D:\SIH\IceBerg\dataSet\SIH\DATA_Sea_ice_drift_concentration\ice_conc_sh_polstere-100_amsr2_202405101200 (1).nc","8157697","23-09-2026 00:58:36","False"
"D:\SIH\IceBerg\dataSet\SIH\DATA_Sea_ice_drift_concentration\ice_conc_sh_polstere-100_amsr2_202405101200.nc","8157697","22-09-2026 22:39:52","False"
"D:\SIH\IceBerg\dataSet\SIH\DATA_Sea_ice_drift_concentration\ice_conc_sh_polstere-100_amsr2_202405111200 (1).nc","8157335","23-09-2026 00:58:38","False"
"D:\SIH\IceBerg\dataSet\SIH\DATA_Sea_ice_drift_concentration\ice_conc_sh_polstere-100_amsr2_202405111200.nc","8157335","22-09-2026 22:39:54","False"
"D:\SIH\IceBerg\dataSet\SIH\DATA_Sea_ice_drift_concentration\ice_conc_sh_polstere-100_amsr2_202405121200 (1).nc","8195614","23-09-2026 00:58:42","False"
"D:\SIH\IceBerg\dataSet\SIH\DATA_Sea_ice_drift_concentration\ice_conc_sh_polstere-100_amsr2_202405121200.nc","8195614","22-09-2026 22:39:58","False"
"D:\SIH\IceBerg\dataSet\SIH\DATA_Sea_ice_drift_concentration\ice_conc_sh_polstere-100_amsr2_202405131200 (1).nc","8260568","23-09-2026 00:58:44","False"
"D:\SIH\IceBerg\dataSet\SIH\DATA_Sea_ice_drift_concentration\ice_conc_sh_polstere-100_amsr2_202405131200.nc","8260568","22-09-2026 22:40:00","False"
"D:\SIH\IceBerg\dataSet\SIH\DATA_Sea_ice_drift_concentration\ice_conc_sh_polstere-100_amsr2_202405141200 (1).nc","8207791","23-09-2026 00:58:46","False"
"D:\SIH\IceBerg\dataSet\SIH\DATA_Sea_ice_drift_concentration\ice_conc_sh_polstere-100_amsr2_202405141200.nc","8207791","22-09-2026 22:40:02","False"
"D:\SIH\IceBerg\dataSet\SIH\DATA_Sea_ice_drift_concentration\ice_conc_sh_polstere-100_amsr2_202405151200 (1).nc","8195910","23-09-2026 00:58:48","False"
"D:\SIH\IceBerg\dataSet\SIH\DATA_Sea_ice_drift_concentration\ice_conc_sh_polstere-100_amsr2_202405151200.nc","8195910","22-09-2026 22:40:06","False"
"D:\SIH\IceBerg\dataSet\SIH\DATA_Sea_ice_drift_concentration\ice_conc_sh_polstere-100_amsr2_202405161200 (1).nc","8199059","23-09-2026 00:58:50","False"
"D:\SIH\IceBerg\dataSet\SIH\DATA_Sea_ice_drift_concentration\ice_conc_sh_polstere-100_amsr2_202405161200.nc","8199059","22-09-2026 22:40:08","False"
"D:\SIH\IceBerg\dataSet\SIH\DATA_Sea_ice_drift_concentration\ice_conc_sh_polstere-100_amsr2_202405171200 (1).nc","8221186","23-09-2026 00:58:54","False"
"D:\SIH\IceBerg\dataSet\SIH\DATA_Sea_ice_drift_concentration\ice_conc_sh_polstere-100_amsr2_202405171200.nc","8221186","22-09-2026 22:40:12","False"
"D:\SIH\IceBerg\dataSet\SIH\DATA_Sea_ice_drift_concentration\ice_conc_sh_polstere-100_amsr2_202405181200 (1).nc","8202819","23-09-2026 00:58:56","False"
"D:\SIH\IceBerg\dataSet\SIH\DATA_Sea_ice_drift_concentration\ice_conc_sh_polstere-100_amsr2_202405181200.nc","8202819","22-09-2026 22:40:14","False"
"D:\SIH\IceBerg\dataSet\SIH\DATA_Sea_ice_drift_concentration\ice_conc_sh_polstere-100_amsr2_202405191200 (1).nc","8244058","23-09-2026 00:59:00","False"
"D:\SIH\IceBerg\dataSet\SIH\DATA_Sea_ice_drift_concentration\ice_conc_sh_polstere-100_amsr2_202405191200.nc","8244058","22-09-2026 22:40:16","False"
"D:\SIH\IceBerg\dataSet\SIH\DATA_Sea_ice_drift_concentration\ice_conc_sh_polstere-100_amsr2_202405201200 (1).nc","8240931","23-09-2026 00:59:02","False"
"D:\SIH\IceBerg\dataSet\SIH\DATA_Sea_ice_drift_concentration\ice_conc_sh_polstere-100_amsr2_202405201200.nc","8240931","22-09-2026 22:40:20","False"
"D:\SIH\IceBerg\dataSet\SIH\DATA_Sea_ice_drift_concentration\ice_conc_sh_polstere-100_amsr2_202405211200 (1).nc","8181283","23-09-2026 00:59:04","False"
"D:\SIH\IceBerg\dataSet\SIH\DATA_Sea_ice_drift_concentration\ice_conc_sh_polstere-100_amsr2_202405211200.nc","8181283","22-09-2026 22:40:22","False"
"D:\SIH\IceBerg\dataSet\SIH\DATA_Sea_ice_drift_concentration\ice_conc_sh_polstere-100_amsr2_202405221200 (1).nc","8212627","23-09-2026 00:59:06","False"
"D:\SIH\IceBerg\dataSet\SIH\DATA_Sea_ice_drift_concentration\ice_conc_sh_polstere-100_amsr2_202405221200.nc","8212627","22-09-2026 22:40:26","False"
"D:\SIH\IceBerg\dataSet\SIH\DATA_Sea_ice_drift_concentration\ice_conc_sh_polstere-100_amsr2_202405231200 (1).nc","8227178","23-09-2026 00:59:10","False"
"D:\SIH\IceBerg\dataSet\SIH\DATA_Sea_ice_drift_concentration\ice_conc_sh_polstere-100_amsr2_202405231200.nc","8227178","22-09-2026 22:40:28","False"
"D:\SIH\IceBerg\dataSet\SIH\DATA_Sea_ice_drift_concentration\ice_conc_sh_polstere-100_amsr2_202405241200 (1).nc","8217293","23-09-2026 00:59:12","False"
"D:\SIH\IceBerg\dataSet\SIH\DATA_Sea_ice_drift_concentration\ice_conc_sh_polstere-100_amsr2_202405241200.nc","8217293","22-09-2026 22:40:30","False"
"D:\SIH\IceBerg\dataSet\SIH\DATA_Sea_ice_drift_concentration\ice_conc_sh_polstere-100_amsr2_202405251200 (1).nc","8128259","23-09-2026 00:59:14","False"
"D:\SIH\IceBerg\dataSet\SIH\DATA_Sea_ice_drift_concentration\ice_conc_sh_polstere-100_amsr2_202405251200.nc","8128259","22-09-2026 22:40:32","False"
"D:\SIH\IceBerg\dataSet\SIH\DATA_Sea_ice_drift_concentration\ice_conc_sh_polstere-100_amsr2_202405261200 (1).nc","8069624","23-09-2026 00:59:18","False"
"D:\SIH\IceBerg\dataSet\SIH\DATA_Sea_ice_drift_concentration\ice_conc_sh_polstere-100_amsr2_202405261200.nc","8069624","22-09-2026 22:40:36","False"
"D:\SIH\IceBerg\dataSet\SIH\DATA_Sea_ice_drift_concentration\ice_conc_sh_polstere-100_amsr2_202405271200 (1).nc","7996484","23-09-2026 00:59:20","False"
"D:\SIH\IceBerg\dataSet\SIH\DATA_Sea_ice_drift_concentration\ice_conc_sh_polstere-100_amsr2_202405271200.nc","7996484","22-09-2026 22:40:38","False"
"D:\SIH\IceBerg\dataSet\SIH\DATA_Sea_ice_drift_concentration\ice_conc_sh_polstere-100_amsr2_202405281200 (1).nc","8008787","23-09-2026 00:59:22","False"
"D:\SIH\IceBerg\dataSet\SIH\DATA_Sea_ice_drift_concentration\ice_conc_sh_polstere-100_amsr2_202405281200.nc","8008787","22-09-2026 22:40:40","False"
"D:\SIH\IceBerg\dataSet\SIH\DATA_Sea_ice_drift_concentration\ice_conc_sh_polstere-100_amsr2_202405291200 (1).nc","8037021","23-09-2026 00:59:26","False"
"D:\SIH\IceBerg\dataSet\SIH\DATA_Sea_ice_drift_concentration\ice_conc_sh_polstere-100_amsr2_202405291200.nc","8037021","22-09-2026 22:40:44","False"
"D:\SIH\IceBerg\dataSet\SIH\DATA_Sea_ice_drift_concentration\ice_conc_sh_polstere-100_amsr2_202405301200 (1).nc","8130937","23-09-2026 00:59:28","False"
"D:\SIH\IceBerg\dataSet\SIH\DATA_Sea_ice_drift_concentration\ice_conc_sh_polstere-100_amsr2_202405301200.nc","8130937","22-09-2026 22:40:46","False"
"D:\SIH\IceBerg\dataSet\SIH\DATA_Sea_ice_drift_concentration\ice_conc_sh_polstere-100_amsr2_202405311200 (1).nc","8060697","23-09-2026 00:59:30","False"
"D:\SIH\IceBerg\dataSet\SIH\DATA_Sea_ice_drift_concentration\ice_conc_sh_polstere-100_amsr2_202405311200.nc","8060697","22-09-2026 22:40:48","False"
"D:\SIH\IceBerg\dataSet\SIH\DATA_Sea_ice_drift_concentration\ice_conc_sh_polstere-100_amsr2_202406011200 (1).nc","8145229","23-09-2026 00:59:50","False"
"D:\SIH\IceBerg\dataSet\SIH\DATA_Sea_ice_drift_concentration\ice_conc_sh_polstere-100_amsr2_202406011200.nc","8145229","22-09-2026 22:41:18","False"
"D:\SIH\IceBerg\dataSet\SIH\DATA_Sea_ice_drift_concentration\ice_conc_sh_polstere-100_amsr2_202406021200 (1).nc","8081742","23-09-2026 00:59:54","False"
"D:\SIH\IceBerg\dataSet\SIH\DATA_Sea_ice_drift_concentration\ice_conc_sh_polstere-100_amsr2_202406021200.nc","8081742","22-09-2026 22:41:20","False"
"D:\SIH\IceBerg\dataSet\SIH\DATA_Sea_ice_drift_concentration\ice_conc_sh_polstere-100_amsr2_202406031200 (1).nc","8106216","23-09-2026 00:59:56","False"
"D:\SIH\IceBerg\dataSet\SIH\DATA_Sea_ice_drift_concentration\ice_conc_sh_polstere-100_amsr2_202406031200.nc","8106216","22-09-2026 22:41:24","False"
"D:\SIH\IceBerg\dataSet\SIH\DATA_Sea_ice_drift_concentration\ice_conc_sh_polstere-100_amsr2_202406041200 (1).nc","8134687","23-09-2026 00:59:58","False"
"D:\SIH\IceBerg\dataSet\SIH\DATA_Sea_ice_drift_concentration\ice_conc_sh_polstere-100_amsr2_202406041200.nc","8134687","22-09-2026 22:41:26","False"
"D:\SIH\IceBerg\dataSet\SIH\DATA_Sea_ice_drift_concentration\ice_conc_sh_polstere-100_amsr2_202406051200 (1).nc","8039628","23-09-2026 01:00:02","False"
"D:\SIH\IceBerg\dataSet\SIH\DATA_Sea_ice_drift_concentration\ice_conc_sh_polstere-100_amsr2_202406051200.nc","8039628","22-09-2026 22:41:28","False"
"D:\SIH\IceBerg\dataSet\SIH\DATA_Sea_ice_drift_concentration\ice_conc_sh_polstere-100_amsr2_202406061200 (1).nc","8041699","23-09-2026 01:00:04","False"
"D:\SIH\IceBerg\dataSet\SIH\DATA_Sea_ice_drift_concentration\ice_conc_sh_polstere-100_amsr2_202406061200.nc","8041699","22-09-2026 22:41:32","False"
"D:\SIH\IceBerg\dataSet\SIH\DATA_Sea_ice_drift_concentration\ice_conc_sh_polstere-100_amsr2_202406071200 (1).nc","8093391","23-09-2026 01:00:06","False"
"D:\SIH\IceBerg\dataSet\SIH\DATA_Sea_ice_drift_concentration\ice_conc_sh_polstere-100_amsr2_202406071200.nc","8093391","22-09-2026 22:41:34","False"
"D:\SIH\IceBerg\dataSet\SIH\DATA_Sea_ice_drift_concentration\ice_conc_sh_polstere-100_amsr2_202406081200 (1).nc","8083184","23-09-2026 01:00:10","False"
"D:\SIH\IceBerg\dataSet\SIH\DATA_Sea_ice_drift_concentration\ice_conc_sh_polstere-100_amsr2_202406081200.nc","8083184","22-09-2026 22:41:36","False"
"D:\SIH\IceBerg\dataSet\SIH\DATA_Sea_ice_drift_concentration\ice_conc_sh_polstere-100_amsr2_202406091200 (1).nc","8070300","23-09-2026 01:00:12","False"
"D:\SIH\IceBerg\dataSet\SIH\DATA_Sea_ice_drift_concentration\ice_conc_sh_polstere-100_amsr2_202406091200.nc","8070300","22-09-2026 22:41:40","False"
"D:\SIH\IceBerg\dataSet\SIH\DATA_Sea_ice_drift_concentration\ice_conc_sh_polstere-100_amsr2_202406101200 (1).nc","8029050","23-09-2026 01:00:14","False"
"D:\SIH\IceBerg\dataSet\SIH\DATA_Sea_ice_drift_concentration\ice_conc_sh_polstere-100_amsr2_202406101200.nc","8029050","22-09-2026 22:41:42","False"
"D:\SIH\IceBerg\dataSet\SIH\DATA_Sea_ice_drift_concentration\ice_conc_sh_polstere-100_amsr2_202406111200 (1).nc","8120073","23-09-2026 01:00:16","False"
"D:\SIH\IceBerg\dataSet\SIH\DATA_Sea_ice_drift_concentration\ice_conc_sh_polstere-100_amsr2_202406111200.nc","8120073","22-09-2026 22:41:44","False"
"D:\SIH\IceBerg\dataSet\SIH\DATA_Sea_ice_drift_concentration\ice_conc_sh_polstere-100_amsr2_202406121200 (1).nc","8084035","23-09-2026 01:00:20","False"
"D:\SIH\IceBerg\dataSet\SIH\DATA_Sea_ice_drift_concentration\ice_conc_sh_polstere-100_amsr2_202406121200.nc","8084035","22-09-2026 22:41:46","False"
"D:\SIH\IceBerg\dataSet\SIH\DATA_Sea_ice_drift_concentration\ice_conc_sh_polstere-100_amsr2_202406131200 (1).nc","7896103","23-09-2026 01:00:22","False"
"D:\SIH\IceBerg\dataSet\SIH\DATA_Sea_ice_drift_concentration\ice_conc_sh_polstere-100_amsr2_202406131200.nc","7896103","22-09-2026 22:41:50","False"
"D:\SIH\IceBerg\dataSet\SIH\DATA_Sea_ice_drift_concentration\ice_conc_sh_polstere-100_amsr2_202406141200 (1).nc","7995077","23-09-2026 01:00:24","False"
"D:\SIH\IceBerg\dataSet\SIH\DATA_Sea_ice_drift_concentration\ice_conc_sh_polstere-100_amsr2_202406141200.nc","7995077","22-09-2026 22:41:52","False"
"D:\SIH\IceBerg\dataSet\SIH\DATA_Sea_ice_drift_concentration\ice_conc_sh_polstere-100_amsr2_202406151200 (1).nc","8074914","23-09-2026 01:00:28","False"
"D:\SIH\IceBerg\dataSet\SIH\DATA_Sea_ice_drift_concentration\ice_conc_sh_polstere-100_amsr2_202406151200.nc","8074914","22-09-2026 22:41:56","False"
"D:\SIH\IceBerg\dataSet\SIH\DATA_Sea_ice_drift_concentration\ice_conc_sh_polstere-100_amsr2_202406161200 (1).nc","8096170","23-09-2026 01:00:30","False"
"D:\SIH\IceBerg\dataSet\SIH\DATA_Sea_ice_drift_concentration\ice_conc_sh_polstere-100_amsr2_202406161200.nc","8096170","22-09-2026 22:41:58","False"
"D:\SIH\IceBerg\dataSet\SIH\DATA_Sea_ice_drift_concentration\ice_conc_sh_polstere-100_amsr2_202406171200 (1).nc","8043755","23-09-2026 01:00:32","False"
"D:\SIH\IceBerg\dataSet\SIH\DATA_Sea_ice_drift_concentration\ice_conc_sh_polstere-100_amsr2_202406171200.nc","8043755","22-09-2026 22:42:00","False"
"D:\SIH\IceBerg\dataSet\SIH\DATA_Sea_ice_drift_concentration\ice_conc_sh_polstere-100_amsr2_202406181200 (1).nc","8003794","23-09-2026 01:00:36","False"
"D:\SIH\IceBerg\dataSet\SIH\DATA_Sea_ice_drift_concentration\ice_conc_sh_polstere-100_amsr2_202406181200.nc","8003794","22-09-2026 22:42:04","False"
"D:\SIH\IceBerg\dataSet\SIH\DATA_Sea_ice_drift_concentration\ice_conc_sh_polstere-100_amsr2_202406191200 (1).nc","8069534","23-09-2026 01:00:38","False"
"D:\SIH\IceBerg\dataSet\SIH\DATA_Sea_ice_drift_concentration\ice_conc_sh_polstere-100_amsr2_202406191200.nc","8069534","22-09-2026 22:42:06","False"
"D:\SIH\IceBerg\dataSet\SIH\DATA_Sea_ice_drift_concentration\ice_conc_sh_polstere-100_amsr2_202406201200 (1).nc","8088065","23-09-2026 01:00:42","False"
"D:\SIH\IceBerg\dataSet\SIH\DATA_Sea_ice_drift_concentration\ice_conc_sh_polstere-100_amsr2_202406201200.nc","8088065","22-09-2026 22:42:08","False"
"D:\SIH\IceBerg\dataSet\SIH\DATA_Sea_ice_drift_concentration\ice_conc_sh_polstere-100_amsr2_202406211200 (1).nc","8113449","23-09-2026 01:00:44","False"
"D:\SIH\IceBerg\dataSet\SIH\DATA_Sea_ice_drift_concentration\ice_conc_sh_polstere-100_amsr2_202406211200.nc","8113449","22-09-2026 22:42:12","False"
"D:\SIH\IceBerg\dataSet\SIH\DATA_Sea_ice_drift_concentration\ice_conc_sh_polstere-100_amsr2_202406221200 (1).nc","8158996","23-09-2026 01:00:46","False"
"D:\SIH\IceBerg\dataSet\SIH\DATA_Sea_ice_drift_concentration\ice_conc_sh_polstere-100_amsr2_202406221200.nc","8158996","22-09-2026 22:42:14","False"
"D:\SIH\IceBerg\dataSet\SIH\DATA_Sea_ice_drift_concentration\ice_conc_sh_polstere-100_amsr2_202406231200 (1).nc","8185366","23-09-2026 01:00:48","False"
"D:\SIH\IceBerg\dataSet\SIH\DATA_Sea_ice_drift_concentration\ice_conc_sh_polstere-100_amsr2_202406231200.nc","8185366","22-09-2026 22:42:16","False"
"D:\SIH\IceBerg\dataSet\SIH\DATA_Sea_ice_drift_concentration\ice_conc_sh_polstere-100_amsr2_202406241200 (1).nc","8175552","23-09-2026 01:00:52","False"
"D:\SIH\IceBerg\dataSet\SIH\DATA_Sea_ice_drift_concentration\ice_conc_sh_polstere-100_amsr2_202406241200.nc","8175552","22-09-2026 22:42:20","False"
"D:\SIH\IceBerg\dataSet\SIH\DATA_Sea_ice_drift_concentration\ice_conc_sh_polstere-100_amsr2_202406251200 (1).nc","8098670","23-09-2026 01:00:54","False"
"D:\SIH\IceBerg\dataSet\SIH\DATA_Sea_ice_drift_concentration\ice_conc_sh_polstere-100_amsr2_202406251200.nc","8098670","22-09-2026 22:42:24","False"
"D:\SIH\IceBerg\dataSet\SIH\DATA_Sea_ice_drift_concentration\ice_conc_sh_polstere-100_amsr2_202406261200 (1).nc","8042387","23-09-2026 01:00:56","False"
"D:\SIH\IceBerg\dataSet\SIH\DATA_Sea_ice_drift_concentration\ice_conc_sh_polstere-100_amsr2_202406261200.nc","8042387","22-09-2026 22:42:26","False"
"D:\SIH\IceBerg\dataSet\SIH\DATA_Sea_ice_drift_concentration\ice_conc_sh_polstere-100_amsr2_202406271200 (1).nc","8057993","23-09-2026 01:01:00","False"
"D:\SIH\IceBerg\dataSet\SIH\DATA_Sea_ice_drift_concentration\ice_conc_sh_polstere-100_amsr2_202406271200.nc","8057993","22-09-2026 22:42:28","False"
"D:\SIH\IceBerg\dataSet\SIH\DATA_Sea_ice_drift_concentration\ice_conc_sh_polstere-100_amsr2_202406281200 (1).nc","8027600","23-09-2026 01:01:02","False"
"D:\SIH\IceBerg\dataSet\SIH\DATA_Sea_ice_drift_concentration\ice_conc_sh_polstere-100_amsr2_202406281200.nc","8027600","22-09-2026 22:42:30","False"
"D:\SIH\IceBerg\dataSet\SIH\DATA_Sea_ice_drift_concentration\ice_conc_sh_polstere-100_amsr2_202406291200 (1).nc","8048011","23-09-2026 01:01:04","False"
"D:\SIH\IceBerg\dataSet\SIH\DATA_Sea_ice_drift_concentration\ice_conc_sh_polstere-100_amsr2_202406291200.nc","8048011","22-09-2026 22:42:34","False"
"D:\SIH\IceBerg\dataSet\SIH\DATA_Sea_ice_drift_concentration\ice_conc_sh_polstere-100_amsr2_202406301200 (1).nc","8058496","23-09-2026 01:01:08","False"
"D:\SIH\IceBerg\dataSet\SIH\DATA_Sea_ice_drift_concentration\ice_conc_sh_polstere-100_amsr2_202406301200.nc","8058496","22-09-2026 22:42:36","False"
"D:\SIH\IceBerg\dataSet\SIH\DATA_Sea_ice_drift_concentration\ice_conc_sh_polstere-100_amsr2_202407011200 (1).nc","7954354","23-09-2026 01:01:10","False"
"D:\SIH\IceBerg\dataSet\SIH\DATA_Sea_ice_drift_concentration\ice_conc_sh_polstere-100_amsr2_202407011200.nc","7954354","22-09-2026 22:43:50","False"
"D:\SIH\IceBerg\dataSet\SIH\DATA_Sea_ice_drift_concentration\ice_conc_sh_polstere-100_amsr2_202407021200 (1).nc","7924234","23-09-2026 01:01:14","False"
"D:\SIH\IceBerg\dataSet\SIH\DATA_Sea_ice_drift_concentration\ice_conc_sh_polstere-100_amsr2_202407021200.nc","7924234","22-09-2026 22:43:52","False"
"D:\SIH\IceBerg\dataSet\SIH\DATA_Sea_ice_drift_concentration\ice_conc_sh_polstere-100_amsr2_202407031200 (1).nc","7940051","23-09-2026 01:01:16","False"
"D:\SIH\IceBerg\dataSet\SIH\DATA_Sea_ice_drift_concentration\ice_conc_sh_polstere-100_amsr2_202407031200.nc","7940051","22-09-2026 22:43:54","False"
"D:\SIH\IceBerg\dataSet\SIH\DATA_Sea_ice_drift_concentration\ice_conc_sh_polstere-100_amsr2_202407041200 (1).nc","8023468","23-09-2026 01:01:20","False"
"D:\SIH\IceBerg\dataSet\SIH\DATA_Sea_ice_drift_concentration\ice_conc_sh_polstere-100_amsr2_202407041200.nc","8023468","22-09-2026 22:43:56","False"
"D:\SIH\IceBerg\dataSet\SIH\DATA_Sea_ice_drift_concentration\ice_conc_sh_polstere-100_amsr2_202407051200 (1).nc","7998642","23-09-2026 01:01:22","False"
"D:\SIH\IceBerg\dataSet\SIH\DATA_Sea_ice_drift_concentration\ice_conc_sh_polstere-100_amsr2_202407051200.nc","7998642","22-09-2026 22:44:00","False"
"D:\SIH\IceBerg\dataSet\SIH\DATA_Sea_ice_drift_concentration\ice_conc_sh_polstere-100_amsr2_202407061200 (1).nc","7951116","23-09-2026 01:01:26","False"
"D:\SIH\IceBerg\dataSet\SIH\DATA_Sea_ice_drift_concentration\ice_conc_sh_polstere-100_amsr2_202407061200.nc","7951116","22-09-2026 22:44:02","False"
"D:\SIH\IceBerg\dataSet\SIH\DATA_Sea_ice_drift_concentration\ice_conc_sh_polstere-100_amsr2_202407071200 (1).nc","7970903","23-09-2026 01:01:28","False"
"D:\SIH\IceBerg\dataSet\SIH\DATA_Sea_ice_drift_concentration\ice_conc_sh_polstere-100_amsr2_202407071200.nc","7970903","22-09-2026 22:44:04","False"
"D:\SIH\IceBerg\dataSet\SIH\DATA_Sea_ice_drift_concentration\ice_conc_sh_polstere-100_amsr2_202407081200 (1).nc","8028362","23-09-2026 01:01:30","False"
"D:\SIH\IceBerg\dataSet\SIH\DATA_Sea_ice_drift_concentration\ice_conc_sh_polstere-100_amsr2_202407081200.nc","8028362","22-09-2026 22:44:06","False"
"D:\SIH\IceBerg\dataSet\SIH\DATA_Sea_ice_drift_concentration\ice_conc_sh_polstere-100_amsr2_202407091200 (1).nc","8178587","23-09-2026 01:01:34","False"
"D:\SIH\IceBerg\dataSet\SIH\DATA_Sea_ice_drift_concentration\ice_conc_sh_polstere-100_amsr2_202407091200.nc","8178587","22-09-2026 22:44:10","False"
"D:\SIH\IceBerg\dataSet\SIH\DATA_Sea_ice_drift_concentration\ice_conc_sh_polstere-100_amsr2_202407101200 (1).nc","8175119","23-09-2026 01:01:36","False"
"D:\SIH\IceBerg\dataSet\SIH\DATA_Sea_ice_drift_concentration\ice_conc_sh_polstere-100_amsr2_202407101200.nc","8175119","22-09-2026 22:44:12","False"
"D:\SIH\IceBerg\dataSet\SIH\DATA_Sea_ice_drift_concentration\ice_conc_sh_polstere-100_amsr2_202407111200 (1).nc","8120107","23-09-2026 01:01:40","False"
"D:\SIH\IceBerg\dataSet\SIH\DATA_Sea_ice_drift_concentration\ice_conc_sh_polstere-100_amsr2_202407111200.nc","8120107","22-09-2026 22:44:14","False"
"D:\SIH\IceBerg\dataSet\SIH\DATA_Sea_ice_drift_concentration\ice_conc_sh_polstere-100_amsr2_202407121200 (1).nc","8082215","23-09-2026 01:01:44","False"
"D:\SIH\IceBerg\dataSet\SIH\DATA_Sea_ice_drift_concentration\ice_conc_sh_polstere-100_amsr2_202407121200.nc","8082215","22-09-2026 22:44:18","False"
"D:\SIH\IceBerg\dataSet\SIH\DATA_Sea_ice_drift_concentration\ice_conc_sh_polstere-100_amsr2_202407131200 (1).nc","8073845","23-09-2026 01:01:46","False"
"D:\SIH\IceBerg\dataSet\SIH\DATA_Sea_ice_drift_concentration\ice_conc_sh_polstere-100_amsr2_202407131200.nc","8073845","22-09-2026 22:44:20","False"
"D:\SIH\IceBerg\dataSet\SIH\DATA_Sea_ice_drift_concentration\ice_conc_sh_polstere-100_amsr2_202407141200 (1).nc","8036108","23-09-2026 01:01:50","False"
"D:\SIH\IceBerg\dataSet\SIH\DATA_Sea_ice_drift_concentration\ice_conc_sh_polstere-100_amsr2_202407141200.nc","8036108","22-09-2026 22:44:22","False"
"D:\SIH\IceBerg\dataSet\SIH\DATA_Sea_ice_drift_concentration\ice_conc_sh_polstere-100_amsr2_202407151200 (1).nc","7917481","23-09-2026 01:01:52","False"
"D:\SIH\IceBerg\dataSet\SIH\DATA_Sea_ice_drift_concentration\ice_conc_sh_polstere-100_amsr2_202407151200.nc","7917481","22-09-2026 22:44:26","False"
"D:\SIH\IceBerg\dataSet\SIH\DATA_Sea_ice_drift_concentration\ice_conc_sh_polstere-100_amsr2_202407161200 (1).nc","7834115","23-09-2026 01:01:54","False"
"D:\SIH\IceBerg\dataSet\SIH\DATA_Sea_ice_drift_concentration\ice_conc_sh_polstere-100_amsr2_202407161200.nc","7834115","22-09-2026 22:44:28","False"
"D:\SIH\IceBerg\dataSet\SIH\DATA_Sea_ice_drift_concentration\ice_conc_sh_polstere-100_amsr2_202407171200 (1).nc","7795545","23-09-2026 01:01:56","False"
"D:\SIH\IceBerg\dataSet\SIH\DATA_Sea_ice_drift_concentration\ice_conc_sh_polstere-100_amsr2_202407171200.nc","7795545","22-09-2026 22:44:32","False"
"D:\SIH\IceBerg\dataSet\SIH\DATA_Sea_ice_drift_concentration\ice_conc_sh_polstere-100_amsr2_202407181200 (1).nc","7963353","23-09-2026 01:02:00","False"
"D:\SIH\IceBerg\dataSet\SIH\DATA_Sea_ice_drift_concentration\ice_conc_sh_polstere-100_amsr2_202407181200.nc","7963353","22-09-2026 22:44:34","False"
"D:\SIH\IceBerg\dataSet\SIH\DATA_Sea_ice_drift_concentration\ice_conc_sh_polstere-100_amsr2_202407191200 (1).nc","8092874","23-09-2026 01:02:04","False"
"D:\SIH\IceBerg\dataSet\SIH\DATA_Sea_ice_drift_concentration\ice_conc_sh_polstere-100_amsr2_202407191200.nc","8092874","22-09-2026 22:44:36","False"
"D:\SIH\IceBerg\dataSet\SIH\DATA_Sea_ice_drift_concentration\ice_conc_sh_polstere-100_amsr2_202407201200 (1).nc","8122212","23-09-2026 01:02:06","False"
"D:\SIH\IceBerg\dataSet\SIH\DATA_Sea_ice_drift_concentration\ice_conc_sh_polstere-100_amsr2_202407201200.nc","8122212","22-09-2026 22:44:38","False"
"D:\SIH\IceBerg\dataSet\SIH\DATA_Sea_ice_drift_concentration\ice_conc_sh_polstere-100_amsr2_202407211200 (1).nc","8109269","23-09-2026 01:02:10","False"
"D:\SIH\IceBerg\dataSet\SIH\DATA_Sea_ice_drift_concentration\ice_conc_sh_polstere-100_amsr2_202407211200.nc","8109269","22-09-2026 22:44:42","False"
"D:\SIH\IceBerg\dataSet\SIH\DATA_Sea_ice_drift_concentration\ice_conc_sh_polstere-100_amsr2_202407221200 (1).nc","7936802","23-09-2026 01:02:12","False"
"D:\SIH\IceBerg\dataSet\SIH\DATA_Sea_ice_drift_concentration\ice_conc_sh_polstere-100_amsr2_202407221200.nc","7936802","22-09-2026 22:44:44","False"
"D:\SIH\IceBerg\dataSet\SIH\DATA_Sea_ice_drift_concentration\ice_conc_sh_polstere-100_amsr2_202407231200 (1).nc","7918017","23-09-2026 01:02:14","False"
"D:\SIH\IceBerg\dataSet\SIH\DATA_Sea_ice_drift_concentration\ice_conc_sh_polstere-100_amsr2_202407231200.nc","7918017","22-09-2026 22:44:46","False"
"D:\SIH\IceBerg\dataSet\SIH\DATA_Sea_ice_drift_concentration\ice_conc_sh_polstere-100_amsr2_202407241200 (1).nc","7851216","23-09-2026 01:02:18","False"
"D:\SIH\IceBerg\dataSet\SIH\DATA_Sea_ice_drift_concentration\ice_conc_sh_polstere-100_amsr2_202407241200.nc","7851216","22-09-2026 22:44:50","False"
"D:\SIH\IceBerg\dataSet\SIH\DATA_Sea_ice_drift_concentration\ice_conc_sh_polstere-100_amsr2_202407251200 (1).nc","7882005","23-09-2026 01:02:20","False"
"D:\SIH\IceBerg\dataSet\SIH\DATA_Sea_ice_drift_concentration\ice_conc_sh_polstere-100_amsr2_202407251200.nc","7882005","22-09-2026 22:44:52","False"
"D:\SIH\IceBerg\dataSet\SIH\DATA_Sea_ice_drift_concentration\ice_conc_sh_polstere-100_amsr2_202407261200 (1).nc","7960285","23-09-2026 01:02:24","False"
"D:\SIH\IceBerg\dataSet\SIH\DATA_Sea_ice_drift_concentration\ice_conc_sh_polstere-100_amsr2_202407261200.nc","7960285","22-09-2026 22:44:54","False"
"D:\SIH\IceBerg\dataSet\SIH\DATA_Sea_ice_drift_concentration\ice_conc_sh_polstere-100_amsr2_202407271200 (1).nc","7832090","23-09-2026 01:02:26","False"
"D:\SIH\IceBerg\dataSet\SIH\DATA_Sea_ice_drift_concentration\ice_conc_sh_polstere-100_amsr2_202407271200.nc","7832090","22-09-2026 22:44:56","False"
"D:\SIH\IceBerg\dataSet\SIH\DATA_Sea_ice_drift_concentration\ice_conc_sh_polstere-100_amsr2_202407281200 (1).nc","7886636","23-09-2026 01:02:28","False"
"D:\SIH\IceBerg\dataSet\SIH\DATA_Sea_ice_drift_concentration\ice_conc_sh_polstere-100_amsr2_202407281200.nc","7886636","22-09-2026 22:45:00","False"
"D:\SIH\IceBerg\dataSet\SIH\DATA_Sea_ice_drift_concentration\ice_conc_sh_polstere-100_amsr2_202407291200 (1).nc","8001714","23-09-2026 01:02:32","False"
"D:\SIH\IceBerg\dataSet\SIH\DATA_Sea_ice_drift_concentration\ice_conc_sh_polstere-100_amsr2_202407291200.nc","8001714","22-09-2026 22:45:04","False"
"D:\SIH\IceBerg\dataSet\SIH\DATA_Sea_ice_drift_concentration\ice_conc_sh_polstere-100_amsr2_202407301200 (1).nc","8006984","23-09-2026 01:02:34","False"
"D:\SIH\IceBerg\dataSet\SIH\DATA_Sea_ice_drift_concentration\ice_conc_sh_polstere-100_amsr2_202407301200.nc","8006984","22-09-2026 22:45:06","False"
"D:\SIH\IceBerg\dataSet\SIH\DATA_Sea_ice_drift_concentration\ice_conc_sh_polstere-100_amsr2_202407311200 (1).nc","7825043","23-09-2026 01:02:38","False"
"D:\SIH\IceBerg\dataSet\SIH\DATA_Sea_ice_drift_concentration\ice_conc_sh_polstere-100_amsr2_202407311200.nc","7825043","22-09-2026 22:45:08","False"
"D:\SIH\IceBerg\dataSet\SIH\DATA_Sea_ice_drift_concentration\ice_conc_sh_polstere-100_amsr2_202408011200 (1).nc","8099610","23-09-2026 01:02:42","False"
"D:\SIH\IceBerg\dataSet\SIH\DATA_Sea_ice_drift_concentration\ice_conc_sh_polstere-100_amsr2_202408011200.nc","8099610","22-09-2026 22:45:24","False"
"D:\SIH\IceBerg\dataSet\SIH\DATA_Sea_ice_drift_concentration\ice_conc_sh_polstere-100_amsr2_202408021200 (1).nc","8083107","23-09-2026 01:02:44","False"
"D:\SIH\IceBerg\dataSet\SIH\DATA_Sea_ice_drift_concentration\ice_conc_sh_polstere-100_amsr2_202408021200.nc","8083107","22-09-2026 22:45:26","False"
"D:\SIH\IceBerg\dataSet\SIH\DATA_Sea_ice_drift_concentration\ice_conc_sh_polstere-100_amsr2_202408031200 (1).nc","8026374","23-09-2026 01:02:46","False"
"D:\SIH\IceBerg\dataSet\SIH\DATA_Sea_ice_drift_concentration\ice_conc_sh_polstere-100_amsr2_202408031200.nc","8026374","22-09-2026 22:45:28","False"
"D:\SIH\IceBerg\dataSet\SIH\DATA_Sea_ice_drift_concentration\ice_conc_sh_polstere-100_amsr2_202408041200 (1).nc","7973111","23-09-2026 01:02:50","False"
"D:\SIH\IceBerg\dataSet\SIH\DATA_Sea_ice_drift_concentration\ice_conc_sh_polstere-100_amsr2_202408041200.nc","7973111","22-09-2026 22:45:30","False"
"D:\SIH\IceBerg\dataSet\SIH\DATA_Sea_ice_drift_concentration\ice_conc_sh_polstere-100_amsr2_202408051200 (1).nc","8024898","23-09-2026 01:02:52","False"
"D:\SIH\IceBerg\dataSet\SIH\DATA_Sea_ice_drift_concentration\ice_conc_sh_polstere-100_amsr2_202408051200.nc","8024898","22-09-2026 22:45:34","False"
"D:\SIH\IceBerg\dataSet\SIH\DATA_Sea_ice_drift_concentration\ice_conc_sh_polstere-100_amsr2_202408061200 (1).nc","8061961","23-09-2026 01:02:56","False"
"D:\SIH\IceBerg\dataSet\SIH\DATA_Sea_ice_drift_concentration\ice_conc_sh_polstere-100_amsr2_202408061200.nc","8061961","22-09-2026 22:45:36","False"
"D:\SIH\IceBerg\dataSet\SIH\DATA_Sea_ice_drift_concentration\ice_conc_sh_polstere-100_amsr2_202408071200 (1).nc","8010712","23-09-2026 01:02:58","False"
"D:\SIH\IceBerg\dataSet\SIH\DATA_Sea_ice_drift_concentration\ice_conc_sh_polstere-100_amsr2_202408071200.nc","8010712","22-09-2026 22:45:38","False"
"D:\SIH\IceBerg\dataSet\SIH\DATA_Sea_ice_drift_concentration\ice_conc_sh_polstere-100_amsr2_202408081200 (1).nc","8000110","23-09-2026 01:03:00","False"
"D:\SIH\IceBerg\dataSet\SIH\DATA_Sea_ice_drift_concentration\ice_conc_sh_polstere-100_amsr2_202408081200.nc","8000110","22-09-2026 22:45:42","False"
"D:\SIH\IceBerg\dataSet\SIH\DATA_Sea_ice_drift_concentration\ice_conc_sh_polstere-100_amsr2_202408091200 (1).nc","8014930","23-09-2026 01:03:02","False"
"D:\SIH\IceBerg\dataSet\SIH\DATA_Sea_ice_drift_concentration\ice_conc_sh_polstere-100_amsr2_202408091200.nc","8014930","22-09-2026 22:45:46","False"
"D:\SIH\IceBerg\dataSet\SIH\DATA_Sea_ice_drift_concentration\ice_conc_sh_polstere-100_amsr2_202408101200 (1).nc","7957875","23-09-2026 01:03:04","False"
"D:\SIH\IceBerg\dataSet\SIH\DATA_Sea_ice_drift_concentration\ice_conc_sh_polstere-100_amsr2_202408101200.nc","7957875","22-09-2026 22:45:50","False"
"D:\SIH\IceBerg\dataSet\SIH\DATA_Sea_ice_drift_concentration\ice_conc_sh_polstere-100_amsr2_202408111200 (1).nc","8161162","23-09-2026 01:03:08","False"
"D:\SIH\IceBerg\dataSet\SIH\DATA_Sea_ice_drift_concentration\ice_conc_sh_polstere-100_amsr2_202408111200.nc","8161162","22-09-2026 22:45:52","False"
"D:\SIH\IceBerg\dataSet\SIH\DATA_Sea_ice_drift_concentration\ice_conc_sh_polstere-100_amsr2_202408121200 (1).nc","8169523","23-09-2026 01:03:10","False"
"D:\SIH\IceBerg\dataSet\SIH\DATA_Sea_ice_drift_concentration\ice_conc_sh_polstere-100_amsr2_202408121200.nc","8169523","22-09-2026 22:45:54","False"
"D:\SIH\IceBerg\dataSet\SIH\DATA_Sea_ice_drift_concentration\ice_conc_sh_polstere-100_amsr2_202408131200 (1).nc","8162687","23-09-2026 01:03:12","False"
"D:\SIH\IceBerg\dataSet\SIH\DATA_Sea_ice_drift_concentration\ice_conc_sh_polstere-100_amsr2_202408131200.nc","8162687","22-09-2026 22:45:58","False"
"D:\SIH\IceBerg\dataSet\SIH\DATA_Sea_ice_drift_concentration\ice_conc_sh_polstere-100_amsr2_202408141200 (1).nc","8162321","23-09-2026 01:03:16","False"
"D:\SIH\IceBerg\dataSet\SIH\DATA_Sea_ice_drift_concentration\ice_conc_sh_polstere-100_amsr2_202408141200.nc","8162321","22-09-2026 22:46:02","False"
"D:\SIH\IceBerg\dataSet\SIH\DATA_Sea_ice_drift_concentration\ice_conc_sh_polstere-100_amsr2_202408151200 (1).nc","8119269","23-09-2026 01:03:18","False"
"D:\SIH\IceBerg\dataSet\SIH\DATA_Sea_ice_drift_concentration\ice_conc_sh_polstere-100_amsr2_202408151200.nc","8119269","22-09-2026 22:46:06","False"
"D:\SIH\IceBerg\dataSet\SIH\DATA_Sea_ice_drift_concentration\ice_conc_sh_polstere-100_amsr2_202408161200 (1).nc","8076974","23-09-2026 01:03:22","False"
"D:\SIH\IceBerg\dataSet\SIH\DATA_Sea_ice_drift_concentration\ice_conc_sh_polstere-100_amsr2_202408161200.nc","8076974","22-09-2026 22:46:08","False"
"D:\SIH\IceBerg\dataSet\SIH\DATA_Sea_ice_drift_concentration\ice_conc_sh_polstere-100_amsr2_202408171200 (1).nc","8127260","23-09-2026 01:03:24","False"
"D:\SIH\IceBerg\dataSet\SIH\DATA_Sea_ice_drift_concentration\ice_conc_sh_polstere-100_amsr2_202408171200.nc","8127260","22-09-2026 22:46:12","False"
"D:\SIH\IceBerg\dataSet\SIH\DATA_Sea_ice_drift_concentration\ice_conc_sh_polstere-100_amsr2_202408181200 (1).nc","8170059","23-09-2026 01:03:26","False"
"D:\SIH\IceBerg\dataSet\SIH\DATA_Sea_ice_drift_concentration\ice_conc_sh_polstere-100_amsr2_202408181200.nc","8170059","22-09-2026 22:46:14","False"
"D:\SIH\IceBerg\dataSet\SIH\DATA_Sea_ice_drift_concentration\ice_conc_sh_polstere-100_amsr2_202408191200 (1).nc","8172197","23-09-2026 01:03:28","False"
"D:\SIH\IceBerg\dataSet\SIH\DATA_Sea_ice_drift_concentration\ice_conc_sh_polstere-100_amsr2_202408191200.nc","8172197","22-09-2026 22:46:16","False"
"D:\SIH\IceBerg\dataSet\SIH\DATA_Sea_ice_drift_concentration\ice_conc_sh_polstere-100_amsr2_202408201200 (1).nc","8187956","23-09-2026 01:03:32","False"
"D:\SIH\IceBerg\dataSet\SIH\DATA_Sea_ice_drift_concentration\ice_conc_sh_polstere-100_amsr2_202408201200.nc","8187956","22-09-2026 22:46:20","False"
"D:\SIH\IceBerg\dataSet\SIH\DATA_Sea_ice_drift_concentration\ice_conc_sh_polstere-100_amsr2_202408211200 (1).nc","8201730","23-09-2026 01:03:34","False"
"D:\SIH\IceBerg\dataSet\SIH\DATA_Sea_ice_drift_concentration\ice_conc_sh_polstere-100_amsr2_202408211200.nc","8201730","22-09-2026 22:46:22","False"
"D:\SIH\IceBerg\dataSet\SIH\DATA_Sea_ice_drift_concentration\ice_conc_sh_polstere-100_amsr2_202408221200 (1).nc","8237044","23-09-2026 01:03:38","False"
"D:\SIH\IceBerg\dataSet\SIH\DATA_Sea_ice_drift_concentration\ice_conc_sh_polstere-100_amsr2_202408221200.nc","8237044","22-09-2026 22:46:24","False"
"D:\SIH\IceBerg\dataSet\SIH\DATA_Sea_ice_drift_concentration\ice_conc_sh_polstere-100_amsr2_202408231200 (1).nc","8175015","23-09-2026 01:03:42","False"
"D:\SIH\IceBerg\dataSet\SIH\DATA_Sea_ice_drift_concentration\ice_conc_sh_polstere-100_amsr2_202408231200.nc","8175015","22-09-2026 22:46:28","False"
"D:\SIH\IceBerg\dataSet\SIH\DATA_Sea_ice_drift_concentration\ice_conc_sh_polstere-100_amsr2_202408241200 (1).nc","8109948","23-09-2026 01:03:44","False"
"D:\SIH\IceBerg\dataSet\SIH\DATA_Sea_ice_drift_concentration\ice_conc_sh_polstere-100_amsr2_202408241200.nc","8109948","22-09-2026 22:46:30","False"
"D:\SIH\IceBerg\dataSet\SIH\DATA_Sea_ice_drift_concentration\ice_conc_sh_polstere-100_amsr2_202408251200 (1).nc","8137403","23-09-2026 01:03:48","False"
"D:\SIH\IceBerg\dataSet\SIH\DATA_Sea_ice_drift_concentration\ice_conc_sh_polstere-100_amsr2_202408251200.nc","8137403","22-09-2026 22:46:32","False"
"D:\SIH\IceBerg\dataSet\SIH\DATA_Sea_ice_drift_concentration\ice_conc_sh_polstere-100_amsr2_202408261200 (1).nc","8165965","23-09-2026 01:03:50","False"
"D:\SIH\IceBerg\dataSet\SIH\DATA_Sea_ice_drift_concentration\ice_conc_sh_polstere-100_amsr2_202408261200.nc","8165965","22-09-2026 22:46:36","False"
"D:\SIH\IceBerg\dataSet\SIH\DATA_Sea_ice_drift_concentration\ice_conc_sh_polstere-100_amsr2_202408271200 (1).nc","8140591","23-09-2026 01:03:52","False"
"D:\SIH\IceBerg\dataSet\SIH\DATA_Sea_ice_drift_concentration\ice_conc_sh_polstere-100_amsr2_202408271200.nc","8140591","22-09-2026 22:46:38","False"
"D:\SIH\IceBerg\dataSet\SIH\DATA_Sea_ice_drift_concentration\ice_conc_sh_polstere-100_amsr2_202408281200 (1).nc","8142121","23-09-2026 01:03:54","False"
"D:\SIH\IceBerg\dataSet\SIH\DATA_Sea_ice_drift_concentration\ice_conc_sh_polstere-100_amsr2_202408281200.nc","8142121","22-09-2026 22:46:40","False"
"D:\SIH\IceBerg\dataSet\SIH\DATA_Sea_ice_drift_concentration\ice_conc_sh_polstere-100_amsr2_202408291200 (1).nc","8226263","23-09-2026 01:03:58","False"
"D:\SIH\IceBerg\dataSet\SIH\DATA_Sea_ice_drift_concentration\ice_conc_sh_polstere-100_amsr2_202408291200.nc","8226263","22-09-2026 22:46:42","False"
"D:\SIH\IceBerg\dataSet\SIH\DATA_Sea_ice_drift_concentration\ice_conc_sh_polstere-100_amsr2_202408301200 (1).nc","8196617","23-09-2026 01:04:00","False"
"D:\SIH\IceBerg\dataSet\SIH\DATA_Sea_ice_drift_concentration\ice_conc_sh_polstere-100_amsr2_202408301200.nc","8196617","22-09-2026 22:46:44","False"
"D:\SIH\IceBerg\dataSet\SIH\DATA_Sea_ice_drift_concentration\ice_conc_sh_polstere-100_amsr2_202408311200 (1).nc","8073798","23-09-2026 01:04:04","False"
"D:\SIH\IceBerg\dataSet\SIH\DATA_Sea_ice_drift_concentration\ice_conc_sh_polstere-100_amsr2_202408311200.nc","8073798","22-09-2026 22:46:48","False"
"D:\SIH\IceBerg\dataSet\SIH\DATA_Sea_ice_drift_concentration\ice_conc_sh_polstere-100_amsr2_202409011200 (1).nc","8073484","23-09-2026 01:04:16","False"
"D:\SIH\IceBerg\dataSet\SIH\DATA_Sea_ice_drift_concentration\ice_conc_sh_polstere-100_amsr2_202409011200.nc","8073484","22-09-2026 23:24:06","False"
"D:\SIH\IceBerg\dataSet\SIH\DATA_Sea_ice_drift_concentration\ice_conc_sh_polstere-100_amsr2_202409021200 (1).nc","8101329","23-09-2026 01:04:18","False"
"D:\SIH\IceBerg\dataSet\SIH\DATA_Sea_ice_drift_concentration\ice_conc_sh_polstere-100_amsr2_202409021200.nc","8101329","22-09-2026 23:24:08","False"
"D:\SIH\IceBerg\dataSet\SIH\DATA_Sea_ice_drift_concentration\ice_conc_sh_polstere-100_amsr2_202409031200 (1).nc","8102459","23-09-2026 01:04:22","False"
"D:\SIH\IceBerg\dataSet\SIH\DATA_Sea_ice_drift_concentration\ice_conc_sh_polstere-100_amsr2_202409031200.nc","8102459","22-09-2026 23:24:12","False"
"D:\SIH\IceBerg\dataSet\SIH\DATA_Sea_ice_drift_concentration\ice_conc_sh_polstere-100_amsr2_202409041200 (1).nc","6758531","23-09-2026 01:04:24","False"
"D:\SIH\IceBerg\dataSet\SIH\DATA_Sea_ice_drift_concentration\ice_conc_sh_polstere-100_amsr2_202409041200.nc","6758531","22-09-2026 23:24:16","False"
"D:\SIH\IceBerg\dataSet\SIH\DATA_Sea_ice_drift_concentration\ice_conc_sh_polstere-100_amsr2_202409051200 (1).nc","8081013","23-09-2026 01:04:26","False"
"D:\SIH\IceBerg\dataSet\SIH\DATA_Sea_ice_drift_concentration\ice_conc_sh_polstere-100_amsr2_202409051200.nc","8081013","22-09-2026 23:24:18","False"
"D:\SIH\IceBerg\dataSet\SIH\DATA_Sea_ice_drift_concentration\ice_conc_sh_polstere-100_amsr2_202409061200 (1).nc","8024758","23-09-2026 01:04:30","False"
"D:\SIH\IceBerg\dataSet\SIH\DATA_Sea_ice_drift_concentration\ice_conc_sh_polstere-100_amsr2_202409061200.nc","8024758","22-09-2026 23:24:20","False"
"D:\SIH\IceBerg\dataSet\SIH\DATA_Sea_ice_drift_concentration\ice_conc_sh_polstere-100_amsr2_202409071200 (1).nc","8133807","23-09-2026 01:04:34","False"
"D:\SIH\IceBerg\dataSet\SIH\DATA_Sea_ice_drift_concentration\ice_conc_sh_polstere-100_amsr2_202409071200.nc","8133807","22-09-2026 23:24:24","False"
"D:\SIH\IceBerg\dataSet\SIH\DATA_Sea_ice_drift_concentration\ice_conc_sh_polstere-100_amsr2_202409081200 (1).nc","8138365","23-09-2026 01:04:36","False"
"D:\SIH\IceBerg\dataSet\SIH\DATA_Sea_ice_drift_concentration\ice_conc_sh_polstere-100_amsr2_202409081200.nc","8138365","22-09-2026 23:24:26","False"
"D:\SIH\IceBerg\dataSet\SIH\DATA_Sea_ice_drift_concentration\ice_conc_sh_polstere-100_amsr2_202409091200 (1).nc","8060374","23-09-2026 01:04:40","False"
"D:\SIH\IceBerg\dataSet\SIH\DATA_Sea_ice_drift_concentration\ice_conc_sh_polstere-100_amsr2_202409091200.nc","8060374","22-09-2026 23:24:30","False"
"D:\SIH\IceBerg\dataSet\SIH\DATA_Sea_ice_drift_concentration\ice_conc_sh_polstere-100_amsr2_202409101200 (1).nc","8066380","23-09-2026 01:04:44","False"
"D:\SIH\IceBerg\dataSet\SIH\DATA_Sea_ice_drift_concentration\ice_conc_sh_polstere-100_amsr2_202409101200.nc","8066380","22-09-2026 23:24:32","False"
"D:\SIH\IceBerg\dataSet\SIH\DATA_Sea_ice_drift_concentration\ice_conc_sh_polstere-100_amsr2_202409111200 (1).nc","8088757","23-09-2026 01:04:48","False"
"D:\SIH\IceBerg\dataSet\SIH\DATA_Sea_ice_drift_concentration\ice_conc_sh_polstere-100_amsr2_202409111200.nc","8088757","22-09-2026 23:24:34","False"
"D:\SIH\IceBerg\dataSet\SIH\DATA_Sea_ice_drift_concentration\ice_conc_sh_polstere-100_amsr2_202409121200 (1).nc","8101973","23-09-2026 01:04:50","False"
"D:\SIH\IceBerg\dataSet\SIH\DATA_Sea_ice_drift_concentration\ice_conc_sh_polstere-100_amsr2_202409121200.nc","8101973","22-09-2026 23:24:38","False"
"D:\SIH\IceBerg\dataSet\SIH\DATA_Sea_ice_drift_concentration\ice_conc_sh_polstere-100_amsr2_202409131200 (1).nc","8093038","23-09-2026 01:04:54","False"
"D:\SIH\IceBerg\dataSet\SIH\DATA_Sea_ice_drift_concentration\ice_conc_sh_polstere-100_amsr2_202409131200.nc","8093038","22-09-2026 23:24:40","False"
"D:\SIH\IceBerg\dataSet\SIH\DATA_Sea_ice_drift_concentration\ice_conc_sh_polstere-100_amsr2_202409141200 (1).nc","8095272","23-09-2026 01:04:58","False"
"D:\SIH\IceBerg\dataSet\SIH\DATA_Sea_ice_drift_concentration\ice_conc_sh_polstere-100_amsr2_202409141200.nc","8095272","22-09-2026 23:24:42","False"
"D:\SIH\IceBerg\dataSet\SIH\DATA_Sea_ice_drift_concentration\ice_conc_sh_polstere-100_amsr2_202409151200 (1).nc","8075256","23-09-2026 01:05:02","False"
"D:\SIH\IceBerg\dataSet\SIH\DATA_Sea_ice_drift_concentration\ice_conc_sh_polstere-100_amsr2_202409151200.nc","8075256","22-09-2026 23:24:44","False"
"D:\SIH\IceBerg\dataSet\SIH\DATA_Sea_ice_drift_concentration\ice_conc_sh_polstere-100_amsr2_202409161200 (1).nc","8049992","23-09-2026 01:05:04","False"
"D:\SIH\IceBerg\dataSet\SIH\DATA_Sea_ice_drift_concentration\ice_conc_sh_polstere-100_amsr2_202409161200.nc","8049992","22-09-2026 23:24:48","False"
"D:\SIH\IceBerg\dataSet\SIH\DATA_Sea_ice_drift_concentration\ice_conc_sh_polstere-100_amsr2_202409171200 (1).nc","8055249","23-09-2026 01:05:08","False"
"D:\SIH\IceBerg\dataSet\SIH\DATA_Sea_ice_drift_concentration\ice_conc_sh_polstere-100_amsr2_202409171200.nc","8055249","22-09-2026 23:24:50","False"
"D:\SIH\IceBerg\dataSet\SIH\DATA_Sea_ice_drift_concentration\ice_conc_sh_polstere-100_amsr2_202409181200 (1).nc","8100785","23-09-2026 01:05:12","False"
"D:\SIH\IceBerg\dataSet\SIH\DATA_Sea_ice_drift_concentration\ice_conc_sh_polstere-100_amsr2_202409181200.nc","8100785","22-09-2026 23:24:52","False"
"D:\SIH\IceBerg\dataSet\SIH\DATA_Sea_ice_drift_concentration\ice_conc_sh_polstere-100_amsr2_202409191200 (1).nc","8083010","23-09-2026 01:05:16","False"
"D:\SIH\IceBerg\dataSet\SIH\DATA_Sea_ice_drift_concentration\ice_conc_sh_polstere-100_amsr2_202409191200.nc","8083010","22-09-2026 23:24:56","False"
"D:\SIH\IceBerg\dataSet\SIH\DATA_Sea_ice_drift_concentration\ice_conc_sh_polstere-100_amsr2_202409201200 (1).nc","8125582","23-09-2026 01:05:20","False"
"D:\SIH\IceBerg\dataSet\SIH\DATA_Sea_ice_drift_concentration\ice_conc_sh_polstere-100_amsr2_202409201200.nc","8125582","22-09-2026 23:24:58","False"
"D:\SIH\IceBerg\dataSet\SIH\DATA_Sea_ice_drift_concentration\ice_conc_sh_polstere-100_amsr2_202409211200 (1).nc","8104858","23-09-2026 01:05:24","False"
"D:\SIH\IceBerg\dataSet\SIH\DATA_Sea_ice_drift_concentration\ice_conc_sh_polstere-100_amsr2_202409211200.nc","8104858","22-09-2026 23:25:02","False"
"D:\SIH\IceBerg\dataSet\SIH\DATA_Sea_ice_drift_concentration\ice_conc_sh_polstere-100_amsr2_202409221200 (1).nc","8087490","23-09-2026 01:05:30","False"
"D:\SIH\IceBerg\dataSet\SIH\DATA_Sea_ice_drift_concentration\ice_conc_sh_polstere-100_amsr2_202409221200.nc","8087490","22-09-2026 23:25:04","False"
"D:\SIH\IceBerg\dataSet\SIH\DATA_Sea_ice_drift_concentration\ice_conc_sh_polstere-100_amsr2_202409231200 (1).nc","8002856","23-09-2026 01:05:34","False"
"D:\SIH\IceBerg\dataSet\SIH\DATA_Sea_ice_drift_concentration\ice_conc_sh_polstere-100_amsr2_202409231200.nc","8002856","22-09-2026 23:25:06","False"
"D:\SIH\IceBerg\dataSet\SIH\DATA_Sea_ice_drift_concentration\ice_conc_sh_polstere-100_amsr2_202409241200 (1).nc","8024043","23-09-2026 01:05:38","False"
"D:\SIH\IceBerg\dataSet\SIH\DATA_Sea_ice_drift_concentration\ice_conc_sh_polstere-100_amsr2_202409241200.nc","8024043","22-09-2026 23:25:08","False"
"D:\SIH\IceBerg\dataSet\SIH\DATA_Sea_ice_drift_concentration\ice_conc_sh_polstere-100_amsr2_202409251200 (1).nc","7971568","23-09-2026 01:05:42","False"
"D:\SIH\IceBerg\dataSet\SIH\DATA_Sea_ice_drift_concentration\ice_conc_sh_polstere-100_amsr2_202409251200.nc","7971568","22-09-2026 23:25:12","False"
"D:\SIH\IceBerg\dataSet\SIH\DATA_Sea_ice_drift_concentration\ice_conc_sh_polstere-100_amsr2_202409261200 (1).nc","7979454","23-09-2026 01:05:46","False"
"D:\SIH\IceBerg\dataSet\SIH\DATA_Sea_ice_drift_concentration\ice_conc_sh_polstere-100_amsr2_202409261200.nc","7979454","22-09-2026 23:25:14","False"
"D:\SIH\IceBerg\dataSet\SIH\DATA_Sea_ice_drift_concentration\ice_conc_sh_polstere-100_amsr2_202409271200 (1).nc","8061920","23-09-2026 01:05:52","False"
"D:\SIH\IceBerg\dataSet\SIH\DATA_Sea_ice_drift_concentration\ice_conc_sh_polstere-100_amsr2_202409271200.nc","8061920","22-09-2026 23:25:16","False"
"D:\SIH\IceBerg\dataSet\SIH\DATA_Sea_ice_drift_concentration\ice_conc_sh_polstere-100_amsr2_202409281200 (1).nc","8035516","23-09-2026 01:05:56","False"
"D:\SIH\IceBerg\dataSet\SIH\DATA_Sea_ice_drift_concentration\ice_conc_sh_polstere-100_amsr2_202409281200.nc","8035516","22-09-2026 23:25:20","False"
"D:\SIH\IceBerg\dataSet\SIH\DATA_Sea_ice_drift_concentration\ice_conc_sh_polstere-100_amsr2_202409291200 (1).nc","8086393","23-09-2026 01:06:00","False"
"D:\SIH\IceBerg\dataSet\SIH\DATA_Sea_ice_drift_concentration\ice_conc_sh_polstere-100_amsr2_202409291200.nc","8086393","22-09-2026 23:25:22","False"
"D:\SIH\IceBerg\dataSet\SIH\DATA_Sea_ice_drift_concentration\ice_conc_sh_polstere-100_amsr2_202409301200 (1).nc","8122586","23-09-2026 01:06:06","False"
"D:\SIH\IceBerg\dataSet\SIH\DATA_Sea_ice_drift_concentration\ice_conc_sh_polstere-100_amsr2_202409301200.nc","8122586","22-09-2026 23:25:24","False"
"D:\SIH\IceBerg\dataSet\SIH\DATA_Sea_ice_drift_concentration\ice_conc_sh_polstere-100_amsr2_202410011200 (1).nc","8075722","23-09-2026 01:06:14","False"
"D:\SIH\IceBerg\dataSet\SIH\DATA_Sea_ice_drift_concentration\ice_conc_sh_polstere-100_amsr2_202410011200.nc","8075722","22-09-2026 23:26:06","False"
"D:\SIH\IceBerg\dataSet\SIH\DATA_Sea_ice_drift_concentration\ice_conc_sh_polstere-100_amsr2_202410021200 (1).nc","8091428","23-09-2026 01:06:20","False"
"D:\SIH\IceBerg\dataSet\SIH\DATA_Sea_ice_drift_concentration\ice_conc_sh_polstere-100_amsr2_202410021200.nc","8091428","22-09-2026 23:26:08","False"
"D:\SIH\IceBerg\dataSet\SIH\DATA_Sea_ice_drift_concentration\ice_conc_sh_polstere-100_amsr2_202410031200 (1).nc","8107748","23-09-2026 01:06:26","False"
"D:\SIH\IceBerg\dataSet\SIH\DATA_Sea_ice_drift_concentration\ice_conc_sh_polstere-100_amsr2_202410031200.nc","8107748","22-09-2026 23:26:12","False"
"D:\SIH\IceBerg\dataSet\SIH\DATA_Sea_ice_drift_concentration\ice_conc_sh_polstere-100_amsr2_202410041200 (1).nc","8113949","23-09-2026 01:06:30","False"
"D:\SIH\IceBerg\dataSet\SIH\DATA_Sea_ice_drift_concentration\ice_conc_sh_polstere-100_amsr2_202410041200.nc","8113949","22-09-2026 23:26:14","False"
"D:\SIH\IceBerg\dataSet\SIH\DATA_Sea_ice_drift_concentration\ice_conc_sh_polstere-100_amsr2_202410051200 (1).nc","8104193","23-09-2026 01:06:34","False"
"D:\SIH\IceBerg\dataSet\SIH\DATA_Sea_ice_drift_concentration\ice_conc_sh_polstere-100_amsr2_202410051200.nc","8104193","22-09-2026 23:26:16","False"
"D:\SIH\IceBerg\dataSet\SIH\DATA_Sea_ice_drift_concentration\ice_conc_sh_polstere-100_amsr2_202410061200 (1).nc","8019532","23-09-2026 01:06:38","False"
"D:\SIH\IceBerg\dataSet\SIH\DATA_Sea_ice_drift_concentration\ice_conc_sh_polstere-100_amsr2_202410061200.nc","8019532","22-09-2026 23:26:20","False"
"D:\SIH\IceBerg\dataSet\SIH\DATA_Sea_ice_drift_concentration\ice_conc_sh_polstere-100_amsr2_202410071200 (1).nc","8015136","23-09-2026 01:06:40","False"
"D:\SIH\IceBerg\dataSet\SIH\DATA_Sea_ice_drift_concentration\ice_conc_sh_polstere-100_amsr2_202410071200.nc","8015136","22-09-2026 23:26:22","False"
"D:\SIH\IceBerg\dataSet\SIH\DATA_Sea_ice_drift_concentration\ice_conc_sh_polstere-100_amsr2_202410081200 (1).nc","8062138","23-09-2026 01:06:44","False"
"D:\SIH\IceBerg\dataSet\SIH\DATA_Sea_ice_drift_concentration\ice_conc_sh_polstere-100_amsr2_202410081200.nc","8062138","22-09-2026 23:26:26","False"
"D:\SIH\IceBerg\dataSet\SIH\DATA_Sea_ice_drift_concentration\ice_conc_sh_polstere-100_amsr2_202410091200 (1).nc","8106303","23-09-2026 01:06:48","False"
"D:\SIH\IceBerg\dataSet\SIH\DATA_Sea_ice_drift_concentration\ice_conc_sh_polstere-100_amsr2_202410091200.nc","8106303","22-09-2026 23:26:28","False"
"D:\SIH\IceBerg\dataSet\SIH\DATA_Sea_ice_drift_concentration\ice_conc_sh_polstere-100_amsr2_202410101200 (1).nc","8125994","23-09-2026 01:06:50","False"
"D:\SIH\IceBerg\dataSet\SIH\DATA_Sea_ice_drift_concentration\ice_conc_sh_polstere-100_amsr2_202410101200.nc","8125994","22-09-2026 23:26:30","False"
"D:\SIH\IceBerg\dataSet\SIH\DATA_Sea_ice_drift_concentration\ice_conc_sh_polstere-100_amsr2_202410111200 (1).nc","8061986","23-09-2026 01:06:56","False"
"D:\SIH\IceBerg\dataSet\SIH\DATA_Sea_ice_drift_concentration\ice_conc_sh_polstere-100_amsr2_202410111200.nc","8061986","22-09-2026 23:26:32","False"
"D:\SIH\IceBerg\dataSet\SIH\DATA_Sea_ice_drift_concentration\ice_conc_sh_polstere-100_amsr2_202410121200 (1).nc","7995982","23-09-2026 01:07:00","False"
"D:\SIH\IceBerg\dataSet\SIH\DATA_Sea_ice_drift_concentration\ice_conc_sh_polstere-100_amsr2_202410121200.nc","7995982","22-09-2026 23:26:34","False"
"D:\SIH\IceBerg\dataSet\SIH\DATA_Sea_ice_drift_concentration\ice_conc_sh_polstere-100_amsr2_202410131200 (1).nc","8105210","23-09-2026 01:07:02","False"
"D:\SIH\IceBerg\dataSet\SIH\DATA_Sea_ice_drift_concentration\ice_conc_sh_polstere-100_amsr2_202410131200.nc","8105210","22-09-2026 23:26:38","False"
"D:\SIH\IceBerg\dataSet\SIH\DATA_Sea_ice_drift_concentration\ice_conc_sh_polstere-100_amsr2_202410141200 (1).nc","8126961","23-09-2026 01:07:06","False"
"D:\SIH\IceBerg\dataSet\SIH\DATA_Sea_ice_drift_concentration\ice_conc_sh_polstere-100_amsr2_202410141200.nc","8126961","22-09-2026 23:26:40","False"
"D:\SIH\IceBerg\dataSet\SIH\DATA_Sea_ice_drift_concentration\ice_conc_sh_polstere-100_amsr2_202410151200 (1).nc","8081080","23-09-2026 01:07:10","False"
"D:\SIH\IceBerg\dataSet\SIH\DATA_Sea_ice_drift_concentration\ice_conc_sh_polstere-100_amsr2_202410151200.nc","8081080","22-09-2026 23:26:42","False"
"D:\SIH\IceBerg\dataSet\SIH\DATA_Sea_ice_drift_concentration\ice_conc_sh_polstere-100_amsr2_202410161200 (1).nc","8105852","23-09-2026 01:07:14","False"
"D:\SIH\IceBerg\dataSet\SIH\DATA_Sea_ice_drift_concentration\ice_conc_sh_polstere-100_amsr2_202410161200.nc","8105852","22-09-2026 23:26:44","False"
"D:\SIH\IceBerg\dataSet\SIH\DATA_Sea_ice_drift_concentration\ice_conc_sh_polstere-100_amsr2_202410171200 (1).nc","8081093","23-09-2026 01:07:18","False"
"D:\SIH\IceBerg\dataSet\SIH\DATA_Sea_ice_drift_concentration\ice_conc_sh_polstere-100_amsr2_202410171200.nc","8081093","22-09-2026 23:26:48","False"
"D:\SIH\IceBerg\dataSet\SIH\DATA_Sea_ice_drift_concentration\ice_conc_sh_polstere-100_amsr2_202410181200 (1).nc","8005793","23-09-2026 01:07:24","False"
"D:\SIH\IceBerg\dataSet\SIH\DATA_Sea_ice_drift_concentration\ice_conc_sh_polstere-100_amsr2_202410181200.nc","8005793","22-09-2026 23:26:50","False"
"D:\SIH\IceBerg\dataSet\SIH\DATA_Sea_ice_drift_concentration\ice_conc_sh_polstere-100_amsr2_202410191200 (1).nc","8011046","23-09-2026 01:07:30","False"
"D:\SIH\IceBerg\dataSet\SIH\DATA_Sea_ice_drift_concentration\ice_conc_sh_polstere-100_amsr2_202410191200.nc","8011046","22-09-2026 23:26:52","False"
"D:\SIH\IceBerg\dataSet\SIH\DATA_Sea_ice_drift_concentration\ice_conc_sh_polstere-100_amsr2_202410201200 (1).nc","7964776","23-09-2026 01:07:36","False"
"D:\SIH\IceBerg\dataSet\SIH\DATA_Sea_ice_drift_concentration\ice_conc_sh_polstere-100_amsr2_202410201200.nc","7964776","22-09-2026 23:26:54","False"
"D:\SIH\IceBerg\dataSet\SIH\DATA_Sea_ice_drift_concentration\ice_conc_sh_polstere-100_amsr2_202410211200 (1).nc","8083948","23-09-2026 01:07:42","False"
"D:\SIH\IceBerg\dataSet\SIH\DATA_Sea_ice_drift_concentration\ice_conc_sh_polstere-100_amsr2_202410211200.nc","8083948","22-09-2026 23:26:56","False"
"D:\SIH\IceBerg\dataSet\SIH\DATA_Sea_ice_drift_concentration\ice_conc_sh_polstere-100_amsr2_202410221200 (1).nc","8110082","23-09-2026 01:07:48","False"
"D:\SIH\IceBerg\dataSet\SIH\DATA_Sea_ice_drift_concentration\ice_conc_sh_polstere-100_amsr2_202410221200.nc","8110082","22-09-2026 23:27:00","False"
"D:\SIH\IceBerg\dataSet\SIH\DATA_Sea_ice_drift_concentration\ice_conc_sh_polstere-100_amsr2_202410231200 (1).nc","8105671","23-09-2026 01:07:52","False"
"D:\SIH\IceBerg\dataSet\SIH\DATA_Sea_ice_drift_concentration\ice_conc_sh_polstere-100_amsr2_202410231200.nc","8105671","22-09-2026 23:27:02","False"
"D:\SIH\IceBerg\dataSet\SIH\DATA_Sea_ice_drift_concentration\ice_conc_sh_polstere-100_amsr2_202410241200 (1).nc","8091466","23-09-2026 01:07:58","False"
"D:\SIH\IceBerg\dataSet\SIH\DATA_Sea_ice_drift_concentration\ice_conc_sh_polstere-100_amsr2_202410241200.nc","8091466","22-09-2026 23:27:04","False"
"D:\SIH\IceBerg\dataSet\SIH\DATA_Sea_ice_drift_concentration\ice_conc_sh_polstere-100_amsr2_202410251200 (1).nc","8058586","23-09-2026 01:08:02","False"
"D:\SIH\IceBerg\dataSet\SIH\DATA_Sea_ice_drift_concentration\ice_conc_sh_polstere-100_amsr2_202410251200.nc","8058586","22-09-2026 23:27:08","False"
"D:\SIH\IceBerg\dataSet\SIH\DATA_Sea_ice_drift_concentration\ice_conc_sh_polstere-100_amsr2_202410261200 (1).nc","8027500","23-09-2026 01:08:08","False"
"D:\SIH\IceBerg\dataSet\SIH\DATA_Sea_ice_drift_concentration\ice_conc_sh_polstere-100_amsr2_202410261200.nc","8027500","22-09-2026 23:27:10","False"
"D:\SIH\IceBerg\dataSet\SIH\DATA_Sea_ice_drift_concentration\ice_conc_sh_polstere-100_amsr2_202410271200 (1).nc","8020144","23-09-2026 01:08:12","False"
"D:\SIH\IceBerg\dataSet\SIH\DATA_Sea_ice_drift_concentration\ice_conc_sh_polstere-100_amsr2_202410271200.nc","8020144","22-09-2026 23:27:12","False"
"D:\SIH\IceBerg\dataSet\SIH\DATA_Sea_ice_drift_concentration\ice_conc_sh_polstere-100_amsr2_202410281200 (1).nc","7952058","23-09-2026 01:08:16","False"
"D:\SIH\IceBerg\dataSet\SIH\DATA_Sea_ice_drift_concentration\ice_conc_sh_polstere-100_amsr2_202410281200.nc","7952058","22-09-2026 23:27:14","False"
"D:\SIH\IceBerg\dataSet\SIH\DATA_Sea_ice_drift_concentration\ice_conc_sh_polstere-100_amsr2_202410291200 (1).nc","7920985","23-09-2026 01:08:18","False"
"D:\SIH\IceBerg\dataSet\SIH\DATA_Sea_ice_drift_concentration\ice_conc_sh_polstere-100_amsr2_202410291200.nc","7920985","22-09-2026 23:27:16","False"
"D:\SIH\IceBerg\dataSet\SIH\DATA_Sea_ice_drift_concentration\ice_conc_sh_polstere-100_amsr2_202410301200 (1).nc","8123601","23-09-2026 01:08:22","False"
"D:\SIH\IceBerg\dataSet\SIH\DATA_Sea_ice_drift_concentration\ice_conc_sh_polstere-100_amsr2_202410301200.nc","8123601","22-09-2026 23:27:18","False"
"D:\SIH\IceBerg\dataSet\SIH\DATA_Sea_ice_drift_concentration\ice_conc_sh_polstere-100_amsr2_202410311200 (1).nc","8035754","23-09-2026 01:08:26","False"
"D:\SIH\IceBerg\dataSet\SIH\DATA_Sea_ice_drift_concentration\ice_conc_sh_polstere-100_amsr2_202410311200.nc","8035754","22-09-2026 23:27:22","False"
"D:\SIH\IceBerg\dataSet\SIH\DATA_Sea_ice_drift_concentration\ice_conc_sh_polstere-100_amsr2_202411011200 (1).nc","8078397","23-09-2026 01:08:34","False"
"D:\SIH\IceBerg\dataSet\SIH\DATA_Sea_ice_drift_concentration\ice_conc_sh_polstere-100_amsr2_202411011200.nc","8078397","22-09-2026 23:27:42","False"
"D:\SIH\IceBerg\dataSet\SIH\DATA_Sea_ice_drift_concentration\ice_conc_sh_polstere-100_amsr2_202411021200 (1).nc","8153353","23-09-2026 01:08:38","False"
"D:\SIH\IceBerg\dataSet\SIH\DATA_Sea_ice_drift_concentration\ice_conc_sh_polstere-100_amsr2_202411021200.nc","8153353","22-09-2026 23:27:46","False"
"D:\SIH\IceBerg\dataSet\SIH\DATA_Sea_ice_drift_concentration\ice_conc_sh_polstere-100_amsr2_202411031200 (1).nc","8189383","23-09-2026 01:08:40","False"
"D:\SIH\IceBerg\dataSet\SIH\DATA_Sea_ice_drift_concentration\ice_conc_sh_polstere-100_amsr2_202411031200.nc","8189383","22-09-2026 23:27:48","False"
"D:\SIH\IceBerg\dataSet\SIH\DATA_Sea_ice_drift_concentration\ice_conc_sh_polstere-100_amsr2_202411041200 (1).nc","8135624","23-09-2026 01:08:44","False"
"D:\SIH\IceBerg\dataSet\SIH\DATA_Sea_ice_drift_concentration\ice_conc_sh_polstere-100_amsr2_202411041200.nc","8135624","22-09-2026 23:27:50","False"
"D:\SIH\IceBerg\dataSet\SIH\DATA_Sea_ice_drift_concentration\ice_conc_sh_polstere-100_amsr2_202411051200 (1).nc","8108057","23-09-2026 01:08:48","False"
"D:\SIH\IceBerg\dataSet\SIH\DATA_Sea_ice_drift_concentration\ice_conc_sh_polstere-100_amsr2_202411051200.nc","8108057","22-09-2026 23:27:52","False"
"D:\SIH\IceBerg\dataSet\SIH\DATA_Sea_ice_drift_concentration\ice_conc_sh_polstere-100_amsr2_202411061200 (1).nc","8170529","23-09-2026 01:08:52","False"
"D:\SIH\IceBerg\dataSet\SIH\DATA_Sea_ice_drift_concentration\ice_conc_sh_polstere-100_amsr2_202411061200.nc","8170529","22-09-2026 23:27:54","False"
"D:\SIH\IceBerg\dataSet\SIH\DATA_Sea_ice_drift_concentration\ice_conc_sh_polstere-100_amsr2_202411071200 (1).nc","8205974","23-09-2026 01:08:56","False"
"D:\SIH\IceBerg\dataSet\SIH\DATA_Sea_ice_drift_concentration\ice_conc_sh_polstere-100_amsr2_202411071200.nc","8205974","22-09-2026 23:27:56","False"
"D:\SIH\IceBerg\dataSet\SIH\DATA_Sea_ice_drift_concentration\ice_conc_sh_polstere-100_amsr2_202411081200 (1).nc","8198233","23-09-2026 01:09:00","False"
"D:\SIH\IceBerg\dataSet\SIH\DATA_Sea_ice_drift_concentration\ice_conc_sh_polstere-100_amsr2_202411081200.nc","8198233","22-09-2026 23:28:00","False"
"D:\SIH\IceBerg\dataSet\SIH\DATA_Sea_ice_drift_concentration\ice_conc_sh_polstere-100_amsr2_202411091200 (1).nc","8147156","23-09-2026 01:09:04","False"
"D:\SIH\IceBerg\dataSet\SIH\DATA_Sea_ice_drift_concentration\ice_conc_sh_polstere-100_amsr2_202411091200.nc","8147156","22-09-2026 23:28:02","False"
"D:\SIH\IceBerg\dataSet\SIH\DATA_Sea_ice_drift_concentration\ice_conc_sh_polstere-100_amsr2_202411101200 (1).nc","8131602","23-09-2026 01:09:08","False"
"D:\SIH\IceBerg\dataSet\SIH\DATA_Sea_ice_drift_concentration\ice_conc_sh_polstere-100_amsr2_202411101200.nc","8131602","22-09-2026 23:28:04","False"
"D:\SIH\IceBerg\dataSet\SIH\DATA_Sea_ice_drift_concentration\ice_conc_sh_polstere-100_amsr2_202411111200 (1).nc","8090350","23-09-2026 01:09:10","False"
"D:\SIH\IceBerg\dataSet\SIH\DATA_Sea_ice_drift_concentration\ice_conc_sh_polstere-100_amsr2_202411111200.nc","8090350","22-09-2026 23:28:06","False"
"D:\SIH\IceBerg\dataSet\SIH\DATA_Sea_ice_drift_concentration\ice_conc_sh_polstere-100_amsr2_202411121200 (1).nc","8171580","23-09-2026 01:09:16","False"
"D:\SIH\IceBerg\dataSet\SIH\DATA_Sea_ice_drift_concentration\ice_conc_sh_polstere-100_amsr2_202411121200.nc","8171580","22-09-2026 23:28:08","False"
"D:\SIH\IceBerg\dataSet\SIH\DATA_Sea_ice_drift_concentration\ice_conc_sh_polstere-100_amsr2_202411131200 (1).nc","8105225","23-09-2026 01:09:20","False"
"D:\SIH\IceBerg\dataSet\SIH\DATA_Sea_ice_drift_concentration\ice_conc_sh_polstere-100_amsr2_202411131200.nc","8105225","22-09-2026 23:28:12","False"
"D:\SIH\IceBerg\dataSet\SIH\DATA_Sea_ice_drift_concentration\ice_conc_sh_polstere-100_amsr2_202411141200 (1).nc","8067939","23-09-2026 01:09:24","False"
"D:\SIH\IceBerg\dataSet\SIH\DATA_Sea_ice_drift_concentration\ice_conc_sh_polstere-100_amsr2_202411141200.nc","8067939","22-09-2026 23:28:14","False"
"D:\SIH\IceBerg\dataSet\SIH\DATA_Sea_ice_drift_concentration\ice_conc_sh_polstere-100_amsr2_202411151200 (1).nc","8098039","23-09-2026 01:09:28","False"
"D:\SIH\IceBerg\dataSet\SIH\DATA_Sea_ice_drift_concentration\ice_conc_sh_polstere-100_amsr2_202411151200.nc","8098039","22-09-2026 23:28:16","False"
"D:\SIH\IceBerg\dataSet\SIH\DATA_Sea_ice_drift_concentration\ice_conc_sh_polstere-100_amsr2_202411161200 (1).nc","8165082","23-09-2026 01:09:32","False"
"D:\SIH\IceBerg\dataSet\SIH\DATA_Sea_ice_drift_concentration\ice_conc_sh_polstere-100_amsr2_202411161200.nc","8165082","22-09-2026 23:28:20","False"
"D:\SIH\IceBerg\dataSet\SIH\DATA_Sea_ice_drift_concentration\ice_conc_sh_polstere-100_amsr2_202411171200 (1).nc","8171855","23-09-2026 01:09:36","False"
"D:\SIH\IceBerg\dataSet\SIH\DATA_Sea_ice_drift_concentration\ice_conc_sh_polstere-100_amsr2_202411171200.nc","8171855","22-09-2026 23:28:22","False"
"D:\SIH\IceBerg\dataSet\SIH\DATA_Sea_ice_drift_concentration\ice_conc_sh_polstere-100_amsr2_202411181200 (1).nc","8137760","23-09-2026 01:09:38","False"
"D:\SIH\IceBerg\dataSet\SIH\DATA_Sea_ice_drift_concentration\ice_conc_sh_polstere-100_amsr2_202411181200.nc","8137760","22-09-2026 23:28:24","False"
"D:\SIH\IceBerg\dataSet\SIH\DATA_Sea_ice_drift_concentration\ice_conc_sh_polstere-100_amsr2_202411191200 (1).nc","8106157","23-09-2026 01:09:42","False"
"D:\SIH\IceBerg\dataSet\SIH\DATA_Sea_ice_drift_concentration\ice_conc_sh_polstere-100_amsr2_202411191200.nc","8106157","22-09-2026 23:28:26","False"
"D:\SIH\IceBerg\dataSet\SIH\DATA_Sea_ice_drift_concentration\ice_conc_sh_polstere-100_amsr2_202411201200 (1).nc","7962656","23-09-2026 01:09:46","False"
"D:\SIH\IceBerg\dataSet\SIH\DATA_Sea_ice_drift_concentration\ice_conc_sh_polstere-100_amsr2_202411201200.nc","7962656","22-09-2026 23:28:28","False"
"D:\SIH\IceBerg\dataSet\SIH\DATA_Sea_ice_drift_concentration\ice_conc_sh_polstere-100_amsr2_202411211200 (1).nc","7891898","23-09-2026 01:09:50","False"
"D:\SIH\IceBerg\dataSet\SIH\DATA_Sea_ice_drift_concentration\ice_conc_sh_polstere-100_amsr2_202411211200.nc","7891898","22-09-2026 23:28:30","False"
"D:\SIH\IceBerg\dataSet\SIH\DATA_Sea_ice_drift_concentration\ice_conc_sh_polstere-100_amsr2_202411221200 (1).nc","8001514","23-09-2026 01:09:56","False"
"D:\SIH\IceBerg\dataSet\SIH\DATA_Sea_ice_drift_concentration\ice_conc_sh_polstere-100_amsr2_202411221200.nc","8001514","22-09-2026 23:28:34","False"
"D:\SIH\IceBerg\dataSet\SIH\DATA_Sea_ice_drift_concentration\ice_conc_sh_polstere-100_amsr2_202411231200 (1).nc","8081629","23-09-2026 01:09:58","False"
"D:\SIH\IceBerg\dataSet\SIH\DATA_Sea_ice_drift_concentration\ice_conc_sh_polstere-100_amsr2_202411231200.nc","8081629","22-09-2026 23:28:36","False"
"D:\SIH\IceBerg\dataSet\SIH\DATA_Sea_ice_drift_concentration\ice_conc_sh_polstere-100_amsr2_202411241200 (1).nc","8125433","23-09-2026 01:10:04","False"
"D:\SIH\IceBerg\dataSet\SIH\DATA_Sea_ice_drift_concentration\ice_conc_sh_polstere-100_amsr2_202411241200.nc","8125433","22-09-2026 23:28:40","False"
"D:\SIH\IceBerg\dataSet\SIH\DATA_Sea_ice_drift_concentration\ice_conc_sh_polstere-100_amsr2_202411251200 (1).nc","8096748","23-09-2026 01:10:10","False"
"D:\SIH\IceBerg\dataSet\SIH\DATA_Sea_ice_drift_concentration\ice_conc_sh_polstere-100_amsr2_202411251200.nc","8096748","22-09-2026 23:28:42","False"
"D:\SIH\IceBerg\dataSet\SIH\DATA_Sea_ice_drift_concentration\ice_conc_sh_polstere-100_amsr2_202411261200 (1).nc","8133467","23-09-2026 01:10:16","False"
"D:\SIH\IceBerg\dataSet\SIH\DATA_Sea_ice_drift_concentration\ice_conc_sh_polstere-100_amsr2_202411261200.nc","8133467","22-09-2026 23:28:46","False"
"D:\SIH\IceBerg\dataSet\SIH\DATA_Sea_ice_drift_concentration\ice_conc_sh_polstere-100_amsr2_202411271200 (1).nc","8129944","23-09-2026 01:10:20","False"
"D:\SIH\IceBerg\dataSet\SIH\DATA_Sea_ice_drift_concentration\ice_conc_sh_polstere-100_amsr2_202411271200.nc","8129944","22-09-2026 23:28:48","False"
"D:\SIH\IceBerg\dataSet\SIH\DATA_Sea_ice_drift_concentration\ice_conc_sh_polstere-100_amsr2_202411281200 (1).nc","8030007","23-09-2026 01:10:24","False"
"D:\SIH\IceBerg\dataSet\SIH\DATA_Sea_ice_drift_concentration\ice_conc_sh_polstere-100_amsr2_202411281200.nc","8030007","22-09-2026 23:28:50","False"
"D:\SIH\IceBerg\dataSet\SIH\DATA_Sea_ice_drift_concentration\ice_conc_sh_polstere-100_amsr2_202411291200 (1).nc","8041241","23-09-2026 01:10:28","False"
"D:\SIH\IceBerg\dataSet\SIH\DATA_Sea_ice_drift_concentration\ice_conc_sh_polstere-100_amsr2_202411291200.nc","8041241","22-09-2026 23:28:54","False"
"D:\SIH\IceBerg\dataSet\SIH\DATA_Sea_ice_drift_concentration\ice_conc_sh_polstere-100_amsr2_202411301200 (1).nc","7976204","23-09-2026 01:10:32","False"
"D:\SIH\IceBerg\dataSet\SIH\DATA_Sea_ice_drift_concentration\ice_conc_sh_polstere-100_amsr2_202411301200.nc","7976204","22-09-2026 23:28:56","False"
"D:\SIH\IceBerg\dataSet\SIH\DATA_Sea_ice_drift_concentration\ice_conc_sh_polstere-100_amsr2_202412011200 (1).nc","8006923","23-09-2026 01:10:36","False"
"D:\SIH\IceBerg\dataSet\SIH\DATA_Sea_ice_drift_concentration\ice_conc_sh_polstere-100_amsr2_202412011200.nc","8006923","22-09-2026 23:30:42","False"
"D:\SIH\IceBerg\dataSet\SIH\DATA_Sea_ice_drift_concentration\ice_conc_sh_polstere-100_amsr2_202412021200 (1).nc","7948198","23-09-2026 01:10:38","False"
"D:\SIH\IceBerg\dataSet\SIH\DATA_Sea_ice_drift_concentration\ice_conc_sh_polstere-100_amsr2_202412021200.nc","7948198","22-09-2026 23:30:42","False"
"D:\SIH\IceBerg\dataSet\SIH\DATA_Sea_ice_drift_concentration\ice_conc_sh_polstere-100_amsr2_202412031200 (1).nc","7928124","23-09-2026 01:10:42","False"
"D:\SIH\IceBerg\dataSet\SIH\DATA_Sea_ice_drift_concentration\ice_conc_sh_polstere-100_amsr2_202412031200.nc","7928124","22-09-2026 23:30:42","False"
"D:\SIH\IceBerg\dataSet\SIH\DATA_Sea_ice_drift_concentration\ice_conc_sh_polstere-100_amsr2_202412041200 (1).nc","7999810","23-09-2026 01:10:46","False"
"D:\SIH\IceBerg\dataSet\SIH\DATA_Sea_ice_drift_concentration\ice_conc_sh_polstere-100_amsr2_202412041200.nc","7999810","22-09-2026 23:30:44","False"
"D:\SIH\IceBerg\dataSet\SIH\DATA_Sea_ice_drift_concentration\ice_conc_sh_polstere-100_amsr2_202412051200 (1).nc","8036668","23-09-2026 01:10:48","False"
"D:\SIH\IceBerg\dataSet\SIH\DATA_Sea_ice_drift_concentration\ice_conc_sh_polstere-100_amsr2_202412051200.nc","8036668","22-09-2026 23:30:46","False"
"D:\SIH\IceBerg\dataSet\SIH\DATA_Sea_ice_drift_concentration\ice_conc_sh_polstere-100_amsr2_202412061200 (1).nc","8027625","23-09-2026 01:10:52","False"
"D:\SIH\IceBerg\dataSet\SIH\DATA_Sea_ice_drift_concentration\ice_conc_sh_polstere-100_amsr2_202412061200.nc","8027625","22-09-2026 23:30:48","False"
"D:\SIH\IceBerg\dataSet\SIH\DATA_Sea_ice_drift_concentration\ice_conc_sh_polstere-100_amsr2_202412071200 (1).nc","7987905","23-09-2026 01:10:56","False"
"D:\SIH\IceBerg\dataSet\SIH\DATA_Sea_ice_drift_concentration\ice_conc_sh_polstere-100_amsr2_202412071200.nc","7987905","22-09-2026 23:30:50","False"
"D:\SIH\IceBerg\dataSet\SIH\DATA_Sea_ice_drift_concentration\ice_conc_sh_polstere-100_amsr2_202412081200 (1).nc","7988314","23-09-2026 01:11:00","False"
"D:\SIH\IceBerg\dataSet\SIH\DATA_Sea_ice_drift_concentration\ice_conc_sh_polstere-100_amsr2_202412081200.nc","7988314","22-09-2026 23:30:54","False"
"D:\SIH\IceBerg\dataSet\SIH\DATA_Sea_ice_drift_concentration\ice_conc_sh_polstere-100_amsr2_202412091200 (1).nc","8038172","23-09-2026 01:11:06","False"
"D:\SIH\IceBerg\dataSet\SIH\DATA_Sea_ice_drift_concentration\ice_conc_sh_polstere-100_amsr2_202412091200.nc","8038172","22-09-2026 23:30:56","False"
"D:\SIH\IceBerg\dataSet\SIH\DATA_Sea_ice_drift_concentration\ice_conc_sh_polstere-100_amsr2_202412101200 (1).nc","8093082","23-09-2026 01:11:12","False"
"D:\SIH\IceBerg\dataSet\SIH\DATA_Sea_ice_drift_concentration\ice_conc_sh_polstere-100_amsr2_202412101200.nc","8093082","22-09-2026 23:30:58","False"
"D:\SIH\IceBerg\dataSet\SIH\DATA_Sea_ice_drift_concentration\ice_conc_sh_polstere-100_amsr2_202412111200 (1).nc","8042792","23-09-2026 01:11:16","False"
"D:\SIH\IceBerg\dataSet\SIH\DATA_Sea_ice_drift_concentration\ice_conc_sh_polstere-100_amsr2_202412111200.nc","8042792","22-09-2026 23:31:02","False"
"D:\SIH\IceBerg\dataSet\SIH\DATA_Sea_ice_drift_concentration\ice_conc_sh_polstere-100_amsr2_202412121200 (1).nc","8070482","23-09-2026 01:11:18","False"
"D:\SIH\IceBerg\dataSet\SIH\DATA_Sea_ice_drift_concentration\ice_conc_sh_polstere-100_amsr2_202412121200.nc","8070482","22-09-2026 23:31:04","False"
"D:\SIH\IceBerg\dataSet\SIH\DATA_Sea_ice_drift_concentration\ice_conc_sh_polstere-100_amsr2_202412131200 (1).nc","8056301","23-09-2026 01:11:22","False"
"D:\SIH\IceBerg\dataSet\SIH\DATA_Sea_ice_drift_concentration\ice_conc_sh_polstere-100_amsr2_202412131200.nc","8056301","22-09-2026 23:31:08","False"
"D:\SIH\IceBerg\dataSet\SIH\DATA_Sea_ice_drift_concentration\ice_conc_sh_polstere-100_amsr2_202412141200 (1).nc","8119848","23-09-2026 01:11:28","False"
"D:\SIH\IceBerg\dataSet\SIH\DATA_Sea_ice_drift_concentration\ice_conc_sh_polstere-100_amsr2_202412141200.nc","8119848","22-09-2026 23:31:10","False"
"D:\SIH\IceBerg\dataSet\SIH\DATA_Sea_ice_drift_concentration\ice_conc_sh_polstere-100_amsr2_202412151200 (1).nc","8071762","23-09-2026 01:11:32","False"
"D:\SIH\IceBerg\dataSet\SIH\DATA_Sea_ice_drift_concentration\ice_conc_sh_polstere-100_amsr2_202412151200.nc","8071762","22-09-2026 23:31:12","False"
"D:\SIH\IceBerg\dataSet\SIH\DATA_Sea_ice_drift_concentration\ice_conc_sh_polstere-100_amsr2_202412161200 (1).nc","8112328","23-09-2026 01:11:34","False"
"D:\SIH\IceBerg\dataSet\SIH\DATA_Sea_ice_drift_concentration\ice_conc_sh_polstere-100_amsr2_202412161200.nc","8112328","22-09-2026 23:31:16","False"
"D:\SIH\IceBerg\dataSet\SIH\DATA_Sea_ice_drift_concentration\ice_conc_sh_polstere-100_amsr2_202412171200 (1).nc","8177325","23-09-2026 01:11:38","False"
"D:\SIH\IceBerg\dataSet\SIH\DATA_Sea_ice_drift_concentration\ice_conc_sh_polstere-100_amsr2_202412171200.nc","8177325","22-09-2026 23:31:18","False"
"D:\SIH\IceBerg\dataSet\SIH\DATA_Sea_ice_drift_concentration\ice_conc_sh_polstere-100_amsr2_202412181200 (1).nc","8205811","23-09-2026 01:11:42","False"
"D:\SIH\IceBerg\dataSet\SIH\DATA_Sea_ice_drift_concentration\ice_conc_sh_polstere-100_amsr2_202412181200.nc","8205811","22-09-2026 23:31:20","False"
"D:\SIH\IceBerg\dataSet\SIH\DATA_Sea_ice_drift_concentration\ice_conc_sh_polstere-100_amsr2_202412191200 (1).nc","8211401","23-09-2026 01:11:46","False"
"D:\SIH\IceBerg\dataSet\SIH\DATA_Sea_ice_drift_concentration\ice_conc_sh_polstere-100_amsr2_202412191200.nc","8211401","22-09-2026 23:31:22","False"
"D:\SIH\IceBerg\dataSet\SIH\DATA_Sea_ice_drift_concentration\ice_conc_sh_polstere-100_amsr2_202412201200 (1).nc","8145166","23-09-2026 01:11:50","False"
"D:\SIH\IceBerg\dataSet\SIH\DATA_Sea_ice_drift_concentration\ice_conc_sh_polstere-100_amsr2_202412201200.nc","8145166","22-09-2026 23:31:26","False"
"D:\SIH\IceBerg\dataSet\SIH\DATA_Sea_ice_drift_concentration\ice_conc_sh_polstere-100_amsr2_202412211200 (1).nc","8174034","23-09-2026 01:11:54","False"
"D:\SIH\IceBerg\dataSet\SIH\DATA_Sea_ice_drift_concentration\ice_conc_sh_polstere-100_amsr2_202412211200.nc","8174034","22-09-2026 23:31:28","False"
"D:\SIH\IceBerg\dataSet\SIH\DATA_Sea_ice_drift_concentration\ice_conc_sh_polstere-100_amsr2_202412221200 (1).nc","8187803","23-09-2026 01:11:58","False"
"D:\SIH\IceBerg\dataSet\SIH\DATA_Sea_ice_drift_concentration\ice_conc_sh_polstere-100_amsr2_202412221200.nc","8187803","22-09-2026 23:31:32","False"
"D:\SIH\IceBerg\dataSet\SIH\DATA_Sea_ice_drift_concentration\ice_conc_sh_polstere-100_amsr2_202412231200 (1).nc","8267316","23-09-2026 01:12:04","False"
"D:\SIH\IceBerg\dataSet\SIH\DATA_Sea_ice_drift_concentration\ice_conc_sh_polstere-100_amsr2_202412231200.nc","8267316","22-09-2026 23:31:34","False"
"D:\SIH\IceBerg\dataSet\SIH\DATA_Sea_ice_drift_concentration\ice_conc_sh_polstere-100_amsr2_202412241200 (1).nc","8237012","23-09-2026 01:12:10","False"
"D:\SIH\IceBerg\dataSet\SIH\DATA_Sea_ice_drift_concentration\ice_conc_sh_polstere-100_amsr2_202412241200.nc","8237012","22-09-2026 23:31:36","False"
"D:\SIH\IceBerg\dataSet\SIH\DATA_Sea_ice_drift_concentration\ice_conc_sh_polstere-100_amsr2_202412251200 (1).nc","8219196","23-09-2026 01:12:14","False"
"D:\SIH\IceBerg\dataSet\SIH\DATA_Sea_ice_drift_concentration\ice_conc_sh_polstere-100_amsr2_202412251200.nc","8219196","22-09-2026 23:31:40","False"
"D:\SIH\IceBerg\dataSet\SIH\DATA_Sea_ice_drift_concentration\ice_conc_sh_polstere-100_amsr2_202412261200 (1).nc","8166807","23-09-2026 01:12:16","False"
"D:\SIH\IceBerg\dataSet\SIH\DATA_Sea_ice_drift_concentration\ice_conc_sh_polstere-100_amsr2_202412261200.nc","8166807","22-09-2026 23:31:42","False"
"D:\SIH\IceBerg\dataSet\SIH\DATA_Sea_ice_drift_concentration\ice_conc_sh_polstere-100_amsr2_202412271200 (1).nc","8223837","23-09-2026 01:12:20","False"
"D:\SIH\IceBerg\dataSet\SIH\DATA_Sea_ice_drift_concentration\ice_conc_sh_polstere-100_amsr2_202412271200.nc","8223837","22-09-2026 23:31:44","False"
"D:\SIH\IceBerg\dataSet\SIH\DATA_Sea_ice_drift_concentration\ice_conc_sh_polstere-100_amsr2_202412281200 (1).nc","8275177","23-09-2026 01:12:24","False"
"D:\SIH\IceBerg\dataSet\SIH\DATA_Sea_ice_drift_concentration\ice_conc_sh_polstere-100_amsr2_202412281200.nc","8275177","22-09-2026 23:31:48","False"
"D:\SIH\IceBerg\dataSet\SIH\DATA_Sea_ice_drift_concentration\ice_conc_sh_polstere-100_amsr2_202412291200 (1).nc","8284230","23-09-2026 01:12:26","False"
"D:\SIH\IceBerg\dataSet\SIH\DATA_Sea_ice_drift_concentration\ice_conc_sh_polstere-100_amsr2_202412291200.nc","8284230","22-09-2026 23:31:50","False"
"D:\SIH\IceBerg\dataSet\SIH\DATA_Sea_ice_drift_concentration\ice_conc_sh_polstere-100_amsr2_202412301200 (1).nc","8238084","23-09-2026 01:12:30","False"
"D:\SIH\IceBerg\dataSet\SIH\DATA_Sea_ice_drift_concentration\ice_conc_sh_polstere-100_amsr2_202412301200.nc","8238084","22-09-2026 23:31:52","False"
"D:\SIH\IceBerg\dataSet\SIH\DATA_Sea_ice_drift_concentration\ice_conc_sh_polstere-100_amsr2_202412311200 (1).nc","8276828","23-09-2026 01:12:34","False"
"D:\SIH\IceBerg\dataSet\SIH\DATA_Sea_ice_drift_concentration\ice_conc_sh_polstere-100_amsr2_202412311200.nc","8276828","22-09-2026 23:31:56","False"
"D:\SIH\IceBerg\dataSet\SIH\DATA_Sea_ice_drift_concentration\ice_conc_sh_polstere-100_amsr2_202501011200 (1).nc","8282401","23-09-2026 01:12:38","False"
"D:\SIH\IceBerg\dataSet\SIH\DATA_Sea_ice_drift_concentration\ice_conc_sh_polstere-100_amsr2_202501011200.nc","8282401","22-09-2026 23:32:38","False"
"D:\SIH\IceBerg\dataSet\SIH\DATA_Sea_ice_drift_concentration\ice_conc_sh_polstere-100_amsr2_202501021200 (1).nc","8217421","23-09-2026 01:12:42","False"
"D:\SIH\IceBerg\dataSet\SIH\DATA_Sea_ice_drift_concentration\ice_conc_sh_polstere-100_amsr2_202501021200.nc","8217421","22-09-2026 23:32:40","False"
"D:\SIH\IceBerg\dataSet\SIH\DATA_Sea_ice_drift_concentration\ice_conc_sh_polstere-100_amsr2_202501031200 (1).nc","8247802","23-09-2026 01:12:46","False"
"D:\SIH\IceBerg\dataSet\SIH\DATA_Sea_ice_drift_concentration\ice_conc_sh_polstere-100_amsr2_202501031200.nc","8247802","22-09-2026 23:32:42","False"
"D:\SIH\IceBerg\dataSet\SIH\DATA_Sea_ice_drift_concentration\ice_conc_sh_polstere-100_amsr2_202501041200 (1).nc","8250883","23-09-2026 01:12:52","False"
"D:\SIH\IceBerg\dataSet\SIH\DATA_Sea_ice_drift_concentration\ice_conc_sh_polstere-100_amsr2_202501041200.nc","8250883","22-09-2026 23:32:46","False"
"D:\SIH\IceBerg\dataSet\SIH\DATA_Sea_ice_drift_concentration\ice_conc_sh_polstere-100_amsr2_202501051200 (1).nc","8270134","23-09-2026 01:12:54","False"
"D:\SIH\IceBerg\dataSet\SIH\DATA_Sea_ice_drift_concentration\ice_conc_sh_polstere-100_amsr2_202501051200.nc","8270134","22-09-2026 23:32:48","False"
"D:\SIH\IceBerg\dataSet\SIH\DATA_Sea_ice_drift_concentration\ice_conc_sh_polstere-100_amsr2_202501061200 (1).nc","8274774","23-09-2026 01:12:58","False"
"D:\SIH\IceBerg\dataSet\SIH\DATA_Sea_ice_drift_concentration\ice_conc_sh_polstere-100_amsr2_202501061200.nc","8274774","22-09-2026 23:32:52","False"
"D:\SIH\IceBerg\dataSet\SIH\DATA_Sea_ice_drift_concentration\ice_conc_sh_polstere-100_amsr2_202501071200 (1).nc","8277785","23-09-2026 01:13:02","False"
"D:\SIH\IceBerg\dataSet\SIH\DATA_Sea_ice_drift_concentration\ice_conc_sh_polstere-100_amsr2_202501071200.nc","8277785","22-09-2026 23:32:54","False"
"D:\SIH\IceBerg\dataSet\SIH\DATA_Sea_ice_drift_concentration\ice_conc_sh_polstere-100_amsr2_202501081200 (1).nc","8280041","23-09-2026 01:13:06","False"
"D:\SIH\IceBerg\dataSet\SIH\DATA_Sea_ice_drift_concentration\ice_conc_sh_polstere-100_amsr2_202501081200.nc","8280041","22-09-2026 23:32:58","False"
"D:\SIH\IceBerg\dataSet\SIH\DATA_Sea_ice_drift_concentration\ice_conc_sh_polstere-100_amsr2_202501091200 (1).nc","8284518","23-09-2026 01:13:10","False"
"D:\SIH\IceBerg\dataSet\SIH\DATA_Sea_ice_drift_concentration\ice_conc_sh_polstere-100_amsr2_202501091200.nc","8284518","22-09-2026 23:33:00","False"
"D:\SIH\IceBerg\dataSet\SIH\DATA_Sea_ice_drift_concentration\ice_conc_sh_polstere-100_amsr2_202501101200 (1).nc","8271891","23-09-2026 01:13:14","False"
"D:\SIH\IceBerg\dataSet\SIH\DATA_Sea_ice_drift_concentration\ice_conc_sh_polstere-100_amsr2_202501101200.nc","8271891","22-09-2026 23:33:02","False"
"D:\SIH\IceBerg\dataSet\SIH\DATA_Sea_ice_drift_concentration\ice_conc_sh_polstere-100_amsr2_202501111200 (1).nc","8297206","23-09-2026 01:13:18","False"
"D:\SIH\IceBerg\dataSet\SIH\DATA_Sea_ice_drift_concentration\ice_conc_sh_polstere-100_amsr2_202501111200.nc","8297206","22-09-2026 23:33:04","False"
"D:\SIH\IceBerg\dataSet\SIH\DATA_Sea_ice_drift_concentration\ice_conc_sh_polstere-100_amsr2_202501121200 (1).nc","8282443","23-09-2026 01:13:24","False"
"D:\SIH\IceBerg\dataSet\SIH\DATA_Sea_ice_drift_concentration\ice_conc_sh_polstere-100_amsr2_202501121200.nc","8282443","22-09-2026 23:33:06","False"
"D:\SIH\IceBerg\dataSet\SIH\DATA_Sea_ice_drift_concentration\ice_conc_sh_polstere-100_amsr2_202501131200 (1).nc","8320786","23-09-2026 01:13:28","False"
"D:\SIH\IceBerg\dataSet\SIH\DATA_Sea_ice_drift_concentration\ice_conc_sh_polstere-100_amsr2_202501131200.nc","8320786","22-09-2026 23:33:10","False"
"D:\SIH\IceBerg\dataSet\SIH\DATA_Sea_ice_drift_concentration\ice_conc_sh_polstere-100_amsr2_202501141200 (1).nc","8313238","23-09-2026 01:13:34","False"
"D:\SIH\IceBerg\dataSet\SIH\DATA_Sea_ice_drift_concentration\ice_conc_sh_polstere-100_amsr2_202501141200.nc","8313238","22-09-2026 23:33:12","False"
"D:\SIH\IceBerg\dataSet\SIH\DATA_Sea_ice_drift_concentration\ice_conc_sh_polstere-100_amsr2_202501151200 (1).nc","8322368","23-09-2026 01:13:38","False"
"D:\SIH\IceBerg\dataSet\SIH\DATA_Sea_ice_drift_concentration\ice_conc_sh_polstere-100_amsr2_202501151200.nc","8322368","22-09-2026 23:33:14","False"
"D:\SIH\IceBerg\dataSet\SIH\DATA_Sea_ice_drift_concentration\ice_conc_sh_polstere-100_amsr2_202501161200 (1).nc","8317684","23-09-2026 01:13:42","False"
"D:\SIH\IceBerg\dataSet\SIH\DATA_Sea_ice_drift_concentration\ice_conc_sh_polstere-100_amsr2_202501161200.nc","8317684","22-09-2026 23:33:18","False"
"D:\SIH\IceBerg\dataSet\SIH\DATA_Sea_ice_drift_concentration\ice_conc_sh_polstere-100_amsr2_202501171200 (1).nc","8271436","23-09-2026 01:13:48","False"
"D:\SIH\IceBerg\dataSet\SIH\DATA_Sea_ice_drift_concentration\ice_conc_sh_polstere-100_amsr2_202501171200.nc","8271436","22-09-2026 23:33:20","False"
"D:\SIH\IceBerg\dataSet\SIH\DATA_Sea_ice_drift_concentration\ice_conc_sh_polstere-100_amsr2_202501181200 (1).nc","8295349","23-09-2026 01:13:52","False"
"D:\SIH\IceBerg\dataSet\SIH\DATA_Sea_ice_drift_concentration\ice_conc_sh_polstere-100_amsr2_202501181200.nc","8295349","22-09-2026 23:33:22","False"
"D:\SIH\IceBerg\dataSet\SIH\DATA_Sea_ice_drift_concentration\ice_conc_sh_polstere-100_amsr2_202501191200 (1).nc","8288831","23-09-2026 01:13:56","False"
"D:\SIH\IceBerg\dataSet\SIH\DATA_Sea_ice_drift_concentration\ice_conc_sh_polstere-100_amsr2_202501191200.nc","8288831","22-09-2026 23:33:24","False"
"D:\SIH\IceBerg\dataSet\SIH\DATA_Sea_ice_drift_concentration\ice_conc_sh_polstere-100_amsr2_202501201200 (1).nc","8291720","23-09-2026 01:13:58","False"
"D:\SIH\IceBerg\dataSet\SIH\DATA_Sea_ice_drift_concentration\ice_conc_sh_polstere-100_amsr2_202501201200.nc","8291720","22-09-2026 23:33:26","False"
"D:\SIH\IceBerg\dataSet\SIH\DATA_Sea_ice_drift_concentration\ice_conc_sh_polstere-100_amsr2_202501211200 (1).nc","8317439","23-09-2026 01:14:04","False"
"D:\SIH\IceBerg\dataSet\SIH\DATA_Sea_ice_drift_concentration\ice_conc_sh_polstere-100_amsr2_202501211200.nc","8317439","22-09-2026 23:33:28","False"
"D:\SIH\IceBerg\dataSet\SIH\DATA_Sea_ice_drift_concentration\ice_conc_sh_polstere-100_amsr2_202501221200 (1).nc","8295081","23-09-2026 01:14:06","False"
"D:\SIH\IceBerg\dataSet\SIH\DATA_Sea_ice_drift_concentration\ice_conc_sh_polstere-100_amsr2_202501221200.nc","8295081","22-09-2026 23:33:30","False"
"D:\SIH\IceBerg\dataSet\SIH\DATA_Sea_ice_drift_concentration\ice_conc_sh_polstere-100_amsr2_202501231200 (1).nc","8334241","23-09-2026 01:14:10","False"
"D:\SIH\IceBerg\dataSet\SIH\DATA_Sea_ice_drift_concentration\ice_conc_sh_polstere-100_amsr2_202501231200.nc","8334241","22-09-2026 23:33:34","False"
"D:\SIH\IceBerg\dataSet\SIH\DATA_Sea_ice_drift_concentration\ice_conc_sh_polstere-100_amsr2_202501241200 (1).nc","8301989","23-09-2026 01:14:14","False"
"D:\SIH\IceBerg\dataSet\SIH\DATA_Sea_ice_drift_concentration\ice_conc_sh_polstere-100_amsr2_202501241200.nc","8301989","22-09-2026 23:33:36","False"
"D:\SIH\IceBerg\dataSet\SIH\DATA_Sea_ice_drift_concentration\ice_conc_sh_polstere-100_amsr2_202501251200 (1).nc","8270217","23-09-2026 01:14:18","False"
"D:\SIH\IceBerg\dataSet\SIH\DATA_Sea_ice_drift_concentration\ice_conc_sh_polstere-100_amsr2_202501251200.nc","8270217","22-09-2026 23:33:40","False"
"D:\SIH\IceBerg\dataSet\SIH\DATA_Sea_ice_drift_concentration\ice_conc_sh_polstere-100_amsr2_202501261200 (1).nc","8297404","23-09-2026 01:14:22","False"
"D:\SIH\IceBerg\dataSet\SIH\DATA_Sea_ice_drift_concentration\ice_conc_sh_polstere-100_amsr2_202501261200.nc","8297404","22-09-2026 23:33:42","False"
"D:\SIH\IceBerg\dataSet\SIH\DATA_Sea_ice_drift_concentration\ice_conc_sh_polstere-100_amsr2_202501271200 (1).nc","8264324","23-09-2026 01:14:26","False"
"D:\SIH\IceBerg\dataSet\SIH\DATA_Sea_ice_drift_concentration\ice_conc_sh_polstere-100_amsr2_202501271200.nc","8264324","22-09-2026 23:33:44","False"
"D:\SIH\IceBerg\dataSet\SIH\DATA_Sea_ice_drift_concentration\ice_conc_sh_polstere-100_amsr2_202501281200 (1).nc","8288817","23-09-2026 01:14:28","False"
"D:\SIH\IceBerg\dataSet\SIH\DATA_Sea_ice_drift_concentration\ice_conc_sh_polstere-100_amsr2_202501281200.nc","8288817","22-09-2026 23:33:46","False"
"D:\SIH\IceBerg\dataSet\SIH\DATA_Sea_ice_drift_concentration\ice_conc_sh_polstere-100_amsr2_202501291200 (1).nc","8266434","23-09-2026 01:14:32","False"
"D:\SIH\IceBerg\dataSet\SIH\DATA_Sea_ice_drift_concentration\ice_conc_sh_polstere-100_amsr2_202501291200.nc","8266434","22-09-2026 23:33:50","False"
"D:\SIH\IceBerg\dataSet\SIH\DATA_Sea_ice_drift_concentration\ice_conc_sh_polstere-100_amsr2_202501301200 (1).nc","8293192","23-09-2026 01:14:36","False"
"D:\SIH\IceBerg\dataSet\SIH\DATA_Sea_ice_drift_concentration\ice_conc_sh_polstere-100_amsr2_202501301200.nc","8293192","22-09-2026 23:33:52","False"
"D:\SIH\IceBerg\dataSet\SIH\DATA_Sea_ice_drift_concentration\ice_conc_sh_polstere-100_amsr2_202501311200 (1).nc","8287672","23-09-2026 01:14:40","False"
"D:\SIH\IceBerg\dataSet\SIH\DATA_Sea_ice_drift_concentration\ice_conc_sh_polstere-100_amsr2_202501311200.nc","8287672","22-09-2026 23:33:56","False"
"D:\SIH\IceBerg\dataSet\SIH\DATA_Sea_ice_drift_concentration\ice_conc_sh_polstere-100_amsr2_202502011200 (1).nc","8281374","23-09-2026 01:14:52","False"
"D:\SIH\IceBerg\dataSet\SIH\DATA_Sea_ice_drift_concentration\ice_conc_sh_polstere-100_amsr2_202502011200.nc","8281374","22-09-2026 23:37:26","False"
"D:\SIH\IceBerg\dataSet\SIH\DATA_Sea_ice_drift_concentration\ice_conc_sh_polstere-100_amsr2_202502021200 (1).nc","8201850","23-09-2026 01:14:54","False"
"D:\SIH\IceBerg\dataSet\SIH\DATA_Sea_ice_drift_concentration\ice_conc_sh_polstere-100_amsr2_202502021200.nc","8201850","22-09-2026 23:37:28","False"
"D:\SIH\IceBerg\dataSet\SIH\DATA_Sea_ice_drift_concentration\ice_conc_sh_polstere-100_amsr2_202502031200 (1).nc","8288437","23-09-2026 01:14:58","False"
"D:\SIH\IceBerg\dataSet\SIH\DATA_Sea_ice_drift_concentration\ice_conc_sh_polstere-100_amsr2_202502031200.nc","8288437","22-09-2026 23:37:30","False"
"D:\SIH\IceBerg\dataSet\SIH\DATA_Sea_ice_drift_concentration\ice_conc_sh_polstere-100_amsr2_202502041200 (1).nc","8291641","23-09-2026 01:15:02","False"
"D:\SIH\IceBerg\dataSet\SIH\DATA_Sea_ice_drift_concentration\ice_conc_sh_polstere-100_amsr2_202502041200.nc","8291641","22-09-2026 23:37:32","False"
"D:\SIH\IceBerg\dataSet\SIH\DATA_Sea_ice_drift_concentration\ice_conc_sh_polstere-100_amsr2_202502051200 (1).nc","8317563","23-09-2026 01:15:06","False"
"D:\SIH\IceBerg\dataSet\SIH\DATA_Sea_ice_drift_concentration\ice_conc_sh_polstere-100_amsr2_202502051200.nc","8317563","22-09-2026 23:37:34","False"
"D:\SIH\IceBerg\dataSet\SIH\DATA_Sea_ice_drift_concentration\ice_conc_sh_polstere-100_amsr2_202502061200 (1).nc","8285943","23-09-2026 01:15:08","False"
"D:\SIH\IceBerg\dataSet\SIH\DATA_Sea_ice_drift_concentration\ice_conc_sh_polstere-100_amsr2_202502061200.nc","8285943","22-09-2026 23:37:38","False"
"D:\SIH\IceBerg\dataSet\SIH\DATA_Sea_ice_drift_concentration\ice_conc_sh_polstere-100_amsr2_202502071200 (1).nc","8313140","23-09-2026 01:15:12","False"
"D:\SIH\IceBerg\dataSet\SIH\DATA_Sea_ice_drift_concentration\ice_conc_sh_polstere-100_amsr2_202502071200.nc","8313140","22-09-2026 23:37:42","False"
"D:\SIH\IceBerg\dataSet\SIH\DATA_Sea_ice_drift_concentration\ice_conc_sh_polstere-100_amsr2_202502081200 (1).nc","8316945","23-09-2026 01:15:18","False"
"D:\SIH\IceBerg\dataSet\SIH\DATA_Sea_ice_drift_concentration\ice_conc_sh_polstere-100_amsr2_202502081200.nc","8316945","22-09-2026 23:37:44","False"
"D:\SIH\IceBerg\dataSet\SIH\DATA_Sea_ice_drift_concentration\ice_conc_sh_polstere-100_amsr2_202502091200 (1).nc","8312215","23-09-2026 01:15:24","False"
"D:\SIH\IceBerg\dataSet\SIH\DATA_Sea_ice_drift_concentration\ice_conc_sh_polstere-100_amsr2_202502091200.nc","8312215","22-09-2026 23:37:48","False"
"D:\SIH\IceBerg\dataSet\SIH\DATA_Sea_ice_drift_concentration\ice_conc_sh_polstere-100_amsr2_202502101200 (1).nc","8308141","23-09-2026 01:15:28","False"
"D:\SIH\IceBerg\dataSet\SIH\DATA_Sea_ice_drift_concentration\ice_conc_sh_polstere-100_amsr2_202502101200.nc","8308141","22-09-2026 23:37:52","False"
"D:\SIH\IceBerg\dataSet\SIH\DATA_Sea_ice_drift_concentration\ice_conc_sh_polstere-100_amsr2_202502111200 (1).nc","8288036","23-09-2026 01:15:30","False"
"D:\SIH\IceBerg\dataSet\SIH\DATA_Sea_ice_drift_concentration\ice_conc_sh_polstere-100_amsr2_202502111200.nc","8288036","22-09-2026 23:37:54","False"
"D:\SIH\IceBerg\dataSet\SIH\DATA_Sea_ice_drift_concentration\ice_conc_sh_polstere-100_amsr2_202502121200 (1).nc","8283137","23-09-2026 01:15:34","False"
"D:\SIH\IceBerg\dataSet\SIH\DATA_Sea_ice_drift_concentration\ice_conc_sh_polstere-100_amsr2_202502121200.nc","8283137","22-09-2026 23:37:56","False"
"D:\SIH\IceBerg\dataSet\SIH\DATA_Sea_ice_drift_concentration\ice_conc_sh_polstere-100_amsr2_202502131200 (1).nc","8302728","23-09-2026 01:15:38","False"
"D:\SIH\IceBerg\dataSet\SIH\DATA_Sea_ice_drift_concentration\ice_conc_sh_polstere-100_amsr2_202502131200.nc","8302728","22-09-2026 23:37:58","False"
"D:\SIH\IceBerg\dataSet\SIH\DATA_Sea_ice_drift_concentration\ice_conc_sh_polstere-100_amsr2_202502141200 (1).nc","8348058","23-09-2026 01:15:40","False"
"D:\SIH\IceBerg\dataSet\SIH\DATA_Sea_ice_drift_concentration\ice_conc_sh_polstere-100_amsr2_202502141200.nc","8348058","22-09-2026 23:38:00","False"
"D:\SIH\IceBerg\dataSet\SIH\DATA_Sea_ice_drift_concentration\ice_conc_sh_polstere-100_amsr2_202502151200 (1).nc","8347054","23-09-2026 01:15:44","False"
"D:\SIH\IceBerg\dataSet\SIH\DATA_Sea_ice_drift_concentration\ice_conc_sh_polstere-100_amsr2_202502151200.nc","8347054","22-09-2026 23:38:02","False"
"D:\SIH\IceBerg\dataSet\SIH\DATA_Sea_ice_drift_concentration\ice_conc_sh_polstere-100_amsr2_202502161200 (1).nc","8337674","23-09-2026 01:15:48","False"
"D:\SIH\IceBerg\dataSet\SIH\DATA_Sea_ice_drift_concentration\ice_conc_sh_polstere-100_amsr2_202502161200.nc","8337674","22-09-2026 23:38:04","False"
"D:\SIH\IceBerg\dataSet\SIH\DATA_Sea_ice_drift_concentration\ice_conc_sh_polstere-100_amsr2_202502171200 (1).nc","8340034","23-09-2026 01:15:52","False"
"D:\SIH\IceBerg\dataSet\SIH\DATA_Sea_ice_drift_concentration\ice_conc_sh_polstere-100_amsr2_202502171200.nc","8340034","22-09-2026 23:38:08","False"
"D:\SIH\IceBerg\dataSet\SIH\DATA_Sea_ice_drift_concentration\ice_conc_sh_polstere-100_amsr2_202502181200 (1).nc","8353620","23-09-2026 01:15:54","False"
"D:\SIH\IceBerg\dataSet\SIH\DATA_Sea_ice_drift_concentration\ice_conc_sh_polstere-100_amsr2_202502181200.nc","8353620","22-09-2026 23:38:10","False"
"D:\SIH\IceBerg\dataSet\SIH\DATA_Sea_ice_drift_concentration\ice_conc_sh_polstere-100_amsr2_202502191200 (1).nc","8315072","23-09-2026 01:15:58","False"
"D:\SIH\IceBerg\dataSet\SIH\DATA_Sea_ice_drift_concentration\ice_conc_sh_polstere-100_amsr2_202502191200.nc","8315072","22-09-2026 23:38:12","False"
"D:\SIH\IceBerg\dataSet\SIH\DATA_Sea_ice_drift_concentration\ice_conc_sh_polstere-100_amsr2_202502201200 (1).nc","8325565","23-09-2026 01:16:02","False"
"D:\SIH\IceBerg\dataSet\SIH\DATA_Sea_ice_drift_concentration\ice_conc_sh_polstere-100_amsr2_202502201200.nc","8325565","22-09-2026 23:38:14","False"
"D:\SIH\IceBerg\dataSet\SIH\DATA_Sea_ice_drift_concentration\ice_conc_sh_polstere-100_amsr2_202502211200 (1).nc","8308740","23-09-2026 01:16:04","False"
"D:\SIH\IceBerg\dataSet\SIH\DATA_Sea_ice_drift_concentration\ice_conc_sh_polstere-100_amsr2_202502211200.nc","8308740","22-09-2026 23:38:20","False"
"D:\SIH\IceBerg\dataSet\SIH\DATA_Sea_ice_drift_concentration\ice_conc_sh_polstere-100_amsr2_202502221200 (1).nc","8286399","23-09-2026 01:16:08","False"
"D:\SIH\IceBerg\dataSet\SIH\DATA_Sea_ice_drift_concentration\ice_conc_sh_polstere-100_amsr2_202502221200.nc","8286399","22-09-2026 23:38:24","False"
"D:\SIH\IceBerg\dataSet\SIH\DATA_Sea_ice_drift_concentration\ice_conc_sh_polstere-100_amsr2_202502231200 (1).nc","8345200","23-09-2026 01:16:12","False"
"D:\SIH\IceBerg\dataSet\SIH\DATA_Sea_ice_drift_concentration\ice_conc_sh_polstere-100_amsr2_202502231200.nc","8345200","22-09-2026 23:38:26","False"
"D:\SIH\IceBerg\dataSet\SIH\DATA_Sea_ice_drift_concentration\ice_conc_sh_polstere-100_amsr2_202502241200 (1).nc","8332520","23-09-2026 01:16:16","False"
"D:\SIH\IceBerg\dataSet\SIH\DATA_Sea_ice_drift_concentration\ice_conc_sh_polstere-100_amsr2_202502241200.nc","8332520","22-09-2026 23:38:28","False"
"D:\SIH\IceBerg\dataSet\SIH\DATA_Sea_ice_drift_concentration\ice_conc_sh_polstere-100_amsr2_202502251200 (1).nc","8315410","23-09-2026 01:16:18","False"
"D:\SIH\IceBerg\dataSet\SIH\DATA_Sea_ice_drift_concentration\ice_conc_sh_polstere-100_amsr2_202502251200.nc","8315410","22-09-2026 23:38:30","False"
"D:\SIH\IceBerg\dataSet\SIH\DATA_Sea_ice_drift_concentration\ice_conc_sh_polstere-100_amsr2_202502261200 (1).nc","8390592","23-09-2026 01:16:22","False"
"D:\SIH\IceBerg\dataSet\SIH\DATA_Sea_ice_drift_concentration\ice_conc_sh_polstere-100_amsr2_202502261200.nc","8390592","22-09-2026 23:38:32","False"
"D:\SIH\IceBerg\dataSet\SIH\DATA_Sea_ice_drift_concentration\ice_conc_sh_polstere-100_amsr2_202502271200 (1).nc","8380017","23-09-2026 01:16:26","False"
"D:\SIH\IceBerg\dataSet\SIH\DATA_Sea_ice_drift_concentration\ice_conc_sh_polstere-100_amsr2_202502271200.nc","8380017","22-09-2026 23:38:36","False"
"D:\SIH\IceBerg\dataSet\SIH\DATA_Sea_ice_drift_concentration\ice_conc_sh_polstere-100_amsr2_202502281200 (1).nc","8363542","23-09-2026 01:16:28","False"
"D:\SIH\IceBerg\dataSet\SIH\DATA_Sea_ice_drift_concentration\ice_conc_sh_polstere-100_amsr2_202502281200.nc","8363542","22-09-2026 23:38:40","False"
"D:\SIH\IceBerg\dataSet\SIH\DATA_Sea_ice_drift_concentration\ice_conc_sh_polstere-100_amsr2_202503011200 (1).nc","8351772","23-09-2026 01:16:44","False"
"D:\SIH\IceBerg\dataSet\SIH\DATA_Sea_ice_drift_concentration\ice_conc_sh_polstere-100_amsr2_202503011200.nc","8351772","22-09-2026 23:38:50","False"
"D:\SIH\IceBerg\dataSet\SIH\DATA_Sea_ice_drift_concentration\ice_conc_sh_polstere-100_amsr2_202503021200 (1).nc","8317207","23-09-2026 01:16:48","False"
"D:\SIH\IceBerg\dataSet\SIH\DATA_Sea_ice_drift_concentration\ice_conc_sh_polstere-100_amsr2_202503021200.nc","8317207","22-09-2026 23:38:52","False"
"D:\SIH\IceBerg\dataSet\SIH\DATA_Sea_ice_drift_concentration\ice_conc_sh_polstere-100_amsr2_202503031200 (1).nc","8387777","23-09-2026 01:16:50","False"
"D:\SIH\IceBerg\dataSet\SIH\DATA_Sea_ice_drift_concentration\ice_conc_sh_polstere-100_amsr2_202503031200.nc","8387777","22-09-2026 23:38:56","False"
"D:\SIH\IceBerg\dataSet\SIH\DATA_Sea_ice_drift_concentration\ice_conc_sh_polstere-100_amsr2_202503041200 (1).nc","8360632","23-09-2026 01:16:54","False"
"D:\SIH\IceBerg\dataSet\SIH\DATA_Sea_ice_drift_concentration\ice_conc_sh_polstere-100_amsr2_202503041200.nc","8360632","22-09-2026 23:38:58","False"
"D:\SIH\IceBerg\dataSet\SIH\DATA_Sea_ice_drift_concentration\ice_conc_sh_polstere-100_amsr2_202503051200 (1).nc","8324970","23-09-2026 01:16:56","False"
"D:\SIH\IceBerg\dataSet\SIH\DATA_Sea_ice_drift_concentration\ice_conc_sh_polstere-100_amsr2_202503051200.nc","8324970","22-09-2026 23:39:02","False"
"D:\SIH\IceBerg\dataSet\SIH\DATA_Sea_ice_drift_concentration\ice_conc_sh_polstere-100_amsr2_202503061200 (1).nc","8321239","23-09-2026 01:17:00","False"
"D:\SIH\IceBerg\dataSet\SIH\DATA_Sea_ice_drift_concentration\ice_conc_sh_polstere-100_amsr2_202503061200.nc","8321239","22-09-2026 23:39:04","False"
"D:\SIH\IceBerg\dataSet\SIH\DATA_Sea_ice_drift_concentration\ice_conc_sh_polstere-100_amsr2_202503071200 (1).nc","8372782","23-09-2026 01:17:04","False"
"D:\SIH\IceBerg\dataSet\SIH\DATA_Sea_ice_drift_concentration\ice_conc_sh_polstere-100_amsr2_202503071200.nc","8372782","22-09-2026 23:39:06","False"
"D:\SIH\IceBerg\dataSet\SIH\DATA_Sea_ice_drift_concentration\ice_conc_sh_polstere-100_amsr2_202503081200 (1).nc","8367629","23-09-2026 01:17:08","False"
"D:\SIH\IceBerg\dataSet\SIH\DATA_Sea_ice_drift_concentration\ice_conc_sh_polstere-100_amsr2_202503081200.nc","8367629","22-09-2026 23:39:08","False"
"D:\SIH\IceBerg\dataSet\SIH\DATA_Sea_ice_drift_concentration\ice_conc_sh_polstere-100_amsr2_202503091200 (1).nc","8389762","23-09-2026 01:17:12","False"
"D:\SIH\IceBerg\dataSet\SIH\DATA_Sea_ice_drift_concentration\ice_conc_sh_polstere-100_amsr2_202503091200.nc","8389762","22-09-2026 23:39:12","False"
"D:\SIH\IceBerg\dataSet\SIH\DATA_Sea_ice_drift_concentration\ice_conc_sh_polstere-100_amsr2_202503101200 (1).nc","8359969","23-09-2026 01:17:14","False"
"D:\SIH\IceBerg\dataSet\SIH\DATA_Sea_ice_drift_concentration\ice_conc_sh_polstere-100_amsr2_202503101200.nc","8359969","22-09-2026 23:39:14","False"
"D:\SIH\IceBerg\dataSet\SIH\DATA_Sea_ice_drift_concentration\ice_conc_sh_polstere-100_amsr2_202503111200 (1).nc","8363305","23-09-2026 01:17:18","False"
"D:\SIH\IceBerg\dataSet\SIH\DATA_Sea_ice_drift_concentration\ice_conc_sh_polstere-100_amsr2_202503111200.nc","8363305","22-09-2026 23:39:16","False"
"D:\SIH\IceBerg\dataSet\SIH\DATA_Sea_ice_drift_concentration\ice_conc_sh_polstere-100_amsr2_202503121200 (1).nc","8387317","23-09-2026 01:17:22","False"
"D:\SIH\IceBerg\dataSet\SIH\DATA_Sea_ice_drift_concentration\ice_conc_sh_polstere-100_amsr2_202503121200.nc","8387317","22-09-2026 23:39:20","False"
"D:\SIH\IceBerg\dataSet\SIH\DATA_Sea_ice_drift_concentration\ice_conc_sh_polstere-100_amsr2_202503131200 (1).nc","8384219","23-09-2026 01:17:24","False"
"D:\SIH\IceBerg\dataSet\SIH\DATA_Sea_ice_drift_concentration\ice_conc_sh_polstere-100_amsr2_202503131200.nc","8384219","22-09-2026 23:39:22","False"
"D:\SIH\IceBerg\dataSet\SIH\DATA_Sea_ice_drift_concentration\ice_conc_sh_polstere-100_amsr2_202503141200 (1).nc","8357928","23-09-2026 01:17:28","False"
"D:\SIH\IceBerg\dataSet\SIH\DATA_Sea_ice_drift_concentration\ice_conc_sh_polstere-100_amsr2_202503141200.nc","8357928","22-09-2026 23:39:24","False"
"D:\SIH\IceBerg\dataSet\SIH\DATA_Sea_ice_drift_concentration\ice_conc_sh_polstere-100_amsr2_202503151200 (1).nc","8367419","23-09-2026 01:17:30","False"
"D:\SIH\IceBerg\dataSet\SIH\DATA_Sea_ice_drift_concentration\ice_conc_sh_polstere-100_amsr2_202503151200.nc","8367419","22-09-2026 23:39:26","False"
"D:\SIH\IceBerg\dataSet\SIH\DATA_Sea_ice_drift_concentration\ice_conc_sh_polstere-100_amsr2_202503161200 (1).nc","8377702","23-09-2026 01:17:34","False"
"D:\SIH\IceBerg\dataSet\SIH\DATA_Sea_ice_drift_concentration\ice_conc_sh_polstere-100_amsr2_202503161200.nc","8377702","22-09-2026 23:39:30","False"
"D:\SIH\IceBerg\dataSet\SIH\DATA_Sea_ice_drift_concentration\ice_conc_sh_polstere-100_amsr2_202503171200 (1).nc","8349453","23-09-2026 01:17:36","False"
"D:\SIH\IceBerg\dataSet\SIH\DATA_Sea_ice_drift_concentration\ice_conc_sh_polstere-100_amsr2_202503171200.nc","8349453","22-09-2026 23:39:32","False"
"D:\SIH\IceBerg\dataSet\SIH\DATA_Sea_ice_drift_concentration\ice_conc_sh_polstere-100_amsr2_202503181200 (1).nc","8356923","23-09-2026 01:17:38","False"
"D:\SIH\IceBerg\dataSet\SIH\DATA_Sea_ice_drift_concentration\ice_conc_sh_polstere-100_amsr2_202503181200.nc","8356923","22-09-2026 23:39:36","False"
"D:\SIH\IceBerg\dataSet\SIH\DATA_Sea_ice_drift_concentration\ice_conc_sh_polstere-100_amsr2_202503191200 (1).nc","8342559","23-09-2026 01:17:42","False"
"D:\SIH\IceBerg\dataSet\SIH\DATA_Sea_ice_drift_concentration\ice_conc_sh_polstere-100_amsr2_202503191200.nc","8342559","22-09-2026 23:39:38","False"
"D:\SIH\IceBerg\dataSet\SIH\DATA_Sea_ice_drift_concentration\ice_conc_sh_polstere-100_amsr2_202503201200 (1).nc","8354504","23-09-2026 01:17:44","False"
"D:\SIH\IceBerg\dataSet\SIH\DATA_Sea_ice_drift_concentration\ice_conc_sh_polstere-100_amsr2_202503201200.nc","8354504","22-09-2026 23:39:40","False"
"D:\SIH\IceBerg\dataSet\SIH\DATA_Sea_ice_drift_concentration\ice_conc_sh_polstere-100_amsr2_202503211200 (1).nc","8356421","23-09-2026 01:17:48","False"
"D:\SIH\IceBerg\dataSet\SIH\DATA_Sea_ice_drift_concentration\ice_conc_sh_polstere-100_amsr2_202503211200.nc","8356421","22-09-2026 23:39:44","False"
"D:\SIH\IceBerg\dataSet\SIH\DATA_Sea_ice_drift_concentration\ice_conc_sh_polstere-100_amsr2_202503221200 (1).nc","8374661","23-09-2026 01:17:50","False"
"D:\SIH\IceBerg\dataSet\SIH\DATA_Sea_ice_drift_concentration\ice_conc_sh_polstere-100_amsr2_202503221200.nc","8374661","22-09-2026 23:39:46","False"
"D:\SIH\IceBerg\dataSet\SIH\DATA_Sea_ice_drift_concentration\ice_conc_sh_polstere-100_amsr2_202503231200 (1).nc","8369691","23-09-2026 01:17:52","False"
"D:\SIH\IceBerg\dataSet\SIH\DATA_Sea_ice_drift_concentration\ice_conc_sh_polstere-100_amsr2_202503231200.nc","8369691","22-09-2026 23:39:48","False"
"D:\SIH\IceBerg\dataSet\SIH\DATA_Sea_ice_drift_concentration\ice_conc_sh_polstere-100_amsr2_202503241200 (1).nc","8331301","23-09-2026 01:17:56","False"
"D:\SIH\IceBerg\dataSet\SIH\DATA_Sea_ice_drift_concentration\ice_conc_sh_polstere-100_amsr2_202503241200.nc","8331301","22-09-2026 23:39:50","False"
"D:\SIH\IceBerg\dataSet\SIH\DATA_Sea_ice_drift_concentration\ice_conc_sh_polstere-100_amsr2_202503251200 (1).nc","8359464","23-09-2026 01:17:58","False"
"D:\SIH\IceBerg\dataSet\SIH\DATA_Sea_ice_drift_concentration\ice_conc_sh_polstere-100_amsr2_202503251200.nc","8359464","22-09-2026 23:39:52","False"
"D:\SIH\IceBerg\dataSet\SIH\DATA_Sea_ice_drift_concentration\ice_conc_sh_polstere-100_amsr2_202503261200 (1).nc","8395871","23-09-2026 01:18:00","False"
"D:\SIH\IceBerg\dataSet\SIH\DATA_Sea_ice_drift_concentration\ice_conc_sh_polstere-100_amsr2_202503261200.nc","8395871","22-09-2026 23:39:56","False"
"D:\SIH\IceBerg\dataSet\SIH\DATA_Sea_ice_drift_concentration\ice_conc_sh_polstere-100_amsr2_202503271200 (1).nc","8410821","23-09-2026 01:18:04","False"
"D:\SIH\IceBerg\dataSet\SIH\DATA_Sea_ice_drift_concentration\ice_conc_sh_polstere-100_amsr2_202503271200.nc","8410821","22-09-2026 23:39:58","False"
"D:\SIH\IceBerg\dataSet\SIH\DATA_Sea_ice_drift_concentration\ice_conc_sh_polstere-100_amsr2_202503281200 (1).nc","8354638","23-09-2026 01:18:06","False"
"D:\SIH\IceBerg\dataSet\SIH\DATA_Sea_ice_drift_concentration\ice_conc_sh_polstere-100_amsr2_202503281200.nc","8354638","22-09-2026 23:40:00","False"
"D:\SIH\IceBerg\dataSet\SIH\DATA_Sea_ice_drift_concentration\ice_conc_sh_polstere-100_amsr2_202503291200 (1).nc","8379387","23-09-2026 01:18:08","False"
"D:\SIH\IceBerg\dataSet\SIH\DATA_Sea_ice_drift_concentration\ice_conc_sh_polstere-100_amsr2_202503291200.nc","8379387","22-09-2026 23:40:04","False"
"D:\SIH\IceBerg\dataSet\SIH\DATA_Sea_ice_drift_concentration\ice_conc_sh_polstere-100_amsr2_202503301200 (1).nc","8393351","23-09-2026 01:18:12","False"
"D:\SIH\IceBerg\dataSet\SIH\DATA_Sea_ice_drift_concentration\ice_conc_sh_polstere-100_amsr2_202503301200.nc","8393351","22-09-2026 23:40:06","False"
"D:\SIH\IceBerg\dataSet\SIH\DATA_Sea_ice_drift_concentration\ice_conc_sh_polstere-100_amsr2_202503311200 (1).nc","8325847","23-09-2026 01:18:14","False"
"D:\SIH\IceBerg\dataSet\SIH\DATA_Sea_ice_drift_concentration\ice_conc_sh_polstere-100_amsr2_202503311200.nc","8325847","22-09-2026 23:40:08","False"
"D:\SIH\IceBerg\dataSet\SIH\DATA_Sea_ice_drift_concentration\ice_conc_sh_polstere-100_amsr2_202504011200 (1).nc","8378885","23-09-2026 01:18:50","False"
"D:\SIH\IceBerg\dataSet\SIH\DATA_Sea_ice_drift_concentration\ice_conc_sh_polstere-100_amsr2_202504011200 (2).nc","8378885","23-09-2026 01:26:46","False"
"D:\SIH\IceBerg\dataSet\SIH\DATA_Sea_ice_drift_concentration\ice_conc_sh_polstere-100_amsr2_202504011200.nc","8378885","22-09-2026 23:58:44","False"
"D:\SIH\IceBerg\dataSet\SIH\DATA_Sea_ice_drift_concentration\ice_conc_sh_polstere-100_amsr2_202504021200 (1).nc","8385525","23-09-2026 01:18:54","False"
"D:\SIH\IceBerg\dataSet\SIH\DATA_Sea_ice_drift_concentration\ice_conc_sh_polstere-100_amsr2_202504021200 (2).nc","8385525","23-09-2026 01:26:50","False"
"D:\SIH\IceBerg\dataSet\SIH\DATA_Sea_ice_drift_concentration\ice_conc_sh_polstere-100_amsr2_202504021200.nc","8385525","22-09-2026 23:58:46","False"
"D:\SIH\IceBerg\dataSet\SIH\DATA_Sea_ice_drift_concentration\ice_conc_sh_polstere-100_amsr2_202504031200 (1).nc","8370669","23-09-2026 01:18:56","False"
"D:\SIH\IceBerg\dataSet\SIH\DATA_Sea_ice_drift_concentration\ice_conc_sh_polstere-100_amsr2_202504031200 (2).nc","8370669","23-09-2026 01:26:52","False"
"D:\SIH\IceBerg\dataSet\SIH\DATA_Sea_ice_drift_concentration\ice_conc_sh_polstere-100_amsr2_202504031200.nc","8370669","22-09-2026 23:58:50","False"
"D:\SIH\IceBerg\dataSet\SIH\DATA_Sea_ice_drift_concentration\ice_conc_sh_polstere-100_amsr2_202504041200 (1).nc","8376022","23-09-2026 01:19:00","False"
"D:\SIH\IceBerg\dataSet\SIH\DATA_Sea_ice_drift_concentration\ice_conc_sh_polstere-100_amsr2_202504041200 (2).nc","8376022","23-09-2026 01:26:56","False"
"D:\SIH\IceBerg\dataSet\SIH\DATA_Sea_ice_drift_concentration\ice_conc_sh_polstere-100_amsr2_202504041200.nc","8376022","22-09-2026 23:58:52","False"
"D:\SIH\IceBerg\dataSet\SIH\DATA_Sea_ice_drift_concentration\ice_conc_sh_polstere-100_amsr2_202504051200 (1).nc","8317248","23-09-2026 01:19:02","False"
"D:\SIH\IceBerg\dataSet\SIH\DATA_Sea_ice_drift_concentration\ice_conc_sh_polstere-100_amsr2_202504051200 (2).nc","8317248","23-09-2026 01:27:00","False"
"D:\SIH\IceBerg\dataSet\SIH\DATA_Sea_ice_drift_concentration\ice_conc_sh_polstere-100_amsr2_202504051200.nc","8317248","22-09-2026 23:58:54","False"
"D:\SIH\IceBerg\dataSet\SIH\DATA_Sea_ice_drift_concentration\ice_conc_sh_polstere-100_amsr2_202504061200 (1).nc","8329173","23-09-2026 01:19:06","False"
"D:\SIH\IceBerg\dataSet\SIH\DATA_Sea_ice_drift_concentration\ice_conc_sh_polstere-100_amsr2_202504061200 (2).nc","8329173","23-09-2026 01:27:04","False"
"D:\SIH\IceBerg\dataSet\SIH\DATA_Sea_ice_drift_concentration\ice_conc_sh_polstere-100_amsr2_202504061200.nc","8329173","22-09-2026 23:58:58","False"
"D:\SIH\IceBerg\dataSet\SIH\DATA_Sea_ice_drift_concentration\ice_conc_sh_polstere-100_amsr2_202504071200 (1).nc","8304240","23-09-2026 01:19:08","False"
"D:\SIH\IceBerg\dataSet\SIH\DATA_Sea_ice_drift_concentration\ice_conc_sh_polstere-100_amsr2_202504071200 (2).nc","8304240","23-09-2026 01:27:08","False"
"D:\SIH\IceBerg\dataSet\SIH\DATA_Sea_ice_drift_concentration\ice_conc_sh_polstere-100_amsr2_202504071200.nc","8304240","22-09-2026 23:59:00","False"
"D:\SIH\IceBerg\dataSet\SIH\DATA_Sea_ice_drift_concentration\ice_conc_sh_polstere-100_amsr2_202504081200 (1).nc","8296543","23-09-2026 01:19:12","False"
"D:\SIH\IceBerg\dataSet\SIH\DATA_Sea_ice_drift_concentration\ice_conc_sh_polstere-100_amsr2_202504081200 (2).nc","8296543","23-09-2026 01:27:10","False"
"D:\SIH\IceBerg\dataSet\SIH\DATA_Sea_ice_drift_concentration\ice_conc_sh_polstere-100_amsr2_202504081200.nc","8296543","22-09-2026 23:59:04","False"
"D:\SIH\IceBerg\dataSet\SIH\DATA_Sea_ice_drift_concentration\ice_conc_sh_polstere-100_amsr2_202504091200 (1).nc","8266880","23-09-2026 01:19:16","False"
"D:\SIH\IceBerg\dataSet\SIH\DATA_Sea_ice_drift_concentration\ice_conc_sh_polstere-100_amsr2_202504091200 (2).nc","8266880","23-09-2026 01:27:14","False"
"D:\SIH\IceBerg\dataSet\SIH\DATA_Sea_ice_drift_concentration\ice_conc_sh_polstere-100_amsr2_202504091200.nc","8266880","22-09-2026 23:59:08","False"
"D:\SIH\IceBerg\dataSet\SIH\DATA_Sea_ice_drift_concentration\ice_conc_sh_polstere-100_amsr2_202504101200 (1).nc","8311011","23-09-2026 01:19:20","False"
"D:\SIH\IceBerg\dataSet\SIH\DATA_Sea_ice_drift_concentration\ice_conc_sh_polstere-100_amsr2_202504101200 (2).nc","8311011","23-09-2026 01:27:18","False"
"D:\SIH\IceBerg\dataSet\SIH\DATA_Sea_ice_drift_concentration\ice_conc_sh_polstere-100_amsr2_202504101200.nc","8311011","22-09-2026 23:59:12","False"
"D:\SIH\IceBerg\dataSet\SIH\DATA_Sea_ice_drift_concentration\ice_conc_sh_polstere-100_amsr2_202504111200 (1).nc","8278129","23-09-2026 01:19:22","False"
"D:\SIH\IceBerg\dataSet\SIH\DATA_Sea_ice_drift_concentration\ice_conc_sh_polstere-100_amsr2_202504111200 (2).nc","8278129","23-09-2026 01:27:24","False"
"D:\SIH\IceBerg\dataSet\SIH\DATA_Sea_ice_drift_concentration\ice_conc_sh_polstere-100_amsr2_202504111200.nc","8278129","22-09-2026 23:59:16","False"
"D:\SIH\IceBerg\dataSet\SIH\DATA_Sea_ice_drift_concentration\ice_conc_sh_polstere-100_amsr2_202504121200 (1).nc","8300456","23-09-2026 01:19:26","False"
"D:\SIH\IceBerg\dataSet\SIH\DATA_Sea_ice_drift_concentration\ice_conc_sh_polstere-100_amsr2_202504121200 (2).nc","8300456","23-09-2026 01:27:26","False"
"D:\SIH\IceBerg\dataSet\SIH\DATA_Sea_ice_drift_concentration\ice_conc_sh_polstere-100_amsr2_202504121200.nc","8300456","22-09-2026 23:59:18","False"
"D:\SIH\IceBerg\dataSet\SIH\DATA_Sea_ice_drift_concentration\ice_conc_sh_polstere-100_amsr2_202504131200 (1).nc","8242964","23-09-2026 01:19:32","False"
"D:\SIH\IceBerg\dataSet\SIH\DATA_Sea_ice_drift_concentration\ice_conc_sh_polstere-100_amsr2_202504131200 (2).nc","8242964","23-09-2026 01:27:30","False"
"D:\SIH\IceBerg\dataSet\SIH\DATA_Sea_ice_drift_concentration\ice_conc_sh_polstere-100_amsr2_202504131200.nc","8242964","22-09-2026 23:59:20","False"
"D:\SIH\IceBerg\dataSet\SIH\DATA_Sea_ice_drift_concentration\ice_conc_sh_polstere-100_amsr2_202504141200 (1).nc","8244759","23-09-2026 01:27:32","False"
"D:\SIH\IceBerg\dataSet\SIH\DATA_Sea_ice_drift_concentration\ice_conc_sh_polstere-100_amsr2_202504141200.nc","8244759","22-09-2026 23:59:24","False"
"D:\SIH\IceBerg\dataSet\SIH\DATA_Sea_ice_drift_concentration\ice_conc_sh_polstere-100_amsr2_202504151200 (1).nc","8253235","23-09-2026 01:27:36","False"
"D:\SIH\IceBerg\dataSet\SIH\DATA_Sea_ice_drift_concentration\ice_conc_sh_polstere-100_amsr2_202504151200.nc","8253235","22-09-2026 23:59:26","False"
"D:\SIH\IceBerg\dataSet\SIH\DATA_Sea_ice_drift_concentration\ice_conc_sh_polstere-100_amsr2_202504161200 (1).nc","8220444","23-09-2026 01:27:42","False"
"D:\SIH\IceBerg\dataSet\SIH\DATA_Sea_ice_drift_concentration\ice_conc_sh_polstere-100_amsr2_202504161200.nc","8220444","22-09-2026 23:59:30","False"
"D:\SIH\IceBerg\dataSet\SIH\DATA_Sea_ice_drift_concentration\ice_conc_sh_polstere-100_amsr2_202504171200 (1).nc","8224564","23-09-2026 01:27:44","False"
"D:\SIH\IceBerg\dataSet\SIH\DATA_Sea_ice_drift_concentration\ice_conc_sh_polstere-100_amsr2_202504171200.nc","8224564","22-09-2026 23:59:32","False"
"D:\SIH\IceBerg\dataSet\SIH\DATA_Sea_ice_drift_concentration\ice_conc_sh_polstere-100_amsr2_202504181200 (1).nc","8242672","23-09-2026 01:27:48","False"
"D:\SIH\IceBerg\dataSet\SIH\DATA_Sea_ice_drift_concentration\ice_conc_sh_polstere-100_amsr2_202504181200.nc","8242672","22-09-2026 23:59:36","False"
"D:\SIH\IceBerg\dataSet\SIH\DATA_Sea_ice_drift_concentration\ice_conc_sh_polstere-100_amsr2_202504191200 (1).nc","8165662","23-09-2026 01:27:52","False"
"D:\SIH\IceBerg\dataSet\SIH\DATA_Sea_ice_drift_concentration\ice_conc_sh_polstere-100_amsr2_202504191200.nc","8165662","22-09-2026 23:59:38","False"
"D:\SIH\IceBerg\dataSet\SIH\DATA_Sea_ice_drift_concentration\ice_conc_sh_polstere-100_amsr2_202504201200 (1).nc","8184338","23-09-2026 01:27:56","False"
"D:\SIH\IceBerg\dataSet\SIH\DATA_Sea_ice_drift_concentration\ice_conc_sh_polstere-100_amsr2_202504201200.nc","8184338","22-09-2026 23:59:40","False"
"D:\SIH\IceBerg\dataSet\SIH\DATA_Sea_ice_drift_concentration\ice_conc_sh_polstere-100_amsr2_202504211200 (1).nc","8222132","23-09-2026 01:27:58","False"
"D:\SIH\IceBerg\dataSet\SIH\DATA_Sea_ice_drift_concentration\ice_conc_sh_polstere-100_amsr2_202504211200.nc","8222132","22-09-2026 23:59:44","False"
"D:\SIH\IceBerg\dataSet\SIH\DATA_Sea_ice_drift_concentration\ice_conc_sh_polstere-100_amsr2_202504221200 (1).nc","8264168","23-09-2026 01:28:02","False"
"D:\SIH\IceBerg\dataSet\SIH\DATA_Sea_ice_drift_concentration\ice_conc_sh_polstere-100_amsr2_202504221200.nc","8264168","22-09-2026 23:59:46","False"
"D:\SIH\IceBerg\dataSet\SIH\DATA_Sea_ice_drift_concentration\ice_conc_sh_polstere-100_amsr2_202504231200 (1).nc","8156470","23-09-2026 01:28:06","False"
"D:\SIH\IceBerg\dataSet\SIH\DATA_Sea_ice_drift_concentration\ice_conc_sh_polstere-100_amsr2_202504231200.nc","8156470","22-09-2026 23:59:48","False"
"D:\SIH\IceBerg\dataSet\SIH\DATA_Sea_ice_drift_concentration\ice_conc_sh_polstere-100_amsr2_202504241200 (1).nc","8138838","23-09-2026 01:28:10","False"
"D:\SIH\IceBerg\dataSet\SIH\DATA_Sea_ice_drift_concentration\ice_conc_sh_polstere-100_amsr2_202504241200.nc","8138838","22-09-2026 23:59:52","False"
"D:\SIH\IceBerg\dataSet\SIH\DATA_Sea_ice_drift_concentration\ice_conc_sh_polstere-100_amsr2_202504251200 (1).nc","8108772","23-09-2026 01:28:14","False"
"D:\SIH\IceBerg\dataSet\SIH\DATA_Sea_ice_drift_concentration\ice_conc_sh_polstere-100_amsr2_202504251200.nc","8108772","22-09-2026 23:59:54","False"
"D:\SIH\IceBerg\dataSet\SIH\DATA_Sea_ice_drift_concentration\ice_conc_sh_polstere-100_amsr2_202504261200 (1).nc","8231671","23-09-2026 01:28:20","False"
"D:\SIH\IceBerg\dataSet\SIH\DATA_Sea_ice_drift_concentration\ice_conc_sh_polstere-100_amsr2_202504261200.nc","8231671","22-09-2026 23:59:58","False"
"D:\SIH\IceBerg\dataSet\SIH\DATA_Sea_ice_drift_concentration\ice_conc_sh_polstere-100_amsr2_202504271200 (1).nc","8176773","23-09-2026 01:28:24","False"
"D:\SIH\IceBerg\dataSet\SIH\DATA_Sea_ice_drift_concentration\ice_conc_sh_polstere-100_amsr2_202504271200.nc","8176773","23-09-2026 00:00:00","False"
"D:\SIH\IceBerg\dataSet\SIH\DATA_Sea_ice_drift_concentration\ice_conc_sh_polstere-100_amsr2_202504281200 (1).nc","8145881","23-09-2026 01:28:28","False"
"D:\SIH\IceBerg\dataSet\SIH\DATA_Sea_ice_drift_concentration\ice_conc_sh_polstere-100_amsr2_202504281200.nc","8145881","23-09-2026 00:00:02","False"
"D:\SIH\IceBerg\dataSet\SIH\DATA_Sea_ice_drift_concentration\ice_conc_sh_polstere-100_amsr2_202504291200 (1).nc","8147068","23-09-2026 01:28:32","False"
"D:\SIH\IceBerg\dataSet\SIH\DATA_Sea_ice_drift_concentration\ice_conc_sh_polstere-100_amsr2_202504291200.nc","8147068","23-09-2026 00:00:04","False"
"D:\SIH\IceBerg\dataSet\SIH\DATA_Sea_ice_drift_concentration\ice_conc_sh_polstere-100_amsr2_202504301200 (1).nc","8115798","23-09-2026 01:28:38","False"
"D:\SIH\IceBerg\dataSet\SIH\DATA_Sea_ice_drift_concentration\ice_conc_sh_polstere-100_amsr2_202504301200.nc","8115798","23-09-2026 00:00:06","False"
"D:\SIH\IceBerg\dataSet\SIH\DATA_Sea_ice_drift_concentration\ice_conc_sh_polstere-100_amsr2_202505011200 (1).nc","8107855","23-09-2026 01:24:40","False"
"D:\SIH\IceBerg\dataSet\SIH\DATA_Sea_ice_drift_concentration\ice_conc_sh_polstere-100_amsr2_202505011200.nc","8107855","23-09-2026 00:00:20","False"
"D:\SIH\IceBerg\dataSet\SIH\DATA_Sea_ice_drift_concentration\ice_conc_sh_polstere-100_amsr2_202505021200 (1).nc","8046459","23-09-2026 01:24:42","False"
"D:\SIH\IceBerg\dataSet\SIH\DATA_Sea_ice_drift_concentration\ice_conc_sh_polstere-100_amsr2_202505021200.nc","8046459","23-09-2026 00:00:24","False"
"D:\SIH\IceBerg\dataSet\SIH\DATA_Sea_ice_drift_concentration\ice_conc_sh_polstere-100_amsr2_202505031200 (1).nc","8097156","23-09-2026 01:24:44","False"
"D:\SIH\IceBerg\dataSet\SIH\DATA_Sea_ice_drift_concentration\ice_conc_sh_polstere-100_amsr2_202505031200.nc","8097156","23-09-2026 00:00:26","False"
"D:\SIH\IceBerg\dataSet\SIH\DATA_Sea_ice_drift_concentration\ice_conc_sh_polstere-100_amsr2_202505041200 (1).nc","8100424","23-09-2026 01:24:48","False"
"D:\SIH\IceBerg\dataSet\SIH\DATA_Sea_ice_drift_concentration\ice_conc_sh_polstere-100_amsr2_202505041200.nc","8100424","23-09-2026 00:00:28","False"
"D:\SIH\IceBerg\dataSet\SIH\DATA_Sea_ice_drift_concentration\ice_conc_sh_polstere-100_amsr2_202505051200 (1).nc","8193909","23-09-2026 01:24:52","False"
"D:\SIH\IceBerg\dataSet\SIH\DATA_Sea_ice_drift_concentration\ice_conc_sh_polstere-100_amsr2_202505051200.nc","8193909","23-09-2026 00:00:32","False"
"D:\SIH\IceBerg\dataSet\SIH\DATA_Sea_ice_drift_concentration\ice_conc_sh_polstere-100_amsr2_202505061200 (1).nc","8135523","23-09-2026 01:24:56","False"
"D:\SIH\IceBerg\dataSet\SIH\DATA_Sea_ice_drift_concentration\ice_conc_sh_polstere-100_amsr2_202505061200.nc","8135523","23-09-2026 00:00:34","False"
"D:\SIH\IceBerg\dataSet\SIH\DATA_Sea_ice_drift_concentration\ice_conc_sh_polstere-100_amsr2_202505071200 (1).nc","8135348","23-09-2026 01:25:02","False"
"D:\SIH\IceBerg\dataSet\SIH\DATA_Sea_ice_drift_concentration\ice_conc_sh_polstere-100_amsr2_202505071200.nc","8135348","23-09-2026 00:00:36","False"
"D:\SIH\IceBerg\dataSet\SIH\DATA_Sea_ice_drift_concentration\ice_conc_sh_polstere-100_amsr2_202505081200 (1).nc","8211803","23-09-2026 01:25:08","False"
"D:\SIH\IceBerg\dataSet\SIH\DATA_Sea_ice_drift_concentration\ice_conc_sh_polstere-100_amsr2_202505081200.nc","8211803","23-09-2026 00:00:40","False"
"D:\SIH\IceBerg\dataSet\SIH\DATA_Sea_ice_drift_concentration\ice_conc_sh_polstere-100_amsr2_202505091200 (1).nc","8099787","23-09-2026 01:25:12","False"
"D:\SIH\IceBerg\dataSet\SIH\DATA_Sea_ice_drift_concentration\ice_conc_sh_polstere-100_amsr2_202505091200.nc","8099787","23-09-2026 00:00:42","False"
"D:\SIH\IceBerg\dataSet\SIH\DATA_Sea_ice_drift_concentration\ice_conc_sh_polstere-100_amsr2_202505101200 (1).nc","8052280","23-09-2026 01:25:16","False"
"D:\SIH\IceBerg\dataSet\SIH\DATA_Sea_ice_drift_concentration\ice_conc_sh_polstere-100_amsr2_202505101200.nc","8052280","23-09-2026 00:00:44","False"
"D:\SIH\IceBerg\dataSet\SIH\DATA_Sea_ice_drift_concentration\ice_conc_sh_polstere-100_amsr2_202505111200 (1).nc","8082690","23-09-2026 01:25:20","False"
"D:\SIH\IceBerg\dataSet\SIH\DATA_Sea_ice_drift_concentration\ice_conc_sh_polstere-100_amsr2_202505111200.nc","8082690","23-09-2026 00:00:48","False"
"D:\SIH\IceBerg\dataSet\SIH\DATA_Sea_ice_drift_concentration\ice_conc_sh_polstere-100_amsr2_202505121200 (1).nc","8160907","23-09-2026 01:25:24","False"
"D:\SIH\IceBerg\dataSet\SIH\DATA_Sea_ice_drift_concentration\ice_conc_sh_polstere-100_amsr2_202505121200.nc","8160907","23-09-2026 00:00:50","False"
"D:\SIH\IceBerg\dataSet\SIH\DATA_Sea_ice_drift_concentration\ice_conc_sh_polstere-100_amsr2_202505131200 (1).nc","8141189","23-09-2026 01:25:28","False"
"D:\SIH\IceBerg\dataSet\SIH\DATA_Sea_ice_drift_concentration\ice_conc_sh_polstere-100_amsr2_202505131200.nc","8141189","23-09-2026 00:00:54","False"
"D:\SIH\IceBerg\dataSet\SIH\DATA_Sea_ice_drift_concentration\ice_conc_sh_polstere-100_amsr2_202505141200 (1).nc","8240807","23-09-2026 01:25:30","False"
"D:\SIH\IceBerg\dataSet\SIH\DATA_Sea_ice_drift_concentration\ice_conc_sh_polstere-100_amsr2_202505141200.nc","8240807","23-09-2026 00:00:58","False"
"D:\SIH\IceBerg\dataSet\SIH\DATA_Sea_ice_drift_concentration\ice_conc_sh_polstere-100_amsr2_202505151200 (1).nc","8220152","23-09-2026 01:25:34","False"
"D:\SIH\IceBerg\dataSet\SIH\DATA_Sea_ice_drift_concentration\ice_conc_sh_polstere-100_amsr2_202505151200.nc","8220152","23-09-2026 00:01:00","False"
"D:\SIH\IceBerg\dataSet\SIH\DATA_Sea_ice_drift_concentration\ice_conc_sh_polstere-100_amsr2_202505161200 (1).nc","8191957","23-09-2026 01:25:38","False"
"D:\SIH\IceBerg\dataSet\SIH\DATA_Sea_ice_drift_concentration\ice_conc_sh_polstere-100_amsr2_202505161200.nc","8191957","23-09-2026 00:01:02","False"
"D:\SIH\IceBerg\dataSet\SIH\DATA_Sea_ice_drift_concentration\ice_conc_sh_polstere-100_amsr2_202505171200 (1).nc","8145141","23-09-2026 01:25:42","False"
"D:\SIH\IceBerg\dataSet\SIH\DATA_Sea_ice_drift_concentration\ice_conc_sh_polstere-100_amsr2_202505171200.nc","8145141","23-09-2026 00:01:06","False"
"D:\SIH\IceBerg\dataSet\SIH\DATA_Sea_ice_drift_concentration\ice_conc_sh_polstere-100_amsr2_202505181200 (1).nc","8171585","23-09-2026 01:25:44","False"
"D:\SIH\IceBerg\dataSet\SIH\DATA_Sea_ice_drift_concentration\ice_conc_sh_polstere-100_amsr2_202505181200.nc","8171585","23-09-2026 00:01:08","False"
"D:\SIH\IceBerg\dataSet\SIH\DATA_Sea_ice_drift_concentration\ice_conc_sh_polstere-100_amsr2_202505191200 (1).nc","8141011","23-09-2026 01:25:48","False"
"D:\SIH\IceBerg\dataSet\SIH\DATA_Sea_ice_drift_concentration\ice_conc_sh_polstere-100_amsr2_202505191200.nc","8141011","23-09-2026 00:01:12","False"
"D:\SIH\IceBerg\dataSet\SIH\DATA_Sea_ice_drift_concentration\ice_conc_sh_polstere-100_amsr2_202505201200 (1).nc","8234156","23-09-2026 01:25:52","False"
"D:\SIH\IceBerg\dataSet\SIH\DATA_Sea_ice_drift_concentration\ice_conc_sh_polstere-100_amsr2_202505201200.nc","8234156","23-09-2026 00:01:14","False"
"D:\SIH\IceBerg\dataSet\SIH\DATA_Sea_ice_drift_concentration\ice_conc_sh_polstere-100_amsr2_202505211200 (1).nc","8250470","23-09-2026 01:25:56","False"
"D:\SIH\IceBerg\dataSet\SIH\DATA_Sea_ice_drift_concentration\ice_conc_sh_polstere-100_amsr2_202505211200.nc","8250470","23-09-2026 00:01:18","False"
"D:\SIH\IceBerg\dataSet\SIH\DATA_Sea_ice_drift_concentration\ice_conc_sh_polstere-100_amsr2_202505221200 (1).nc","8191242","23-09-2026 01:26:00","False"
"D:\SIH\IceBerg\dataSet\SIH\DATA_Sea_ice_drift_concentration\ice_conc_sh_polstere-100_amsr2_202505221200.nc","8191242","23-09-2026 00:01:20","False"
"D:\SIH\IceBerg\dataSet\SIH\DATA_Sea_ice_drift_concentration\ice_conc_sh_polstere-100_amsr2_202505231200 (1).nc","8188845","23-09-2026 01:26:04","False"
"D:\SIH\IceBerg\dataSet\SIH\DATA_Sea_ice_drift_concentration\ice_conc_sh_polstere-100_amsr2_202505231200.nc","8188845","23-09-2026 00:01:22","False"
"D:\SIH\IceBerg\dataSet\SIH\DATA_Sea_ice_drift_concentration\ice_conc_sh_polstere-100_amsr2_202505241200 (1).nc","8158057","23-09-2026 01:26:08","False"
"D:\SIH\IceBerg\dataSet\SIH\DATA_Sea_ice_drift_concentration\ice_conc_sh_polstere-100_amsr2_202505241200.nc","8158057","23-09-2026 00:01:26","False"
"D:\SIH\IceBerg\dataSet\SIH\DATA_Sea_ice_drift_concentration\ice_conc_sh_polstere-100_amsr2_202505251200 (1).nc","8228781","23-09-2026 01:26:12","False"
"D:\SIH\IceBerg\dataSet\SIH\DATA_Sea_ice_drift_concentration\ice_conc_sh_polstere-100_amsr2_202505251200.nc","8228781","23-09-2026 00:01:28","False"
"D:\SIH\IceBerg\dataSet\SIH\DATA_Sea_ice_drift_concentration\ice_conc_sh_polstere-100_amsr2_202505261200 (1).nc","8270679","23-09-2026 01:26:20","False"
"D:\SIH\IceBerg\dataSet\SIH\DATA_Sea_ice_drift_concentration\ice_conc_sh_polstere-100_amsr2_202505261200.nc","8270679","23-09-2026 00:01:32","False"
"D:\SIH\IceBerg\dataSet\SIH\DATA_Sea_ice_drift_concentration\ice_conc_sh_polstere-100_amsr2_202505271200 (1).nc","8255821","23-09-2026 01:26:26","False"
"D:\SIH\IceBerg\dataSet\SIH\DATA_Sea_ice_drift_concentration\ice_conc_sh_polstere-100_amsr2_202505271200.nc","8255821","23-09-2026 00:01:36","False"
"D:\SIH\IceBerg\dataSet\SIH\DATA_Sea_ice_drift_concentration\ice_conc_sh_polstere-100_amsr2_202505281200 (1).nc","8272460","23-09-2026 01:26:28","False"
"D:\SIH\IceBerg\dataSet\SIH\DATA_Sea_ice_drift_concentration\ice_conc_sh_polstere-100_amsr2_202505281200.nc","8272460","23-09-2026 00:01:38","False"
"D:\SIH\IceBerg\dataSet\SIH\DATA_Sea_ice_drift_concentration\ice_conc_sh_polstere-100_amsr2_202505291200 (1).nc","8279642","23-09-2026 01:26:32","False"
"D:\SIH\IceBerg\dataSet\SIH\DATA_Sea_ice_drift_concentration\ice_conc_sh_polstere-100_amsr2_202505291200.nc","8279642","23-09-2026 00:01:42","False"
"D:\SIH\IceBerg\dataSet\SIH\DATA_Sea_ice_drift_concentration\ice_conc_sh_polstere-100_amsr2_202505301200 (1).nc","8224938","23-09-2026 01:26:38","False"
"D:\SIH\IceBerg\dataSet\SIH\DATA_Sea_ice_drift_concentration\ice_conc_sh_polstere-100_amsr2_202505301200.nc","8224938","23-09-2026 00:01:46","False"
"D:\SIH\IceBerg\dataSet\SIH\DATA_Sea_ice_drift_concentration\ice_conc_sh_polstere-100_amsr2_202505311200 (1).nc","8219920","23-09-2026 01:26:42","False"
"D:\SIH\IceBerg\dataSet\SIH\DATA_Sea_ice_drift_concentration\ice_conc_sh_polstere-100_amsr2_202505311200.nc","8219920","23-09-2026 00:01:48","False"
"D:\SIH\IceBerg\dataSet\SIH\DATA_Sea_ice_drift_concentration\ice_conc_sh_polstere-100_amsr2_202506011200 (1).nc","8177344","23-09-2026 01:28:44","False"
"D:\SIH\IceBerg\dataSet\SIH\DATA_Sea_ice_drift_concentration\ice_conc_sh_polstere-100_amsr2_202506011200.nc","8177344","23-09-2026 00:01:56","False"
"D:\SIH\IceBerg\dataSet\SIH\DATA_Sea_ice_drift_concentration\ice_conc_sh_polstere-100_amsr2_202506021200 (1).nc","8161772","23-09-2026 01:28:48","False"
"D:\SIH\IceBerg\dataSet\SIH\DATA_Sea_ice_drift_concentration\ice_conc_sh_polstere-100_amsr2_202506021200.nc","8161772","23-09-2026 00:01:58","False"
"D:\SIH\IceBerg\dataSet\SIH\DATA_Sea_ice_drift_concentration\ice_conc_sh_polstere-100_amsr2_202506031200 (1).nc","8082256","23-09-2026 01:28:54","False"
"D:\SIH\IceBerg\dataSet\SIH\DATA_Sea_ice_drift_concentration\ice_conc_sh_polstere-100_amsr2_202506031200.nc","8082256","23-09-2026 00:02:00","False"
"D:\SIH\IceBerg\dataSet\SIH\DATA_Sea_ice_drift_concentration\ice_conc_sh_polstere-100_amsr2_202506041200 (1).nc","7968947","23-09-2026 01:29:00","False"
"D:\SIH\IceBerg\dataSet\SIH\DATA_Sea_ice_drift_concentration\ice_conc_sh_polstere-100_amsr2_202506041200.nc","7968947","23-09-2026 00:02:02","False"
"D:\SIH\IceBerg\dataSet\SIH\DATA_Sea_ice_drift_concentration\ice_conc_sh_polstere-100_amsr2_202506051200 (1).nc","8017431","23-09-2026 01:29:06","False"
"D:\SIH\IceBerg\dataSet\SIH\DATA_Sea_ice_drift_concentration\ice_conc_sh_polstere-100_amsr2_202506051200.nc","8017431","23-09-2026 00:02:06","False"
"D:\SIH\IceBerg\dataSet\SIH\DATA_Sea_ice_drift_concentration\ice_conc_sh_polstere-100_amsr2_202506061200 (1).nc","8188770","23-09-2026 01:29:10","False"
"D:\SIH\IceBerg\dataSet\SIH\DATA_Sea_ice_drift_concentration\ice_conc_sh_polstere-100_amsr2_202506061200.nc","8188770","23-09-2026 00:02:08","False"
"D:\SIH\IceBerg\dataSet\SIH\DATA_Sea_ice_drift_concentration\ice_conc_sh_polstere-100_amsr2_202506071200 (1).nc","8254650","23-09-2026 01:29:14","False"
"D:\SIH\IceBerg\dataSet\SIH\DATA_Sea_ice_drift_concentration\ice_conc_sh_polstere-100_amsr2_202506071200.nc","8254650","23-09-2026 00:02:12","False"
"D:\SIH\IceBerg\dataSet\SIH\DATA_Sea_ice_drift_concentration\ice_conc_sh_polstere-100_amsr2_202506081200 (1).nc","8146283","23-09-2026 01:29:20","False"
"D:\SIH\IceBerg\dataSet\SIH\DATA_Sea_ice_drift_concentration\ice_conc_sh_polstere-100_amsr2_202506081200.nc","8146283","23-09-2026 00:02:14","False"
"D:\SIH\IceBerg\dataSet\SIH\DATA_Sea_ice_drift_concentration\ice_conc_sh_polstere-100_amsr2_202506091200 (1).nc","8149976","23-09-2026 01:29:24","False"
"D:\SIH\IceBerg\dataSet\SIH\DATA_Sea_ice_drift_concentration\ice_conc_sh_polstere-100_amsr2_202506091200.nc","8149976","23-09-2026 00:02:16","False"
"D:\SIH\IceBerg\dataSet\SIH\DATA_Sea_ice_drift_concentration\ice_conc_sh_polstere-100_amsr2_202506101200 (1).nc","8035252","23-09-2026 01:29:30","False"
"D:\SIH\IceBerg\dataSet\SIH\DATA_Sea_ice_drift_concentration\ice_conc_sh_polstere-100_amsr2_202506101200.nc","8035252","23-09-2026 00:02:18","False"
"D:\SIH\IceBerg\dataSet\SIH\DATA_Sea_ice_drift_concentration\ice_conc_sh_polstere-100_amsr2_202506111200 (1).nc","8162911","23-09-2026 01:29:36","False"
"D:\SIH\IceBerg\dataSet\SIH\DATA_Sea_ice_drift_concentration\ice_conc_sh_polstere-100_amsr2_202506111200.nc","8162911","23-09-2026 00:02:22","False"
"D:\SIH\IceBerg\dataSet\SIH\DATA_Sea_ice_drift_concentration\ice_conc_sh_polstere-100_amsr2_202506121200 (1).nc","8128722","23-09-2026 01:29:40","False"
"D:\SIH\IceBerg\dataSet\SIH\DATA_Sea_ice_drift_concentration\ice_conc_sh_polstere-100_amsr2_202506121200.nc","8128722","23-09-2026 00:02:24","False"
"D:\SIH\IceBerg\dataSet\SIH\DATA_Sea_ice_drift_concentration\ice_conc_sh_polstere-100_amsr2_202506131200 (1).nc","8208977","23-09-2026 01:29:44","False"
"D:\SIH\IceBerg\dataSet\SIH\DATA_Sea_ice_drift_concentration\ice_conc_sh_polstere-100_amsr2_202506131200.nc","8208977","23-09-2026 00:02:26","False"
"D:\SIH\IceBerg\dataSet\SIH\DATA_Sea_ice_drift_concentration\ice_conc_sh_polstere-100_amsr2_202506141200 (1).nc","8188414","23-09-2026 01:29:50","False"
"D:\SIH\IceBerg\dataSet\SIH\DATA_Sea_ice_drift_concentration\ice_conc_sh_polstere-100_amsr2_202506141200.nc","8188414","23-09-2026 00:02:30","False"
"D:\SIH\IceBerg\dataSet\SIH\DATA_Sea_ice_drift_concentration\ice_conc_sh_polstere-100_amsr2_202506151200 (1).nc","8213808","23-09-2026 01:29:56","False"
"D:\SIH\IceBerg\dataSet\SIH\DATA_Sea_ice_drift_concentration\ice_conc_sh_polstere-100_amsr2_202506151200.nc","8213808","23-09-2026 00:02:32","False"
"D:\SIH\IceBerg\dataSet\SIH\DATA_Sea_ice_drift_concentration\ice_conc_sh_polstere-100_amsr2_202506161200 (1).nc","8183060","23-09-2026 01:30:00","False"
"D:\SIH\IceBerg\dataSet\SIH\DATA_Sea_ice_drift_concentration\ice_conc_sh_polstere-100_amsr2_202506161200.nc","8183060","23-09-2026 00:02:36","False"
"D:\SIH\IceBerg\dataSet\SIH\DATA_Sea_ice_drift_concentration\ice_conc_sh_polstere-100_amsr2_202506171200 (1).nc","8081660","23-09-2026 01:30:04","False"
"D:\SIH\IceBerg\dataSet\SIH\DATA_Sea_ice_drift_concentration\ice_conc_sh_polstere-100_amsr2_202506171200.nc","8081660","23-09-2026 00:02:38","False"
"D:\SIH\IceBerg\dataSet\SIH\DATA_Sea_ice_drift_concentration\ice_conc_sh_polstere-100_amsr2_202506181200 (1).nc","8125233","23-09-2026 01:30:08","False"
"D:\SIH\IceBerg\dataSet\SIH\DATA_Sea_ice_drift_concentration\ice_conc_sh_polstere-100_amsr2_202506181200.nc","8125233","23-09-2026 00:02:40","False"
"D:\SIH\IceBerg\dataSet\SIH\DATA_Sea_ice_drift_concentration\ice_conc_sh_polstere-100_amsr2_202506191200 (1).nc","8102230","23-09-2026 01:30:12","False"
"D:\SIH\IceBerg\dataSet\SIH\DATA_Sea_ice_drift_concentration\ice_conc_sh_polstere-100_amsr2_202506191200.nc","8102230","23-09-2026 00:02:42","False"
"D:\SIH\IceBerg\dataSet\SIH\DATA_Sea_ice_drift_concentration\ice_conc_sh_polstere-100_amsr2_202506201200 (1).nc","8169908","23-09-2026 01:30:16","False"
"D:\SIH\IceBerg\dataSet\SIH\DATA_Sea_ice_drift_concentration\ice_conc_sh_polstere-100_amsr2_202506201200.nc","8169908","23-09-2026 00:02:46","False"
"D:\SIH\IceBerg\dataSet\SIH\DATA_Sea_ice_drift_concentration\ice_conc_sh_polstere-100_amsr2_202506211200 (1).nc","8168852","23-09-2026 01:30:20","False"
"D:\SIH\IceBerg\dataSet\SIH\DATA_Sea_ice_drift_concentration\ice_conc_sh_polstere-100_amsr2_202506211200.nc","8168852","23-09-2026 00:02:50","False"
"D:\SIH\IceBerg\dataSet\SIH\DATA_Sea_ice_drift_concentration\ice_conc_sh_polstere-100_amsr2_202506221200 (1).nc","8125032","23-09-2026 01:30:26","False"
"D:\SIH\IceBerg\dataSet\SIH\DATA_Sea_ice_drift_concentration\ice_conc_sh_polstere-100_amsr2_202506221200.nc","8125032","23-09-2026 00:02:52","False"
"D:\SIH\IceBerg\dataSet\SIH\DATA_Sea_ice_drift_concentration\ice_conc_sh_polstere-100_amsr2_202506231200 (1).nc","8099692","23-09-2026 01:30:30","False"
"D:\SIH\IceBerg\dataSet\SIH\DATA_Sea_ice_drift_concentration\ice_conc_sh_polstere-100_amsr2_202506231200.nc","8099692","23-09-2026 00:02:54","False"
"D:\SIH\IceBerg\dataSet\SIH\DATA_Sea_ice_drift_concentration\ice_conc_sh_polstere-100_amsr2_202506241200 (1).nc","8183832","23-09-2026 01:30:34","False"
"D:\SIH\IceBerg\dataSet\SIH\DATA_Sea_ice_drift_concentration\ice_conc_sh_polstere-100_amsr2_202506241200.nc","8183832","23-09-2026 00:02:58","False"
"D:\SIH\IceBerg\dataSet\SIH\DATA_Sea_ice_drift_concentration\ice_conc_sh_polstere-100_amsr2_202506251200 (1).nc","8076578","23-09-2026 01:30:38","False"
"D:\SIH\IceBerg\dataSet\SIH\DATA_Sea_ice_drift_concentration\ice_conc_sh_polstere-100_amsr2_202506251200.nc","8076578","23-09-2026 00:03:00","False"
"D:\SIH\IceBerg\dataSet\SIH\DATA_Sea_ice_drift_concentration\ice_conc_sh_polstere-100_amsr2_202506261200 (1).nc","8120694","23-09-2026 01:30:42","False"
"D:\SIH\IceBerg\dataSet\SIH\DATA_Sea_ice_drift_concentration\ice_conc_sh_polstere-100_amsr2_202506261200.nc","8120694","23-09-2026 00:03:02","False"
"D:\SIH\IceBerg\dataSet\SIH\DATA_Sea_ice_drift_concentration\ice_conc_sh_polstere-100_amsr2_202506271200 (1).nc","8173052","23-09-2026 01:30:46","False"
"D:\SIH\IceBerg\dataSet\SIH\DATA_Sea_ice_drift_concentration\ice_conc_sh_polstere-100_amsr2_202506271200.nc","8173052","23-09-2026 00:03:04","False"
"D:\SIH\IceBerg\dataSet\SIH\DATA_Sea_ice_drift_concentration\ice_conc_sh_polstere-100_amsr2_202506281200 (1).nc","8173812","23-09-2026 01:30:52","False"
"D:\SIH\IceBerg\dataSet\SIH\DATA_Sea_ice_drift_concentration\ice_conc_sh_polstere-100_amsr2_202506281200.nc","8173812","23-09-2026 00:03:08","False"
"D:\SIH\IceBerg\dataSet\SIH\DATA_Sea_ice_drift_concentration\ice_conc_sh_polstere-100_amsr2_202506291200 (1).nc","8179130","23-09-2026 01:30:56","False"
"D:\SIH\IceBerg\dataSet\SIH\DATA_Sea_ice_drift_concentration\ice_conc_sh_polstere-100_amsr2_202506291200.nc","8179130","23-09-2026 00:03:10","False"
"D:\SIH\IceBerg\dataSet\SIH\DATA_Sea_ice_drift_concentration\ice_conc_sh_polstere-100_amsr2_202506301200 (1).nc","8140228","23-09-2026 01:31:00","False"
"D:\SIH\IceBerg\dataSet\SIH\DATA_Sea_ice_drift_concentration\ice_conc_sh_polstere-100_amsr2_202506301200.nc","8140228","23-09-2026 00:03:12","False"
"D:\SIH\IceBerg\dataSet\SIH\DATA_Sea_ice_drift_concentration\ice_conc_sh_polstere-100_amsr2_202507011200 (1).nc","8140501","23-09-2026 01:31:04","False"
"D:\SIH\IceBerg\dataSet\SIH\DATA_Sea_ice_drift_concentration\ice_conc_sh_polstere-100_amsr2_202507011200.nc","8140501","23-09-2026 00:04:04","False"
"D:\SIH\IceBerg\dataSet\SIH\DATA_Sea_ice_drift_concentration\ice_conc_sh_polstere-100_amsr2_202507021200 (1).nc","8189272","23-09-2026 01:31:06","False"
"D:\SIH\IceBerg\dataSet\SIH\DATA_Sea_ice_drift_concentration\ice_conc_sh_polstere-100_amsr2_202507021200.nc","8189272","23-09-2026 00:04:08","False"
"D:\SIH\IceBerg\dataSet\SIH\DATA_Sea_ice_drift_concentration\ice_conc_sh_polstere-100_amsr2_202507031200 (1).nc","8147995","23-09-2026 01:31:10","False"
"D:\SIH\IceBerg\dataSet\SIH\DATA_Sea_ice_drift_concentration\ice_conc_sh_polstere-100_amsr2_202507031200.nc","8147995","23-09-2026 00:04:10","False"
"D:\SIH\IceBerg\dataSet\SIH\DATA_Sea_ice_drift_concentration\ice_conc_sh_polstere-100_amsr2_202507041200 (1).nc","8189611","23-09-2026 01:31:14","False"
"D:\SIH\IceBerg\dataSet\SIH\DATA_Sea_ice_drift_concentration\ice_conc_sh_polstere-100_amsr2_202507041200.nc","8189611","23-09-2026 00:04:12","False"
"D:\SIH\IceBerg\dataSet\SIH\DATA_Sea_ice_drift_concentration\ice_conc_sh_polstere-100_amsr2_202507051200 (1).nc","8115392","23-09-2026 01:31:16","False"
"D:\SIH\IceBerg\dataSet\SIH\DATA_Sea_ice_drift_concentration\ice_conc_sh_polstere-100_amsr2_202507051200.nc","8115392","23-09-2026 00:04:16","False"
"D:\SIH\IceBerg\dataSet\SIH\DATA_Sea_ice_drift_concentration\ice_conc_sh_polstere-100_amsr2_202507061200 (1).nc","8141555","23-09-2026 01:31:20","False"
"D:\SIH\IceBerg\dataSet\SIH\DATA_Sea_ice_drift_concentration\ice_conc_sh_polstere-100_amsr2_202507061200.nc","8141555","23-09-2026 00:04:18","False"
"D:\SIH\IceBerg\dataSet\SIH\DATA_Sea_ice_drift_concentration\ice_conc_sh_polstere-100_amsr2_202507071200 (1).nc","8131238","23-09-2026 01:31:26","False"
"D:\SIH\IceBerg\dataSet\SIH\DATA_Sea_ice_drift_concentration\ice_conc_sh_polstere-100_amsr2_202507071200.nc","8131238","23-09-2026 00:04:20","False"
"D:\SIH\IceBerg\dataSet\SIH\DATA_Sea_ice_drift_concentration\ice_conc_sh_polstere-100_amsr2_202507081200 (1).nc","8067791","23-09-2026 01:31:30","False"
"D:\SIH\IceBerg\dataSet\SIH\DATA_Sea_ice_drift_concentration\ice_conc_sh_polstere-100_amsr2_202507081200.nc","8067791","23-09-2026 00:04:22","False"
"D:\SIH\IceBerg\dataSet\SIH\DATA_Sea_ice_drift_concentration\ice_conc_sh_polstere-100_amsr2_202507091200 (1).nc","8108856","23-09-2026 01:31:36","False"
"D:\SIH\IceBerg\dataSet\SIH\DATA_Sea_ice_drift_concentration\ice_conc_sh_polstere-100_amsr2_202507091200.nc","8108856","23-09-2026 00:04:26","False"
"D:\SIH\IceBerg\dataSet\SIH\DATA_Sea_ice_drift_concentration\ice_conc_sh_polstere-100_amsr2_202507101200 (1).nc","8200194","23-09-2026 01:31:42","False"
"D:\SIH\IceBerg\dataSet\SIH\DATA_Sea_ice_drift_concentration\ice_conc_sh_polstere-100_amsr2_202507101200.nc","8200194","23-09-2026 00:04:28","False"
"D:\SIH\IceBerg\dataSet\SIH\DATA_Sea_ice_drift_concentration\ice_conc_sh_polstere-100_amsr2_202507111200 (1).nc","8146932","23-09-2026 01:31:46","False"
"D:\SIH\IceBerg\dataSet\SIH\DATA_Sea_ice_drift_concentration\ice_conc_sh_polstere-100_amsr2_202507111200.nc","8146932","23-09-2026 00:04:32","False"
"D:\SIH\IceBerg\dataSet\SIH\DATA_Sea_ice_drift_concentration\ice_conc_sh_polstere-100_amsr2_202507121200 (1).nc","8034561","23-09-2026 01:31:50","False"
"D:\SIH\IceBerg\dataSet\SIH\DATA_Sea_ice_drift_concentration\ice_conc_sh_polstere-100_amsr2_202507121200.nc","8034561","23-09-2026 00:04:34","False"
"D:\SIH\IceBerg\dataSet\SIH\DATA_Sea_ice_drift_concentration\ice_conc_sh_polstere-100_amsr2_202507131200 (1).nc","7983280","23-09-2026 01:31:56","False"
"D:\SIH\IceBerg\dataSet\SIH\DATA_Sea_ice_drift_concentration\ice_conc_sh_polstere-100_amsr2_202507131200.nc","7983280","23-09-2026 00:04:36","False"
"D:\SIH\IceBerg\dataSet\SIH\DATA_Sea_ice_drift_concentration\ice_conc_sh_polstere-100_amsr2_202507141200 (1).nc","7943561","23-09-2026 01:32:00","False"
"D:\SIH\IceBerg\dataSet\SIH\DATA_Sea_ice_drift_concentration\ice_conc_sh_polstere-100_amsr2_202507141200.nc","7943561","23-09-2026 00:04:38","False"
"D:\SIH\IceBerg\dataSet\SIH\DATA_Sea_ice_drift_concentration\ice_conc_sh_polstere-100_amsr2_202507151200 (1).nc","7957174","23-09-2026 01:32:04","False"
"D:\SIH\IceBerg\dataSet\SIH\DATA_Sea_ice_drift_concentration\ice_conc_sh_polstere-100_amsr2_202507151200.nc","7957174","23-09-2026 00:04:42","False"
"D:\SIH\IceBerg\dataSet\SIH\DATA_Sea_ice_drift_concentration\ice_conc_sh_polstere-100_amsr2_202507161200 (1).nc","7939874","23-09-2026 01:32:06","False"
"D:\SIH\IceBerg\dataSet\SIH\DATA_Sea_ice_drift_concentration\ice_conc_sh_polstere-100_amsr2_202507161200.nc","7939874","23-09-2026 00:04:44","False"
"D:\SIH\IceBerg\dataSet\SIH\DATA_Sea_ice_drift_concentration\ice_conc_sh_polstere-100_amsr2_202507171200 (1).nc","7933183","23-09-2026 01:32:12","False"
"D:\SIH\IceBerg\dataSet\SIH\DATA_Sea_ice_drift_concentration\ice_conc_sh_polstere-100_amsr2_202507171200.nc","7933183","23-09-2026 00:04:46","False"
"D:\SIH\IceBerg\dataSet\SIH\DATA_Sea_ice_drift_concentration\ice_conc_sh_polstere-100_amsr2_202507181200 (1).nc","7947416","23-09-2026 01:32:16","False"
"D:\SIH\IceBerg\dataSet\SIH\DATA_Sea_ice_drift_concentration\ice_conc_sh_polstere-100_amsr2_202507181200.nc","7947416","23-09-2026 00:04:50","False"
"D:\SIH\IceBerg\dataSet\SIH\DATA_Sea_ice_drift_concentration\ice_conc_sh_polstere-100_amsr2_202507191200 (1).nc","8009678","23-09-2026 01:32:22","False"
"D:\SIH\IceBerg\dataSet\SIH\DATA_Sea_ice_drift_concentration\ice_conc_sh_polstere-100_amsr2_202507191200.nc","8009678","23-09-2026 00:04:52","False"
"D:\SIH\IceBerg\dataSet\SIH\DATA_Sea_ice_drift_concentration\ice_conc_sh_polstere-100_amsr2_202507201200 (1).nc","8022674","23-09-2026 01:32:28","False"
"D:\SIH\IceBerg\dataSet\SIH\DATA_Sea_ice_drift_concentration\ice_conc_sh_polstere-100_amsr2_202507201200.nc","8022674","23-09-2026 00:04:56","False"
"D:\SIH\IceBerg\dataSet\SIH\DATA_Sea_ice_drift_concentration\ice_conc_sh_polstere-100_amsr2_202507211200 (1).nc","8000227","23-09-2026 01:32:32","False"
"D:\SIH\IceBerg\dataSet\SIH\DATA_Sea_ice_drift_concentration\ice_conc_sh_polstere-100_amsr2_202507211200.nc","8000227","23-09-2026 00:04:58","False"
"D:\SIH\IceBerg\dataSet\SIH\DATA_Sea_ice_drift_concentration\ice_conc_sh_polstere-100_amsr2_202507221200 (1).nc","7992016","23-09-2026 01:32:38","False"
"D:\SIH\IceBerg\dataSet\SIH\DATA_Sea_ice_drift_concentration\ice_conc_sh_polstere-100_amsr2_202507221200.nc","7992016","23-09-2026 00:05:00","False"
"D:\SIH\IceBerg\dataSet\SIH\DATA_Sea_ice_drift_concentration\ice_conc_sh_polstere-100_amsr2_202507231200 (1).nc","7933105","23-09-2026 01:32:44","False"
"D:\SIH\IceBerg\dataSet\SIH\DATA_Sea_ice_drift_concentration\ice_conc_sh_polstere-100_amsr2_202507231200.nc","7933105","23-09-2026 00:05:04","False"
"D:\SIH\IceBerg\dataSet\SIH\DATA_Sea_ice_drift_concentration\ice_conc_sh_polstere-100_amsr2_202507241200 (1).nc","7982229","23-09-2026 01:32:50","False"
"D:\SIH\IceBerg\dataSet\SIH\DATA_Sea_ice_drift_concentration\ice_conc_sh_polstere-100_amsr2_202507241200.nc","7982229","23-09-2026 00:05:06","False"
"D:\SIH\IceBerg\dataSet\SIH\DATA_Sea_ice_drift_concentration\ice_conc_sh_polstere-100_amsr2_202507251200 (1).nc","7999022","23-09-2026 01:32:54","False"
"D:\SIH\IceBerg\dataSet\SIH\DATA_Sea_ice_drift_concentration\ice_conc_sh_polstere-100_amsr2_202507251200.nc","7999022","23-09-2026 00:05:08","False"
"D:\SIH\IceBerg\dataSet\SIH\DATA_Sea_ice_drift_concentration\ice_conc_sh_polstere-100_amsr2_202507261200 (1).nc","8058347","23-09-2026 01:32:58","False"
"D:\SIH\IceBerg\dataSet\SIH\DATA_Sea_ice_drift_concentration\ice_conc_sh_polstere-100_amsr2_202507261200.nc","8058347","23-09-2026 00:05:12","False"
"D:\SIH\IceBerg\dataSet\SIH\DATA_Sea_ice_drift_concentration\ice_conc_sh_polstere-100_amsr2_202507271200 (1).nc","7974562","23-09-2026 01:33:02","False"
"D:\SIH\IceBerg\dataSet\SIH\DATA_Sea_ice_drift_concentration\ice_conc_sh_polstere-100_amsr2_202507271200.nc","7974562","23-09-2026 00:05:14","False"
"D:\SIH\IceBerg\dataSet\SIH\DATA_Sea_ice_drift_concentration\ice_conc_sh_polstere-100_amsr2_202507281200 (1).nc","8006328","23-09-2026 01:33:06","False"
"D:\SIH\IceBerg\dataSet\SIH\DATA_Sea_ice_drift_concentration\ice_conc_sh_polstere-100_amsr2_202507281200.nc","8006328","23-09-2026 00:05:16","False"
"D:\SIH\IceBerg\dataSet\SIH\DATA_Sea_ice_drift_concentration\ice_conc_sh_polstere-100_amsr2_202507291200 (1).nc","7952918","23-09-2026 01:33:10","False"
"D:\SIH\IceBerg\dataSet\SIH\DATA_Sea_ice_drift_concentration\ice_conc_sh_polstere-100_amsr2_202507291200.nc","7952918","23-09-2026 00:05:18","False"
"D:\SIH\IceBerg\dataSet\SIH\DATA_Sea_ice_drift_concentration\ice_conc_sh_polstere-100_amsr2_202507301200 (1).nc","7964774","23-09-2026 01:33:14","False"
"D:\SIH\IceBerg\dataSet\SIH\DATA_Sea_ice_drift_concentration\ice_conc_sh_polstere-100_amsr2_202507301200.nc","7964774","23-09-2026 00:05:22","False"
"D:\SIH\IceBerg\dataSet\SIH\DATA_Sea_ice_drift_concentration\ice_conc_sh_polstere-100_amsr2_202507311200 (1).nc","7994259","23-09-2026 01:33:20","False"
"D:\SIH\IceBerg\dataSet\SIH\DATA_Sea_ice_drift_concentration\ice_conc_sh_polstere-100_amsr2_202507311200.nc","7994259","23-09-2026 00:05:24","False"
"D:\SIH\IceBerg\dataSet\SIH\DATA_Sea_ice_drift_concentration\ice_conc_sh_polstere-100_amsr2_202508011200 (1).nc","8030209","23-09-2026 01:33:36","False"
"D:\SIH\IceBerg\dataSet\SIH\DATA_Sea_ice_drift_concentration\ice_conc_sh_polstere-100_amsr2_202508011200.nc","8030209","23-09-2026 00:05:28","False"
"D:\SIH\IceBerg\dataSet\SIH\DATA_Sea_ice_drift_concentration\ice_conc_sh_polstere-100_amsr2_202508021200 (1).nc","8037652","23-09-2026 01:33:38","False"
"D:\SIH\IceBerg\dataSet\SIH\DATA_Sea_ice_drift_concentration\ice_conc_sh_polstere-100_amsr2_202508021200.nc","8037652","23-09-2026 00:05:30","False"
"D:\SIH\IceBerg\dataSet\SIH\DATA_Sea_ice_drift_concentration\ice_conc_sh_polstere-100_amsr2_202508031200 (1).nc","8078048","23-09-2026 01:33:42","False"
"D:\SIH\IceBerg\dataSet\SIH\DATA_Sea_ice_drift_concentration\ice_conc_sh_polstere-100_amsr2_202508031200.nc","8078048","23-09-2026 00:05:34","False"
"D:\SIH\IceBerg\dataSet\SIH\DATA_Sea_ice_drift_concentration\ice_conc_sh_polstere-100_amsr2_202508041200 (1).nc","8124688","23-09-2026 01:33:44","False"
"D:\SIH\IceBerg\dataSet\SIH\DATA_Sea_ice_drift_concentration\ice_conc_sh_polstere-100_amsr2_202508041200.nc","8124688","23-09-2026 00:05:36","False"
"D:\SIH\IceBerg\dataSet\SIH\DATA_Sea_ice_drift_concentration\ice_conc_sh_polstere-100_amsr2_202508051200 (1).nc","8157831","23-09-2026 01:33:48","False"
"D:\SIH\IceBerg\dataSet\SIH\DATA_Sea_ice_drift_concentration\ice_conc_sh_polstere-100_amsr2_202508051200.nc","8157831","23-09-2026 00:05:38","False"
"D:\SIH\IceBerg\dataSet\SIH\DATA_Sea_ice_drift_concentration\ice_conc_sh_polstere-100_amsr2_202508061200 (1).nc","8081603","23-09-2026 01:33:52","False"
"D:\SIH\IceBerg\dataSet\SIH\DATA_Sea_ice_drift_concentration\ice_conc_sh_polstere-100_amsr2_202508061200.nc","8081603","23-09-2026 00:05:40","False"
"D:\SIH\IceBerg\dataSet\SIH\DATA_Sea_ice_drift_concentration\ice_conc_sh_polstere-100_amsr2_202508071200 (1).nc","8032651","23-09-2026 01:33:58","False"
"D:\SIH\IceBerg\dataSet\SIH\DATA_Sea_ice_drift_concentration\ice_conc_sh_polstere-100_amsr2_202508071200.nc","8032651","23-09-2026 00:05:42","False"
"D:\SIH\IceBerg\dataSet\SIH\DATA_Sea_ice_drift_concentration\ice_conc_sh_polstere-100_amsr2_202508081200 (1).nc","7975879","23-09-2026 01:34:04","False"
"D:\SIH\IceBerg\dataSet\SIH\DATA_Sea_ice_drift_concentration\ice_conc_sh_polstere-100_amsr2_202508081200.nc","7975879","23-09-2026 00:05:46","False"
"D:\SIH\IceBerg\dataSet\SIH\DATA_Sea_ice_drift_concentration\ice_conc_sh_polstere-100_amsr2_202508091200 (1).nc","8068988","23-09-2026 01:34:06","False"
"D:\SIH\IceBerg\dataSet\SIH\DATA_Sea_ice_drift_concentration\ice_conc_sh_polstere-100_amsr2_202508091200.nc","8068988","23-09-2026 00:05:48","False"
"D:\SIH\IceBerg\dataSet\SIH\DATA_Sea_ice_drift_concentration\ice_conc_sh_polstere-100_amsr2_202508101200 (1).nc","8040282","23-09-2026 01:34:08","False"
"D:\SIH\IceBerg\dataSet\SIH\DATA_Sea_ice_drift_concentration\ice_conc_sh_polstere-100_amsr2_202508101200.nc","8040282","23-09-2026 00:05:50","False"
"D:\SIH\IceBerg\dataSet\SIH\DATA_Sea_ice_drift_concentration\ice_conc_sh_polstere-100_amsr2_202508111200 (1).nc","8012945","23-09-2026 01:34:12","False"
"D:\SIH\IceBerg\dataSet\SIH\DATA_Sea_ice_drift_concentration\ice_conc_sh_polstere-100_amsr2_202508111200.nc","8012945","23-09-2026 00:05:54","False"
"D:\SIH\IceBerg\dataSet\SIH\DATA_Sea_ice_drift_concentration\ice_conc_sh_polstere-100_amsr2_202508121200 (1).nc","8124891","23-09-2026 01:34:18","False"
"D:\SIH\IceBerg\dataSet\SIH\DATA_Sea_ice_drift_concentration\ice_conc_sh_polstere-100_amsr2_202508121200.nc","8124891","23-09-2026 00:05:56","False"
"D:\SIH\IceBerg\dataSet\SIH\DATA_Sea_ice_drift_concentration\ice_conc_sh_polstere-100_amsr2_202508131200 (1).nc","8139302","23-09-2026 01:34:22","False"
"D:\SIH\IceBerg\dataSet\SIH\DATA_Sea_ice_drift_concentration\ice_conc_sh_polstere-100_amsr2_202508131200.nc","8139302","23-09-2026 00:06:00","False"
"D:\SIH\IceBerg\dataSet\SIH\DATA_Sea_ice_drift_concentration\ice_conc_sh_polstere-100_amsr2_202508141200 (1).nc","8162519","23-09-2026 01:34:26","False"
"D:\SIH\IceBerg\dataSet\SIH\DATA_Sea_ice_drift_concentration\ice_conc_sh_polstere-100_amsr2_202508141200.nc","8162519","23-09-2026 00:06:02","False"
"D:\SIH\IceBerg\dataSet\SIH\DATA_Sea_ice_drift_concentration\ice_conc_sh_polstere-100_amsr2_202508151200 (1).nc","8097217","23-09-2026 01:34:28","False"
"D:\SIH\IceBerg\dataSet\SIH\DATA_Sea_ice_drift_concentration\ice_conc_sh_polstere-100_amsr2_202508151200.nc","8097217","23-09-2026 00:06:04","False"
"D:\SIH\IceBerg\dataSet\SIH\DATA_Sea_ice_drift_concentration\ice_conc_sh_polstere-100_amsr2_202508161200 (1).nc","8004890","23-09-2026 01:34:32","False"
"D:\SIH\IceBerg\dataSet\SIH\DATA_Sea_ice_drift_concentration\ice_conc_sh_polstere-100_amsr2_202508161200.nc","8004890","23-09-2026 00:06:08","False"
"D:\SIH\IceBerg\dataSet\SIH\DATA_Sea_ice_drift_concentration\ice_conc_sh_polstere-100_amsr2_202508171200 (1).nc","8047132","23-09-2026 01:34:34","False"
"D:\SIH\IceBerg\dataSet\SIH\DATA_Sea_ice_drift_concentration\ice_conc_sh_polstere-100_amsr2_202508171200.nc","8047132","23-09-2026 00:06:10","False"
"D:\SIH\IceBerg\dataSet\SIH\DATA_Sea_ice_drift_concentration\ice_conc_sh_polstere-100_amsr2_202508181200 (1).nc","7993358","23-09-2026 01:34:40","False"
"D:\SIH\IceBerg\dataSet\SIH\DATA_Sea_ice_drift_concentration\ice_conc_sh_polstere-100_amsr2_202508181200.nc","7993358","23-09-2026 00:06:14","False"
"D:\SIH\IceBerg\dataSet\SIH\DATA_Sea_ice_drift_concentration\ice_conc_sh_polstere-100_amsr2_202508191200 (1).nc","8074750","23-09-2026 01:34:44","False"
"D:\SIH\IceBerg\dataSet\SIH\DATA_Sea_ice_drift_concentration\ice_conc_sh_polstere-100_amsr2_202508191200.nc","8074750","23-09-2026 00:06:16","False"
"D:\SIH\IceBerg\dataSet\SIH\DATA_Sea_ice_drift_concentration\ice_conc_sh_polstere-100_amsr2_202508201200 (1).nc","8022375","23-09-2026 01:34:46","False"
"D:\SIH\IceBerg\dataSet\SIH\DATA_Sea_ice_drift_concentration\ice_conc_sh_polstere-100_amsr2_202508201200.nc","8022375","23-09-2026 00:06:18","False"
"D:\SIH\IceBerg\dataSet\SIH\DATA_Sea_ice_drift_concentration\ice_conc_sh_polstere-100_amsr2_202508211200 (1).nc","8043125","23-09-2026 01:34:52","False"
"D:\SIH\IceBerg\dataSet\SIH\DATA_Sea_ice_drift_concentration\ice_conc_sh_polstere-100_amsr2_202508211200.nc","8043125","23-09-2026 00:06:22","False"
"D:\SIH\IceBerg\dataSet\SIH\DATA_Sea_ice_drift_concentration\ice_conc_sh_polstere-100_amsr2_202508221200 (1).nc","7984029","23-09-2026 01:34:56","False"
"D:\SIH\IceBerg\dataSet\SIH\DATA_Sea_ice_drift_concentration\ice_conc_sh_polstere-100_amsr2_202508221200.nc","7984029","23-09-2026 00:06:24","False"
"D:\SIH\IceBerg\dataSet\SIH\DATA_Sea_ice_drift_concentration\ice_conc_sh_polstere-100_amsr2_202508231200 (1).nc","8048928","23-09-2026 01:35:00","False"
"D:\SIH\IceBerg\dataSet\SIH\DATA_Sea_ice_drift_concentration\ice_conc_sh_polstere-100_amsr2_202508231200.nc","8048928","23-09-2026 00:06:28","False"
"D:\SIH\IceBerg\dataSet\SIH\DATA_Sea_ice_drift_concentration\ice_conc_sh_polstere-100_amsr2_202508241200 (1).nc","8101078","23-09-2026 01:35:04","False"
"D:\SIH\IceBerg\dataSet\SIH\DATA_Sea_ice_drift_concentration\ice_conc_sh_polstere-100_amsr2_202508241200.nc","8101078","23-09-2026 00:06:30","False"
"D:\SIH\IceBerg\dataSet\SIH\DATA_Sea_ice_drift_concentration\ice_conc_sh_polstere-100_amsr2_202508251200 (1).nc","8054592","23-09-2026 01:35:08","False"
"D:\SIH\IceBerg\dataSet\SIH\DATA_Sea_ice_drift_concentration\ice_conc_sh_polstere-100_amsr2_202508251200.nc","8054592","23-09-2026 00:06:34","False"
"D:\SIH\IceBerg\dataSet\SIH\DATA_Sea_ice_drift_concentration\ice_conc_sh_polstere-100_amsr2_202508261200 (1).nc","7976602","23-09-2026 01:35:12","False"
"D:\SIH\IceBerg\dataSet\SIH\DATA_Sea_ice_drift_concentration\ice_conc_sh_polstere-100_amsr2_202508261200.nc","7976602","23-09-2026 00:06:36","False"
"D:\SIH\IceBerg\dataSet\SIH\DATA_Sea_ice_drift_concentration\ice_conc_sh_polstere-100_amsr2_202508271200 (1).nc","7988006","23-09-2026 01:35:16","False"
"D:\SIH\IceBerg\dataSet\SIH\DATA_Sea_ice_drift_concentration\ice_conc_sh_polstere-100_amsr2_202508271200.nc","7988006","23-09-2026 00:06:40","False"
"D:\SIH\IceBerg\dataSet\SIH\DATA_Sea_ice_drift_concentration\ice_conc_sh_polstere-100_amsr2_202508281200 (1).nc","8093982","23-09-2026 01:35:18","False"
"D:\SIH\IceBerg\dataSet\SIH\DATA_Sea_ice_drift_concentration\ice_conc_sh_polstere-100_amsr2_202508281200.nc","8093982","23-09-2026 00:06:44","False"
"D:\SIH\IceBerg\dataSet\SIH\DATA_Sea_ice_drift_concentration\ice_conc_sh_polstere-100_amsr2_202508291200 (1).nc","8014198","23-09-2026 01:35:22","False"
"D:\SIH\IceBerg\dataSet\SIH\DATA_Sea_ice_drift_concentration\ice_conc_sh_polstere-100_amsr2_202508291200.nc","8014198","23-09-2026 00:06:46","False"
"D:\SIH\IceBerg\dataSet\SIH\DATA_Sea_ice_drift_concentration\ice_conc_sh_polstere-100_amsr2_202508301200 (1).nc","8120073","23-09-2026 01:35:24","False"
"D:\SIH\IceBerg\dataSet\SIH\DATA_Sea_ice_drift_concentration\ice_conc_sh_polstere-100_amsr2_202508301200.nc","8120073","23-09-2026 00:06:48","False"
"D:\SIH\IceBerg\dataSet\SIH\DATA_Sea_ice_drift_concentration\ice_conc_sh_polstere-100_amsr2_202508311200 (1).nc","8041468","23-09-2026 01:35:28","False"
"D:\SIH\IceBerg\dataSet\SIH\DATA_Sea_ice_drift_concentration\ice_conc_sh_polstere-100_amsr2_202508311200.nc","8041468","23-09-2026 00:06:50","False"
"D:\SIH\IceBerg\dataSet\SIH\DATA_Sea_ice_drift_concentration\ice_conc_sh_polstere-100_amsr2_202509011200 (1).nc","8134197","23-09-2026 01:35:50","False"
"D:\SIH\IceBerg\dataSet\SIH\DATA_Sea_ice_drift_concentration\ice_conc_sh_polstere-100_amsr2_202509011200.nc","8134197","23-09-2026 00:06:56","False"
"D:\SIH\IceBerg\dataSet\SIH\DATA_Sea_ice_drift_concentration\ice_conc_sh_polstere-100_amsr2_202509021200 (1).nc","8092345","23-09-2026 01:35:52","False"
"D:\SIH\IceBerg\dataSet\SIH\DATA_Sea_ice_drift_concentration\ice_conc_sh_polstere-100_amsr2_202509021200.nc","8092345","23-09-2026 00:07:00","False"
"D:\SIH\IceBerg\dataSet\SIH\DATA_Sea_ice_drift_concentration\ice_conc_sh_polstere-100_amsr2_202509031200 (1).nc","8042034","23-09-2026 01:35:54","False"
"D:\SIH\IceBerg\dataSet\SIH\DATA_Sea_ice_drift_concentration\ice_conc_sh_polstere-100_amsr2_202509031200.nc","8042034","23-09-2026 00:07:02","False"
"D:\SIH\IceBerg\dataSet\SIH\DATA_Sea_ice_drift_concentration\ice_conc_sh_polstere-100_amsr2_202509041200 (1).nc","8004989","23-09-2026 01:35:58","False"
"D:\SIH\IceBerg\dataSet\SIH\DATA_Sea_ice_drift_concentration\ice_conc_sh_polstere-100_amsr2_202509041200.nc","8004989","23-09-2026 00:07:06","False"
"D:\SIH\IceBerg\dataSet\SIH\DATA_Sea_ice_drift_concentration\ice_conc_sh_polstere-100_amsr2_202509051200 (1).nc","8000375","23-09-2026 01:36:02","False"
"D:\SIH\IceBerg\dataSet\SIH\DATA_Sea_ice_drift_concentration\ice_conc_sh_polstere-100_amsr2_202509051200.nc","8000375","23-09-2026 00:07:08","False"
"D:\SIH\IceBerg\dataSet\SIH\DATA_Sea_ice_drift_concentration\ice_conc_sh_polstere-100_amsr2_202509061200 (1).nc","8013222","23-09-2026 01:36:08","False"
"D:\SIH\IceBerg\dataSet\SIH\DATA_Sea_ice_drift_concentration\ice_conc_sh_polstere-100_amsr2_202509061200.nc","8013222","23-09-2026 00:07:12","False"
"D:\SIH\IceBerg\dataSet\SIH\DATA_Sea_ice_drift_concentration\ice_conc_sh_polstere-100_amsr2_202509071200 (1).nc","8035404","23-09-2026 01:36:14","False"
"D:\SIH\IceBerg\dataSet\SIH\DATA_Sea_ice_drift_concentration\ice_conc_sh_polstere-100_amsr2_202509071200.nc","8035404","23-09-2026 00:07:14","False"
"D:\SIH\IceBerg\dataSet\SIH\DATA_Sea_ice_drift_concentration\ice_conc_sh_polstere-100_amsr2_202509081200 (1).nc","8082013","23-09-2026 01:36:18","False"
"D:\SIH\IceBerg\dataSet\SIH\DATA_Sea_ice_drift_concentration\ice_conc_sh_polstere-100_amsr2_202509081200.nc","8082013","23-09-2026 00:07:16","False"
"D:\SIH\IceBerg\dataSet\SIH\DATA_Sea_ice_drift_concentration\ice_conc_sh_polstere-100_amsr2_202509091200 (1).nc","8056425","23-09-2026 01:36:22","False"
"D:\SIH\IceBerg\dataSet\SIH\DATA_Sea_ice_drift_concentration\ice_conc_sh_polstere-100_amsr2_202509091200.nc","8056425","23-09-2026 00:07:20","False"
"D:\SIH\IceBerg\dataSet\SIH\DATA_Sea_ice_drift_concentration\ice_conc_sh_polstere-100_amsr2_202509101200 (1).nc","7916651","23-09-2026 01:36:30","False"
"D:\SIH\IceBerg\dataSet\SIH\DATA_Sea_ice_drift_concentration\ice_conc_sh_polstere-100_amsr2_202509101200.nc","7916651","23-09-2026 00:07:22","False"
"D:\SIH\IceBerg\dataSet\SIH\DATA_Sea_ice_drift_concentration\ice_conc_sh_polstere-100_amsr2_202509111200 (1).nc","7917576","23-09-2026 01:36:34","False"
"D:\SIH\IceBerg\dataSet\SIH\DATA_Sea_ice_drift_concentration\ice_conc_sh_polstere-100_amsr2_202509111200.nc","7917576","23-09-2026 00:07:24","False"
"D:\SIH\IceBerg\dataSet\SIH\DATA_Sea_ice_drift_concentration\ice_conc_sh_polstere-100_amsr2_202509121200 (1).nc","7865540","23-09-2026 01:36:38","False"
"D:\SIH\IceBerg\dataSet\SIH\DATA_Sea_ice_drift_concentration\ice_conc_sh_polstere-100_amsr2_202509121200.nc","7865540","23-09-2026 00:07:28","False"
"D:\SIH\IceBerg\dataSet\SIH\DATA_Sea_ice_drift_concentration\ice_conc_sh_polstere-100_amsr2_202509131200 (1).nc","7915373","23-09-2026 01:36:42","False"
"D:\SIH\IceBerg\dataSet\SIH\DATA_Sea_ice_drift_concentration\ice_conc_sh_polstere-100_amsr2_202509131200.nc","7915373","23-09-2026 00:07:30","False"
"D:\SIH\IceBerg\dataSet\SIH\DATA_Sea_ice_drift_concentration\ice_conc_sh_polstere-100_amsr2_202509141200 (1).nc","7970012","23-09-2026 01:36:48","False"
"D:\SIH\IceBerg\dataSet\SIH\DATA_Sea_ice_drift_concentration\ice_conc_sh_polstere-100_amsr2_202509141200.nc","7970012","23-09-2026 00:07:34","False"
"D:\SIH\IceBerg\dataSet\SIH\DATA_Sea_ice_drift_concentration\ice_conc_sh_polstere-100_amsr2_202509151200 (1).nc","8058181","23-09-2026 01:36:52","False"
"D:\SIH\IceBerg\dataSet\SIH\DATA_Sea_ice_drift_concentration\ice_conc_sh_polstere-100_amsr2_202509151200.nc","8058181","23-09-2026 00:07:38","False"
"D:\SIH\IceBerg\dataSet\SIH\DATA_Sea_ice_drift_concentration\ice_conc_sh_polstere-100_amsr2_202509161200 (1).nc","8042984","23-09-2026 01:36:56","False"
"D:\SIH\IceBerg\dataSet\SIH\DATA_Sea_ice_drift_concentration\ice_conc_sh_polstere-100_amsr2_202509161200.nc","8042984","23-09-2026 00:07:40","False"
"D:\SIH\IceBerg\dataSet\SIH\DATA_Sea_ice_drift_concentration\ice_conc_sh_polstere-100_amsr2_202509171200 (1).nc","8148490","23-09-2026 01:36:58","False"
"D:\SIH\IceBerg\dataSet\SIH\DATA_Sea_ice_drift_concentration\ice_conc_sh_polstere-100_amsr2_202509171200.nc","8148490","23-09-2026 00:07:42","False"
"D:\SIH\IceBerg\dataSet\SIH\DATA_Sea_ice_drift_concentration\ice_conc_sh_polstere-100_amsr2_202509181200 (1).nc","6901240","23-09-2026 01:37:02","False"
"D:\SIH\IceBerg\dataSet\SIH\DATA_Sea_ice_drift_concentration\ice_conc_sh_polstere-100_amsr2_202509181200.nc","6901240","23-09-2026 00:07:44","False"
"D:\SIH\IceBerg\dataSet\SIH\DATA_Sea_ice_drift_concentration\ice_conc_sh_polstere-100_amsr2_202509191200 (1).nc","8089312","23-09-2026 01:37:06","False"
"D:\SIH\IceBerg\dataSet\SIH\DATA_Sea_ice_drift_concentration\ice_conc_sh_polstere-100_amsr2_202509191200.nc","8089312","23-09-2026 00:07:48","False"
"D:\SIH\IceBerg\dataSet\SIH\DATA_Sea_ice_drift_concentration\ice_conc_sh_polstere-100_amsr2_202509201200 (1).nc","8074194","23-09-2026 01:37:10","False"
"D:\SIH\IceBerg\dataSet\SIH\DATA_Sea_ice_drift_concentration\ice_conc_sh_polstere-100_amsr2_202509201200.nc","8074194","23-09-2026 00:07:50","False"
"D:\SIH\IceBerg\dataSet\SIH\DATA_Sea_ice_drift_concentration\ice_conc_sh_polstere-100_amsr2_202509211200 (1).nc","8080744","23-09-2026 01:37:14","False"
"D:\SIH\IceBerg\dataSet\SIH\DATA_Sea_ice_drift_concentration\ice_conc_sh_polstere-100_amsr2_202509211200.nc","8080744","23-09-2026 00:07:54","False"
"D:\SIH\IceBerg\dataSet\SIH\DATA_Sea_ice_drift_concentration\ice_conc_sh_polstere-100_amsr2_202509221200 (1).nc","6721278","23-09-2026 01:37:18","False"
"D:\SIH\IceBerg\dataSet\SIH\DATA_Sea_ice_drift_concentration\ice_conc_sh_polstere-100_amsr2_202509221200.nc","6721278","23-09-2026 00:07:56","False"
"D:\SIH\IceBerg\dataSet\SIH\DATA_Sea_ice_drift_concentration\ice_conc_sh_polstere-100_amsr2_202509231200 (1).nc","7814958","23-09-2026 01:37:22","False"
"D:\SIH\IceBerg\dataSet\SIH\DATA_Sea_ice_drift_concentration\ice_conc_sh_polstere-100_amsr2_202509231200.nc","7814958","23-09-2026 00:08:00","False"
"D:\SIH\IceBerg\dataSet\SIH\DATA_Sea_ice_drift_concentration\ice_conc_sh_polstere-100_amsr2_202509241200 (1).nc","8056967","23-09-2026 01:37:24","False"
"D:\SIH\IceBerg\dataSet\SIH\DATA_Sea_ice_drift_concentration\ice_conc_sh_polstere-100_amsr2_202509241200.nc","8056967","23-09-2026 00:08:02","False"
"D:\SIH\IceBerg\dataSet\SIH\DATA_Sea_ice_drift_concentration\ice_conc_sh_polstere-100_amsr2_202509251200 (1).nc","8103718","23-09-2026 01:37:28","False"
"D:\SIH\IceBerg\dataSet\SIH\DATA_Sea_ice_drift_concentration\ice_conc_sh_polstere-100_amsr2_202509251200.nc","8103718","23-09-2026 00:08:04","False"
"D:\SIH\IceBerg\dataSet\SIH\DATA_Sea_ice_drift_concentration\ice_conc_sh_polstere-100_amsr2_202509261200 (1).nc","8099477","23-09-2026 01:37:32","False"
"D:\SIH\IceBerg\dataSet\SIH\DATA_Sea_ice_drift_concentration\ice_conc_sh_polstere-100_amsr2_202509261200.nc","8099477","23-09-2026 00:08:08","False"
"D:\SIH\IceBerg\dataSet\SIH\DATA_Sea_ice_drift_concentration\ice_conc_sh_polstere-100_amsr2_202509271200 (1).nc","8099009","23-09-2026 01:37:38","False"
"D:\SIH\IceBerg\dataSet\SIH\DATA_Sea_ice_drift_concentration\ice_conc_sh_polstere-100_amsr2_202509271200.nc","8099009","23-09-2026 00:08:10","False"
"D:\SIH\IceBerg\dataSet\SIH\DATA_Sea_ice_drift_concentration\ice_conc_sh_polstere-100_amsr2_202509281200 (1).nc","8108583","23-09-2026 01:37:42","False"
"D:\SIH\IceBerg\dataSet\SIH\DATA_Sea_ice_drift_concentration\ice_conc_sh_polstere-100_amsr2_202509281200.nc","8108583","23-09-2026 00:08:12","False"
"D:\SIH\IceBerg\dataSet\SIH\DATA_Sea_ice_drift_concentration\ice_conc_sh_polstere-100_amsr2_202509291200 (1).nc","8045993","23-09-2026 01:37:44","False"
"D:\SIH\IceBerg\dataSet\SIH\DATA_Sea_ice_drift_concentration\ice_conc_sh_polstere-100_amsr2_202509291200.nc","8045993","23-09-2026 00:08:14","False"
"D:\SIH\IceBerg\dataSet\SIH\DATA_Sea_ice_drift_concentration\ice_conc_sh_polstere-100_amsr2_202509301200 (1).nc","8036935","23-09-2026 01:37:48","False"
"D:\SIH\IceBerg\dataSet\SIH\DATA_Sea_ice_drift_concentration\ice_conc_sh_polstere-100_amsr2_202509301200.nc","8036935","23-09-2026 00:08:18","False"
"D:\SIH\IceBerg\dataSet\SIH\DATA_Sea_ice_drift_concentration\ice_conc_sh_polstere-100_amsr2_202510011200 (1).nc","8064683","23-09-2026 01:38:00","False"
"D:\SIH\IceBerg\dataSet\SIH\DATA_Sea_ice_drift_concentration\ice_conc_sh_polstere-100_amsr2_202510011200.nc","8064683","23-09-2026 00:09:56","False"
"D:\SIH\IceBerg\dataSet\SIH\DATA_Sea_ice_drift_concentration\ice_conc_sh_polstere-100_amsr2_202510021200 (1).nc","8043686","23-09-2026 01:38:04","False"
"D:\SIH\IceBerg\dataSet\SIH\DATA_Sea_ice_drift_concentration\ice_conc_sh_polstere-100_amsr2_202510021200.nc","8043686","23-09-2026 00:09:58","False"
"D:\SIH\IceBerg\dataSet\SIH\DATA_Sea_ice_drift_concentration\ice_conc_sh_polstere-100_amsr2_202510031200 (1).nc","8085405","23-09-2026 01:38:08","False"
"D:\SIH\IceBerg\dataSet\SIH\DATA_Sea_ice_drift_concentration\ice_conc_sh_polstere-100_amsr2_202510031200.nc","8085405","23-09-2026 00:10:00","False"
"D:\SIH\IceBerg\dataSet\SIH\DATA_Sea_ice_drift_concentration\ice_conc_sh_polstere-100_amsr2_202510041200 (1).nc","8039337","23-09-2026 01:38:14","False"
"D:\SIH\IceBerg\dataSet\SIH\DATA_Sea_ice_drift_concentration\ice_conc_sh_polstere-100_amsr2_202510041200.nc","8039337","23-09-2026 00:10:04","False"
"D:\SIH\IceBerg\dataSet\SIH\DATA_Sea_ice_drift_concentration\ice_conc_sh_polstere-100_amsr2_202510051200 (1).nc","8131929","23-09-2026 01:38:18","False"
"D:\SIH\IceBerg\dataSet\SIH\DATA_Sea_ice_drift_concentration\ice_conc_sh_polstere-100_amsr2_202510051200.nc","8131929","23-09-2026 00:10:06","False"
"D:\SIH\IceBerg\dataSet\SIH\DATA_Sea_ice_drift_concentration\ice_conc_sh_polstere-100_amsr2_202510061200 (1).nc","8097772","23-09-2026 01:38:22","False"
"D:\SIH\IceBerg\dataSet\SIH\DATA_Sea_ice_drift_concentration\ice_conc_sh_polstere-100_amsr2_202510061200.nc","8097772","23-09-2026 00:10:08","False"
"D:\SIH\IceBerg\dataSet\SIH\DATA_Sea_ice_drift_concentration\ice_conc_sh_polstere-100_amsr2_202510071200 (1).nc","8114604","23-09-2026 01:38:28","False"
"D:\SIH\IceBerg\dataSet\SIH\DATA_Sea_ice_drift_concentration\ice_conc_sh_polstere-100_amsr2_202510071200.nc","8114604","23-09-2026 00:10:12","False"
"D:\SIH\IceBerg\dataSet\SIH\DATA_Sea_ice_drift_concentration\ice_conc_sh_polstere-100_amsr2_202510081200 (1).nc","8084921","23-09-2026 01:38:32","False"
"D:\SIH\IceBerg\dataSet\SIH\DATA_Sea_ice_drift_concentration\ice_conc_sh_polstere-100_amsr2_202510081200.nc","8084921","23-09-2026 00:10:14","False"
"D:\SIH\IceBerg\dataSet\SIH\DATA_Sea_ice_drift_concentration\ice_conc_sh_polstere-100_amsr2_202510091200 (1).nc","8082682","23-09-2026 01:38:36","False"
"D:\SIH\IceBerg\dataSet\SIH\DATA_Sea_ice_drift_concentration\ice_conc_sh_polstere-100_amsr2_202510091200.nc","8082682","23-09-2026 00:10:16","False"
"D:\SIH\IceBerg\dataSet\SIH\DATA_Sea_ice_drift_concentration\ice_conc_sh_polstere-100_amsr2_202510101200 (1).nc","8113876","23-09-2026 01:38:40","False"
"D:\SIH\IceBerg\dataSet\SIH\DATA_Sea_ice_drift_concentration\ice_conc_sh_polstere-100_amsr2_202510101200.nc","8113876","23-09-2026 00:10:18","False"
"D:\SIH\IceBerg\dataSet\SIH\DATA_Sea_ice_drift_concentration\ice_conc_sh_polstere-100_amsr2_202510111200 (1).nc","8122372","23-09-2026 01:38:42","False"
"D:\SIH\IceBerg\dataSet\SIH\DATA_Sea_ice_drift_concentration\ice_conc_sh_polstere-100_amsr2_202510111200.nc","8122372","23-09-2026 00:10:22","False"
"D:\SIH\IceBerg\dataSet\SIH\DATA_Sea_ice_drift_concentration\ice_conc_sh_polstere-100_amsr2_202510121200 (1).nc","8072228","23-09-2026 01:38:46","False"
"D:\SIH\IceBerg\dataSet\SIH\DATA_Sea_ice_drift_concentration\ice_conc_sh_polstere-100_amsr2_202510121200.nc","8072228","23-09-2026 00:10:24","False"
"D:\SIH\IceBerg\dataSet\SIH\DATA_Sea_ice_drift_concentration\ice_conc_sh_polstere-100_amsr2_202510131200 (1).nc","7986567","23-09-2026 01:38:50","False"
"D:\SIH\IceBerg\dataSet\SIH\DATA_Sea_ice_drift_concentration\ice_conc_sh_polstere-100_amsr2_202510131200.nc","7986567","23-09-2026 00:10:26","False"
"D:\SIH\IceBerg\dataSet\SIH\DATA_Sea_ice_drift_concentration\ice_conc_sh_polstere-100_amsr2_202510141200 (1).nc","8058410","23-09-2026 01:38:56","False"
"D:\SIH\IceBerg\dataSet\SIH\DATA_Sea_ice_drift_concentration\ice_conc_sh_polstere-100_amsr2_202510141200.nc","8058410","23-09-2026 00:10:28","False"
"D:\SIH\IceBerg\dataSet\SIH\DATA_Sea_ice_drift_concentration\ice_conc_sh_polstere-100_amsr2_202510151200 (1).nc","8019248","23-09-2026 01:39:00","False"
"D:\SIH\IceBerg\dataSet\SIH\DATA_Sea_ice_drift_concentration\ice_conc_sh_polstere-100_amsr2_202510151200.nc","8019248","23-09-2026 00:10:32","False"
"D:\SIH\IceBerg\dataSet\SIH\DATA_Sea_ice_drift_concentration\ice_conc_sh_polstere-100_amsr2_202510161200 (1).nc","8057349","23-09-2026 01:39:04","False"
"D:\SIH\IceBerg\dataSet\SIH\DATA_Sea_ice_drift_concentration\ice_conc_sh_polstere-100_amsr2_202510161200.nc","8057349","23-09-2026 00:10:36","False"
"D:\SIH\IceBerg\dataSet\SIH\DATA_Sea_ice_drift_concentration\ice_conc_sh_polstere-100_amsr2_202510171200 (1).nc","8044705","23-09-2026 01:39:08","False"
"D:\SIH\IceBerg\dataSet\SIH\DATA_Sea_ice_drift_concentration\ice_conc_sh_polstere-100_amsr2_202510171200.nc","8044705","23-09-2026 00:10:38","False"
"D:\SIH\IceBerg\dataSet\SIH\DATA_Sea_ice_drift_concentration\ice_conc_sh_polstere-100_amsr2_202510181200 (1).nc","8055635","23-09-2026 01:39:10","False"
"D:\SIH\IceBerg\dataSet\SIH\DATA_Sea_ice_drift_concentration\ice_conc_sh_polstere-100_amsr2_202510181200.nc","8055635","23-09-2026 00:10:42","False"
"D:\SIH\IceBerg\dataSet\SIH\DATA_Sea_ice_drift_concentration\ice_conc_sh_polstere-100_amsr2_202510191200 (1).nc","8170970","23-09-2026 01:39:14","False"
"D:\SIH\IceBerg\dataSet\SIH\DATA_Sea_ice_drift_concentration\ice_conc_sh_polstere-100_amsr2_202510191200.nc","8170970","23-09-2026 00:10:46","False"
"D:\SIH\IceBerg\dataSet\SIH\DATA_Sea_ice_drift_concentration\ice_conc_sh_polstere-100_amsr2_202510201200 (1).nc","8130604","23-09-2026 01:39:16","False"
"D:\SIH\IceBerg\dataSet\SIH\DATA_Sea_ice_drift_concentration\ice_conc_sh_polstere-100_amsr2_202510201200.nc","8130604","23-09-2026 00:10:48","False"
"D:\SIH\IceBerg\dataSet\SIH\DATA_Sea_ice_drift_concentration\ice_conc_sh_polstere-100_amsr2_202510211200 (1).nc","8099857","23-09-2026 01:39:20","False"
"D:\SIH\IceBerg\dataSet\SIH\DATA_Sea_ice_drift_concentration\ice_conc_sh_polstere-100_amsr2_202510211200.nc","8099857","23-09-2026 00:10:50","False"
"D:\SIH\IceBerg\dataSet\SIH\DATA_Sea_ice_drift_concentration\ice_conc_sh_polstere-100_amsr2_202510221200 (1).nc","8031562","23-09-2026 01:39:22","False"
"D:\SIH\IceBerg\dataSet\SIH\DATA_Sea_ice_drift_concentration\ice_conc_sh_polstere-100_amsr2_202510221200.nc","8031562","23-09-2026 00:10:52","False"
"D:\SIH\IceBerg\dataSet\SIH\DATA_Sea_ice_drift_concentration\ice_conc_sh_polstere-100_amsr2_202510231200 (1).nc","8042211","23-09-2026 01:39:26","False"
"D:\SIH\IceBerg\dataSet\SIH\DATA_Sea_ice_drift_concentration\ice_conc_sh_polstere-100_amsr2_202510231200.nc","8042211","23-09-2026 00:10:54","False"
"D:\SIH\IceBerg\dataSet\SIH\DATA_Sea_ice_drift_concentration\ice_conc_sh_polstere-100_amsr2_202510241200 (1).nc","8078316","23-09-2026 01:39:28","False"
"D:\SIH\IceBerg\dataSet\SIH\DATA_Sea_ice_drift_concentration\ice_conc_sh_polstere-100_amsr2_202510241200.nc","8078316","23-09-2026 00:10:58","False"
"D:\SIH\IceBerg\dataSet\SIH\DATA_Sea_ice_drift_concentration\ice_conc_sh_polstere-100_amsr2_202510251200 (1).nc","8114055","23-09-2026 01:39:32","False"
"D:\SIH\IceBerg\dataSet\SIH\DATA_Sea_ice_drift_concentration\ice_conc_sh_polstere-100_amsr2_202510251200.nc","8114055","23-09-2026 00:11:00","False"
"D:\SIH\IceBerg\dataSet\SIH\DATA_Sea_ice_drift_concentration\ice_conc_sh_polstere-100_amsr2_202510261200 (1).nc","8136912","23-09-2026 01:39:36","False"
"D:\SIH\IceBerg\dataSet\SIH\DATA_Sea_ice_drift_concentration\ice_conc_sh_polstere-100_amsr2_202510261200.nc","8136912","23-09-2026 00:11:04","False"
"D:\SIH\IceBerg\dataSet\SIH\DATA_Sea_ice_drift_concentration\ice_conc_sh_polstere-100_amsr2_202510271200 (1).nc","8171344","23-09-2026 01:39:40","False"
"D:\SIH\IceBerg\dataSet\SIH\DATA_Sea_ice_drift_concentration\ice_conc_sh_polstere-100_amsr2_202510271200.nc","8171344","23-09-2026 00:11:06","False"
"D:\SIH\IceBerg\dataSet\SIH\DATA_Sea_ice_drift_concentration\ice_conc_sh_polstere-100_amsr2_202510281200 (1).nc","8164620","23-09-2026 01:39:44","False"
"D:\SIH\IceBerg\dataSet\SIH\DATA_Sea_ice_drift_concentration\ice_conc_sh_polstere-100_amsr2_202510281200.nc","8164620","23-09-2026 00:11:08","False"
"D:\SIH\IceBerg\dataSet\SIH\DATA_Sea_ice_drift_concentration\ice_conc_sh_polstere-100_amsr2_202510291200 (1).nc","8173391","23-09-2026 01:39:48","False"
"D:\SIH\IceBerg\dataSet\SIH\DATA_Sea_ice_drift_concentration\ice_conc_sh_polstere-100_amsr2_202510291200.nc","8173391","23-09-2026 00:11:10","False"
"D:\SIH\IceBerg\dataSet\SIH\DATA_Sea_ice_drift_concentration\ice_conc_sh_polstere-100_amsr2_202510301200 (1).nc","8145842","23-09-2026 01:39:50","False"
"D:\SIH\IceBerg\dataSet\SIH\DATA_Sea_ice_drift_concentration\ice_conc_sh_polstere-100_amsr2_202510301200.nc","8145842","23-09-2026 00:11:12","False"
"D:\SIH\IceBerg\dataSet\SIH\DATA_Sea_ice_drift_concentration\ice_conc_sh_polstere-100_amsr2_202510311200 (1).nc","8219848","23-09-2026 01:39:52","False"
"D:\SIH\IceBerg\dataSet\SIH\DATA_Sea_ice_drift_concentration\ice_conc_sh_polstere-100_amsr2_202510311200.nc","8219848","23-09-2026 00:11:14","False"
"D:\SIH\IceBerg\dataSet\SIH\DATA_Sea_ice_drift_concentration\ice_conc_sh_polstere-100_amsr2_202511011200 (1).nc","8257538","23-09-2026 01:40:32","False"
"D:\SIH\IceBerg\dataSet\SIH\DATA_Sea_ice_drift_concentration\ice_conc_sh_polstere-100_amsr2_202511011200.nc","8257538","23-09-2026 00:12:32","False"
"D:\SIH\IceBerg\dataSet\SIH\DATA_Sea_ice_drift_concentration\ice_conc_sh_polstere-100_amsr2_202511021200 (1).nc","8283403","23-09-2026 01:40:34","False"
"D:\SIH\IceBerg\dataSet\SIH\DATA_Sea_ice_drift_concentration\ice_conc_sh_polstere-100_amsr2_202511021200.nc","8283403","23-09-2026 00:12:36","False"
"D:\SIH\IceBerg\dataSet\SIH\DATA_Sea_ice_drift_concentration\ice_conc_sh_polstere-100_amsr2_202511031200 (1).nc","8258211","23-09-2026 01:40:38","False"
"D:\SIH\IceBerg\dataSet\SIH\DATA_Sea_ice_drift_concentration\ice_conc_sh_polstere-100_amsr2_202511031200.nc","8258211","23-09-2026 00:12:38","False"
"D:\SIH\IceBerg\dataSet\SIH\DATA_Sea_ice_drift_concentration\ice_conc_sh_polstere-100_amsr2_202511041200 (1).nc","8251708","23-09-2026 01:40:40","False"
"D:\SIH\IceBerg\dataSet\SIH\DATA_Sea_ice_drift_concentration\ice_conc_sh_polstere-100_amsr2_202511041200.nc","8251708","23-09-2026 00:12:40","False"
"D:\SIH\IceBerg\dataSet\SIH\DATA_Sea_ice_drift_concentration\ice_conc_sh_polstere-100_amsr2_202511051200 (1).nc","8231056","23-09-2026 01:40:44","False"
"D:\SIH\IceBerg\dataSet\SIH\DATA_Sea_ice_drift_concentration\ice_conc_sh_polstere-100_amsr2_202511051200.nc","8231056","23-09-2026 00:12:42","False"
"D:\SIH\IceBerg\dataSet\SIH\DATA_Sea_ice_drift_concentration\ice_conc_sh_polstere-100_amsr2_202511061200 (1).nc","8216780","23-09-2026 01:40:48","False"
"D:\SIH\IceBerg\dataSet\SIH\DATA_Sea_ice_drift_concentration\ice_conc_sh_polstere-100_amsr2_202511061200.nc","8216780","23-09-2026 00:12:46","False"
"D:\SIH\IceBerg\dataSet\SIH\DATA_Sea_ice_drift_concentration\ice_conc_sh_polstere-100_amsr2_202511071200 (1).nc","8140581","23-09-2026 01:40:52","False"
"D:\SIH\IceBerg\dataSet\SIH\DATA_Sea_ice_drift_concentration\ice_conc_sh_polstere-100_amsr2_202511071200.nc","8140581","23-09-2026 00:12:48","False"
"D:\SIH\IceBerg\dataSet\SIH\DATA_Sea_ice_drift_concentration\ice_conc_sh_polstere-100_amsr2_202511081200 (1).nc","8207720","23-09-2026 01:40:56","False"
"D:\SIH\IceBerg\dataSet\SIH\DATA_Sea_ice_drift_concentration\ice_conc_sh_polstere-100_amsr2_202511081200.nc","8207720","23-09-2026 00:12:50","False"
"D:\SIH\IceBerg\dataSet\SIH\DATA_Sea_ice_drift_concentration\ice_conc_sh_polstere-100_amsr2_202511091200 (1).nc","8245862","23-09-2026 01:41:00","False"
"D:\SIH\IceBerg\dataSet\SIH\DATA_Sea_ice_drift_concentration\ice_conc_sh_polstere-100_amsr2_202511091200.nc","8245862","23-09-2026 00:12:52","False"
"D:\SIH\IceBerg\dataSet\SIH\DATA_Sea_ice_drift_concentration\ice_conc_sh_polstere-100_amsr2_202511101200 (1).nc","8194100","23-09-2026 01:41:04","False"
"D:\SIH\IceBerg\dataSet\SIH\DATA_Sea_ice_drift_concentration\ice_conc_sh_polstere-100_amsr2_202511101200.nc","8194100","23-09-2026 00:12:56","False"
"D:\SIH\IceBerg\dataSet\SIH\DATA_Sea_ice_drift_concentration\ice_conc_sh_polstere-100_amsr2_202511111200 (1).nc","8106013","23-09-2026 01:41:06","False"
"D:\SIH\IceBerg\dataSet\SIH\DATA_Sea_ice_drift_concentration\ice_conc_sh_polstere-100_amsr2_202511111200.nc","8106013","23-09-2026 00:12:58","False"
"D:\SIH\IceBerg\dataSet\SIH\DATA_Sea_ice_drift_concentration\ice_conc_sh_polstere-100_amsr2_202511121200 (1).nc","8090907","23-09-2026 01:41:10","False"
"D:\SIH\IceBerg\dataSet\SIH\DATA_Sea_ice_drift_concentration\ice_conc_sh_polstere-100_amsr2_202511121200.nc","8090907","23-09-2026 00:13:00","False"
"D:\SIH\IceBerg\dataSet\SIH\DATA_Sea_ice_drift_concentration\ice_conc_sh_polstere-100_amsr2_202511131200 (1).nc","8078499","23-09-2026 01:41:14","False"
"D:\SIH\IceBerg\dataSet\SIH\DATA_Sea_ice_drift_concentration\ice_conc_sh_polstere-100_amsr2_202511131200.nc","8078499","23-09-2026 00:13:04","False"
"D:\SIH\IceBerg\dataSet\SIH\DATA_Sea_ice_drift_concentration\ice_conc_sh_polstere-100_amsr2_202511141200 (1).nc","8117331","23-09-2026 01:41:18","False"
"D:\SIH\IceBerg\dataSet\SIH\DATA_Sea_ice_drift_concentration\ice_conc_sh_polstere-100_amsr2_202511141200.nc","8117331","23-09-2026 00:13:06","False"
"D:\SIH\IceBerg\dataSet\SIH\DATA_Sea_ice_drift_concentration\ice_conc_sh_polstere-100_amsr2_202511151200 (1).nc","8153841","23-09-2026 01:41:22","False"
"D:\SIH\IceBerg\dataSet\SIH\DATA_Sea_ice_drift_concentration\ice_conc_sh_polstere-100_amsr2_202511151200.nc","8153841","23-09-2026 00:13:10","False"
"D:\SIH\IceBerg\dataSet\SIH\DATA_Sea_ice_drift_concentration\ice_conc_sh_polstere-100_amsr2_202511161200 (1).nc","8157476","23-09-2026 01:41:24","False"
"D:\SIH\IceBerg\dataSet\SIH\DATA_Sea_ice_drift_concentration\ice_conc_sh_polstere-100_amsr2_202511161200.nc","8157476","23-09-2026 00:13:12","False"
"D:\SIH\IceBerg\dataSet\SIH\DATA_Sea_ice_drift_concentration\ice_conc_sh_polstere-100_amsr2_202511171200 (1).nc","8184001","23-09-2026 01:41:28","False"
"D:\SIH\IceBerg\dataSet\SIH\DATA_Sea_ice_drift_concentration\ice_conc_sh_polstere-100_amsr2_202511171200.nc","8184001","23-09-2026 00:13:14","False"
"D:\SIH\IceBerg\dataSet\SIH\DATA_Sea_ice_drift_concentration\ice_conc_sh_polstere-100_amsr2_202511181200 (1).nc","8175777","23-09-2026 01:41:32","False"
"D:\SIH\IceBerg\dataSet\SIH\DATA_Sea_ice_drift_concentration\ice_conc_sh_polstere-100_amsr2_202511181200.nc","8175777","23-09-2026 00:13:18","False"
"D:\SIH\IceBerg\dataSet\SIH\DATA_Sea_ice_drift_concentration\ice_conc_sh_polstere-100_amsr2_202511191200 (1).nc","8155313","23-09-2026 01:41:36","False"
"D:\SIH\IceBerg\dataSet\SIH\DATA_Sea_ice_drift_concentration\ice_conc_sh_polstere-100_amsr2_202511191200.nc","8155313","23-09-2026 00:13:20","False"
"D:\SIH\IceBerg\dataSet\SIH\DATA_Sea_ice_drift_concentration\ice_conc_sh_polstere-100_amsr2_202511201200 (1).nc","8178128","23-09-2026 01:41:40","False"
"D:\SIH\IceBerg\dataSet\SIH\DATA_Sea_ice_drift_concentration\ice_conc_sh_polstere-100_amsr2_202511201200.nc","8178128","23-09-2026 00:13:22","False"
"D:\SIH\IceBerg\dataSet\SIH\DATA_Sea_ice_drift_concentration\ice_conc_sh_polstere-100_amsr2_202511211200 (1).nc","8117489","23-09-2026 01:41:46","False"
"D:\SIH\IceBerg\dataSet\SIH\DATA_Sea_ice_drift_concentration\ice_conc_sh_polstere-100_amsr2_202511211200.nc","8117489","23-09-2026 00:13:26","False"
"D:\SIH\IceBerg\dataSet\SIH\DATA_Sea_ice_drift_concentration\ice_conc_sh_polstere-100_amsr2_202511221200 (1).nc","8104637","23-09-2026 01:41:50","False"
"D:\SIH\IceBerg\dataSet\SIH\DATA_Sea_ice_drift_concentration\ice_conc_sh_polstere-100_amsr2_202511221200.nc","8104637","23-09-2026 00:13:30","False"
"D:\SIH\IceBerg\dataSet\SIH\DATA_Sea_ice_drift_concentration\ice_conc_sh_polstere-100_amsr2_202511231200 (1).nc","8094267","23-09-2026 01:41:54","False"
"D:\SIH\IceBerg\dataSet\SIH\DATA_Sea_ice_drift_concentration\ice_conc_sh_polstere-100_amsr2_202511231200.nc","8094267","23-09-2026 00:13:32","False"
"D:\SIH\IceBerg\dataSet\SIH\DATA_Sea_ice_drift_concentration\ice_conc_sh_polstere-100_amsr2_202511241200 (1).nc","8138064","23-09-2026 01:41:58","False"
"D:\SIH\IceBerg\dataSet\SIH\DATA_Sea_ice_drift_concentration\ice_conc_sh_polstere-100_amsr2_202511241200.nc","8138064","23-09-2026 00:13:36","False"
"D:\SIH\IceBerg\dataSet\SIH\DATA_Sea_ice_drift_concentration\ice_conc_sh_polstere-100_amsr2_202511251200 (1).nc","8173487","23-09-2026 01:42:02","False"
"D:\SIH\IceBerg\dataSet\SIH\DATA_Sea_ice_drift_concentration\ice_conc_sh_polstere-100_amsr2_202511251200.nc","8173487","23-09-2026 00:13:40","False"
"D:\SIH\IceBerg\dataSet\SIH\DATA_Sea_ice_drift_concentration\ice_conc_sh_polstere-100_amsr2_202511261200 (1).nc","8137092","23-09-2026 01:42:06","False"
"D:\SIH\IceBerg\dataSet\SIH\DATA_Sea_ice_drift_concentration\ice_conc_sh_polstere-100_amsr2_202511261200.nc","8137092","23-09-2026 00:13:42","False"
"D:\SIH\IceBerg\dataSet\SIH\DATA_Sea_ice_drift_concentration\ice_conc_sh_polstere-100_amsr2_202511271200 (1).nc","8086256","23-09-2026 01:42:10","False"
"D:\SIH\IceBerg\dataSet\SIH\DATA_Sea_ice_drift_concentration\ice_conc_sh_polstere-100_amsr2_202511271200.nc","8086256","23-09-2026 00:13:44","False"
"D:\SIH\IceBerg\dataSet\SIH\DATA_Sea_ice_drift_concentration\ice_conc_sh_polstere-100_amsr2_202511281200 (1).nc","8074126","23-09-2026 01:42:12","False"
"D:\SIH\IceBerg\dataSet\SIH\DATA_Sea_ice_drift_concentration\ice_conc_sh_polstere-100_amsr2_202511281200.nc","8074126","23-09-2026 00:13:46","False"
"D:\SIH\IceBerg\dataSet\SIH\DATA_Sea_ice_drift_concentration\ice_conc_sh_polstere-100_amsr2_202511291200 (1).nc","8120704","23-09-2026 01:42:16","False"
"D:\SIH\IceBerg\dataSet\SIH\DATA_Sea_ice_drift_concentration\ice_conc_sh_polstere-100_amsr2_202511291200.nc","8120704","23-09-2026 00:13:50","False"
"D:\SIH\IceBerg\dataSet\SIH\DATA_Sea_ice_drift_concentration\ice_conc_sh_polstere-100_amsr2_202511301200 (1).nc","8063988","23-09-2026 01:42:20","False"
"D:\SIH\IceBerg\dataSet\SIH\DATA_Sea_ice_drift_concentration\ice_conc_sh_polstere-100_amsr2_202511301200.nc","8063988","23-09-2026 00:13:54","False"
"D:\SIH\IceBerg\dataSet\SIH\DATA_Sea_ice_drift_concentration\ice_conc_sh_polstere-100_amsr2_202512011200 (1).nc","8137193","23-09-2026 01:43:00","False"
"D:\SIH\IceBerg\dataSet\SIH\DATA_Sea_ice_drift_concentration\ice_conc_sh_polstere-100_amsr2_202512011200.nc","8137193","23-09-2026 00:14:06","False"
"D:\SIH\IceBerg\dataSet\SIH\DATA_Sea_ice_drift_concentration\ice_conc_sh_polstere-100_amsr2_202512021200 (1).nc","8105904","23-09-2026 01:43:02","False"
"D:\SIH\IceBerg\dataSet\SIH\DATA_Sea_ice_drift_concentration\ice_conc_sh_polstere-100_amsr2_202512021200.nc","8105904","23-09-2026 00:14:08","False"
"D:\SIH\IceBerg\dataSet\SIH\DATA_Sea_ice_drift_concentration\ice_conc_sh_polstere-100_amsr2_202512031200 (1).nc","7983324","23-09-2026 01:43:06","False"
"D:\SIH\IceBerg\dataSet\SIH\DATA_Sea_ice_drift_concentration\ice_conc_sh_polstere-100_amsr2_202512031200.nc","7983324","23-09-2026 00:14:10","False"
"D:\SIH\IceBerg\dataSet\SIH\DATA_Sea_ice_drift_concentration\ice_conc_sh_polstere-100_amsr2_202512041200 (1).nc","7979952","23-09-2026 01:43:10","False"
"D:\SIH\IceBerg\dataSet\SIH\DATA_Sea_ice_drift_concentration\ice_conc_sh_polstere-100_amsr2_202512041200.nc","7979952","23-09-2026 00:14:12","False"
"D:\SIH\IceBerg\dataSet\SIH\DATA_Sea_ice_drift_concentration\ice_conc_sh_polstere-100_amsr2_202512051200 (1).nc","8112673","23-09-2026 01:43:12","False"
"D:\SIH\IceBerg\dataSet\SIH\DATA_Sea_ice_drift_concentration\ice_conc_sh_polstere-100_amsr2_202512051200.nc","8112673","23-09-2026 00:14:16","False"
"D:\SIH\IceBerg\dataSet\SIH\DATA_Sea_ice_drift_concentration\ice_conc_sh_polstere-100_amsr2_202512061200 (1).nc","8101347","23-09-2026 01:43:16","False"
"D:\SIH\IceBerg\dataSet\SIH\DATA_Sea_ice_drift_concentration\ice_conc_sh_polstere-100_amsr2_202512061200.nc","8101347","23-09-2026 00:14:18","False"
"D:\SIH\IceBerg\dataSet\SIH\DATA_Sea_ice_drift_concentration\ice_conc_sh_polstere-100_amsr2_202512071200 (1).nc","8041641","23-09-2026 01:43:18","False"
"D:\SIH\IceBerg\dataSet\SIH\DATA_Sea_ice_drift_concentration\ice_conc_sh_polstere-100_amsr2_202512071200.nc","8041641","23-09-2026 00:14:20","False"
"D:\SIH\IceBerg\dataSet\SIH\DATA_Sea_ice_drift_concentration\ice_conc_sh_polstere-100_amsr2_202512081200 (1).nc","8162750","23-09-2026 01:43:22","False"
"D:\SIH\IceBerg\dataSet\SIH\DATA_Sea_ice_drift_concentration\ice_conc_sh_polstere-100_amsr2_202512081200.nc","8162750","23-09-2026 00:14:24","False"
"D:\SIH\IceBerg\dataSet\SIH\DATA_Sea_ice_drift_concentration\ice_conc_sh_polstere-100_amsr2_202512091200 (1).nc","8203391","23-09-2026 01:43:28","False"
"D:\SIH\IceBerg\dataSet\SIH\DATA_Sea_ice_drift_concentration\ice_conc_sh_polstere-100_amsr2_202512091200.nc","8203391","23-09-2026 00:14:26","False"
"D:\SIH\IceBerg\dataSet\SIH\DATA_Sea_ice_drift_concentration\ice_conc_sh_polstere-100_amsr2_202512101200 (1).nc","8175998","23-09-2026 01:43:34","False"
"D:\SIH\IceBerg\dataSet\SIH\DATA_Sea_ice_drift_concentration\ice_conc_sh_polstere-100_amsr2_202512101200.nc","8175998","23-09-2026 00:14:30","False"
"D:\SIH\IceBerg\dataSet\SIH\DATA_Sea_ice_drift_concentration\ice_conc_sh_polstere-100_amsr2_202512111200 (1).nc","8077148","23-09-2026 01:43:38","False"
"D:\SIH\IceBerg\dataSet\SIH\DATA_Sea_ice_drift_concentration\ice_conc_sh_polstere-100_amsr2_202512111200.nc","8077148","23-09-2026 00:14:32","False"
"D:\SIH\IceBerg\dataSet\SIH\DATA_Sea_ice_drift_concentration\ice_conc_sh_polstere-100_amsr2_202512121200 (1).nc","8078118","23-09-2026 01:43:42","False"
"D:\SIH\IceBerg\dataSet\SIH\DATA_Sea_ice_drift_concentration\ice_conc_sh_polstere-100_amsr2_202512121200.nc","8078118","23-09-2026 00:14:34","False"
"D:\SIH\IceBerg\dataSet\SIH\DATA_Sea_ice_drift_concentration\ice_conc_sh_polstere-100_amsr2_202512131200 (1).nc","8074291","23-09-2026 01:43:44","False"
"D:\SIH\IceBerg\dataSet\SIH\DATA_Sea_ice_drift_concentration\ice_conc_sh_polstere-100_amsr2_202512131200.nc","8074291","23-09-2026 00:14:36","False"
"D:\SIH\IceBerg\dataSet\SIH\DATA_Sea_ice_drift_concentration\ice_conc_sh_polstere-100_amsr2_202512141200 (1).nc","8185157","23-09-2026 01:43:48","False"
"D:\SIH\IceBerg\dataSet\SIH\DATA_Sea_ice_drift_concentration\ice_conc_sh_polstere-100_amsr2_202512141200.nc","8185157","23-09-2026 00:14:40","False"
"D:\SIH\IceBerg\dataSet\SIH\DATA_Sea_ice_drift_concentration\ice_conc_sh_polstere-100_amsr2_202512151200 (1).nc","8256952","23-09-2026 01:43:50","False"
"D:\SIH\IceBerg\dataSet\SIH\DATA_Sea_ice_drift_concentration\ice_conc_sh_polstere-100_amsr2_202512151200.nc","8256952","23-09-2026 00:14:42","False"
"D:\SIH\IceBerg\dataSet\SIH\DATA_Sea_ice_drift_concentration\ice_conc_sh_polstere-100_amsr2_202512161200 (1).nc","8225596","23-09-2026 01:43:54","False"
"D:\SIH\IceBerg\dataSet\SIH\DATA_Sea_ice_drift_concentration\ice_conc_sh_polstere-100_amsr2_202512161200.nc","8225596","23-09-2026 00:14:46","False"
"D:\SIH\IceBerg\dataSet\SIH\DATA_Sea_ice_drift_concentration\ice_conc_sh_polstere-100_amsr2_202512171200 (1).nc","8221733","23-09-2026 01:43:58","False"
"D:\SIH\IceBerg\dataSet\SIH\DATA_Sea_ice_drift_concentration\ice_conc_sh_polstere-100_amsr2_202512171200.nc","8221733","23-09-2026 00:14:48","False"
"D:\SIH\IceBerg\dataSet\SIH\DATA_Sea_ice_drift_concentration\ice_conc_sh_polstere-100_amsr2_202512181200 (1).nc","8251224","23-09-2026 01:44:02","False"
"D:\SIH\IceBerg\dataSet\SIH\DATA_Sea_ice_drift_concentration\ice_conc_sh_polstere-100_amsr2_202512181200.nc","8251224","23-09-2026 00:14:50","False"
"D:\SIH\IceBerg\dataSet\SIH\DATA_Sea_ice_drift_concentration\ice_conc_sh_polstere-100_amsr2_202512191200 (1).nc","8290484","23-09-2026 01:44:08","False"
"D:\SIH\IceBerg\dataSet\SIH\DATA_Sea_ice_drift_concentration\ice_conc_sh_polstere-100_amsr2_202512191200.nc","8290484","23-09-2026 00:14:54","False"
"D:\SIH\IceBerg\dataSet\SIH\DATA_Sea_ice_drift_concentration\ice_conc_sh_polstere-100_amsr2_202512201200 (1).nc","8320174","23-09-2026 01:44:12","False"
"D:\SIH\IceBerg\dataSet\SIH\DATA_Sea_ice_drift_concentration\ice_conc_sh_polstere-100_amsr2_202512201200.nc","8320174","23-09-2026 00:14:56","False"
"D:\SIH\IceBerg\dataSet\SIH\DATA_Sea_ice_drift_concentration\ice_conc_sh_polstere-100_amsr2_202512211200.nc","8267156","23-09-2026 01:44:16","False"
"D:\SIH\IceBerg\dataSet\SIH\DATA_Sea_ice_drift_concentration\ice_conc_sh_polstere-100_amsr2_202512221200.nc","8266543","23-09-2026 01:44:20","False"
"D:\SIH\IceBerg\dataSet\SIH\DATA_Sea_ice_drift_concentration\ice_conc_sh_polstere-100_amsr2_202512231200.nc","8236244","23-09-2026 01:44:24","False"
"D:\SIH\IceBerg\dataSet\SIH\DATA_Sea_ice_drift_concentration\ice_conc_sh_polstere-100_amsr2_202512241200.nc","8286242","23-09-2026 01:44:28","False"
"D:\SIH\IceBerg\dataSet\SIH\DATA_Sea_ice_drift_concentration\ice_conc_sh_polstere-100_amsr2_202512251200.nc","8252189","23-09-2026 01:44:32","False"
"D:\SIH\IceBerg\dataSet\SIH\DATA_Sea_ice_drift_concentration\ice_conc_sh_polstere-100_amsr2_202512261200.nc","8213590","23-09-2026 01:44:34","False"
"D:\SIH\IceBerg\dataSet\SIH\DATA_Sea_ice_drift_concentration\ice_conc_sh_polstere-100_amsr2_202512271200.nc","8318156","23-09-2026 01:44:38","False"
"D:\SIH\IceBerg\dataSet\SIH\DATA_Sea_ice_drift_concentration\ice_conc_sh_polstere-100_amsr2_202512281200.nc","8315112","23-09-2026 01:44:42","False"
"D:\SIH\IceBerg\dataSet\SIH\DATA_Sea_ice_drift_concentration\ice_conc_sh_polstere-100_amsr2_202512291200.nc","8292819","23-09-2026 01:44:46","False"
"D:\SIH\IceBerg\dataSet\SIH\DATA_Sea_ice_drift_concentration\ice_conc_sh_polstere-100_amsr2_202512301200.nc","8227780","23-09-2026 01:44:50","False"
"D:\SIH\IceBerg\dataSet\SIH\DATA_Sea_ice_drift_concentration\ice_conc_sh_polstere-100_amsr2_202512311200.nc","8329907","23-09-2026 01:44:56","False"
"D:\SIH\IceBerg\dataSet\SIH\DATA_Sea_ice_drift_concentration\ice_conc_sh_polstere-100_amsr2_202601011200 (1).nc","8174754","23-09-2026 01:45:08","False"
"D:\SIH\IceBerg\dataSet\SIH\DATA_Sea_ice_drift_concentration\ice_conc_sh_polstere-100_amsr2_202601011200.nc","8174754","23-09-2026 00:23:16","False"
"D:\SIH\IceBerg\dataSet\SIH\DATA_Sea_ice_drift_concentration\ice_conc_sh_polstere-100_amsr2_202601021200 (1).nc","8115222","23-09-2026 01:45:12","False"
"D:\SIH\IceBerg\dataSet\SIH\DATA_Sea_ice_drift_concentration\ice_conc_sh_polstere-100_amsr2_202601021200.nc","8115222","23-09-2026 00:23:20","False"
"D:\SIH\IceBerg\dataSet\SIH\DATA_Sea_ice_drift_concentration\ice_conc_sh_polstere-100_amsr2_202601031200 (1).nc","8172162","23-09-2026 01:45:16","False"
"D:\SIH\IceBerg\dataSet\SIH\DATA_Sea_ice_drift_concentration\ice_conc_sh_polstere-100_amsr2_202601031200.nc","8172162","23-09-2026 00:23:22","False"
"D:\SIH\IceBerg\dataSet\SIH\DATA_Sea_ice_drift_concentration\ice_conc_sh_polstere-100_amsr2_202601041200 (1).nc","8210456","23-09-2026 01:45:20","False"
"D:\SIH\IceBerg\dataSet\SIH\DATA_Sea_ice_drift_concentration\ice_conc_sh_polstere-100_amsr2_202601041200.nc","8210456","23-09-2026 00:23:24","False"
"D:\SIH\IceBerg\dataSet\SIH\DATA_Sea_ice_drift_concentration\ice_conc_sh_polstere-100_amsr2_202601051200 (1).nc","8284092","23-09-2026 01:45:24","False"
"D:\SIH\IceBerg\dataSet\SIH\DATA_Sea_ice_drift_concentration\ice_conc_sh_polstere-100_amsr2_202601051200.nc","8284092","23-09-2026 00:23:26","False"
"D:\SIH\IceBerg\dataSet\SIH\DATA_Sea_ice_drift_concentration\ice_conc_sh_polstere-100_amsr2_202601061200 (1).nc","8301793","23-09-2026 01:45:28","False"
"D:\SIH\IceBerg\dataSet\SIH\DATA_Sea_ice_drift_concentration\ice_conc_sh_polstere-100_amsr2_202601061200.nc","8301793","23-09-2026 00:23:30","False"
"D:\SIH\IceBerg\dataSet\SIH\DATA_Sea_ice_drift_concentration\ice_conc_sh_polstere-100_amsr2_202601071200 (1).nc","8319814","23-09-2026 01:45:32","False"
"D:\SIH\IceBerg\dataSet\SIH\DATA_Sea_ice_drift_concentration\ice_conc_sh_polstere-100_amsr2_202601071200.nc","8319814","23-09-2026 00:23:34","False"
"D:\SIH\IceBerg\dataSet\SIH\DATA_Sea_ice_drift_concentration\ice_conc_sh_polstere-100_amsr2_202601081200 (1).nc","8257411","23-09-2026 01:45:38","False"
"D:\SIH\IceBerg\dataSet\SIH\DATA_Sea_ice_drift_concentration\ice_conc_sh_polstere-100_amsr2_202601081200.nc","8257411","23-09-2026 00:23:38","False"
"D:\SIH\IceBerg\dataSet\SIH\DATA_Sea_ice_drift_concentration\ice_conc_sh_polstere-100_amsr2_202601091200 (1).nc","8292993","23-09-2026 01:45:42","False"
"D:\SIH\IceBerg\dataSet\SIH\DATA_Sea_ice_drift_concentration\ice_conc_sh_polstere-100_amsr2_202601091200.nc","8292993","23-09-2026 00:23:40","False"
"D:\SIH\IceBerg\dataSet\SIH\DATA_Sea_ice_drift_concentration\ice_conc_sh_polstere-100_amsr2_202601101200 (1).nc","8282330","23-09-2026 01:45:44","False"
"D:\SIH\IceBerg\dataSet\SIH\DATA_Sea_ice_drift_concentration\ice_conc_sh_polstere-100_amsr2_202601101200.nc","8282330","23-09-2026 00:23:42","False"
"D:\SIH\IceBerg\dataSet\SIH\DATA_Sea_ice_drift_concentration\ice_conc_sh_polstere-100_amsr2_202601111200 (1).nc","8266645","23-09-2026 01:45:48","False"
"D:\SIH\IceBerg\dataSet\SIH\DATA_Sea_ice_drift_concentration\ice_conc_sh_polstere-100_amsr2_202601111200.nc","8266645","23-09-2026 00:23:46","False"
"D:\SIH\IceBerg\dataSet\SIH\DATA_Sea_ice_drift_concentration\ice_conc_sh_polstere-100_amsr2_202601121200 (1).nc","8269931","23-09-2026 01:45:52","False"
"D:\SIH\IceBerg\dataSet\SIH\DATA_Sea_ice_drift_concentration\ice_conc_sh_polstere-100_amsr2_202601121200.nc","8269931","23-09-2026 00:23:48","False"
"D:\SIH\IceBerg\dataSet\SIH\DATA_Sea_ice_drift_concentration\ice_conc_sh_polstere-100_amsr2_202601131200 (1).nc","8298162","23-09-2026 01:45:56","False"
"D:\SIH\IceBerg\dataSet\SIH\DATA_Sea_ice_drift_concentration\ice_conc_sh_polstere-100_amsr2_202601131200.nc","8298162","23-09-2026 00:23:50","False"
"D:\SIH\IceBerg\dataSet\SIH\DATA_Sea_ice_drift_concentration\ice_conc_sh_polstere-100_amsr2_202601141200 (1).nc","8274182","23-09-2026 01:46:00","False"
"D:\SIH\IceBerg\dataSet\SIH\DATA_Sea_ice_drift_concentration\ice_conc_sh_polstere-100_amsr2_202601141200.nc","8274182","23-09-2026 00:23:52","False"
"D:\SIH\IceBerg\dataSet\SIH\DATA_Sea_ice_drift_concentration\ice_conc_sh_polstere-100_amsr2_202601151200 (1).nc","8308790","23-09-2026 01:46:06","False"
"D:\SIH\IceBerg\dataSet\SIH\DATA_Sea_ice_drift_concentration\ice_conc_sh_polstere-100_amsr2_202601151200.nc","8308790","23-09-2026 00:23:54","False"
"D:\SIH\IceBerg\dataSet\SIH\DATA_Sea_ice_drift_concentration\ice_conc_sh_polstere-100_amsr2_202601161200 (1).nc","8324238","23-09-2026 01:46:10","False"
"D:\SIH\IceBerg\dataSet\SIH\DATA_Sea_ice_drift_concentration\ice_conc_sh_polstere-100_amsr2_202601161200.nc","8324238","23-09-2026 00:23:58","False"
"D:\SIH\IceBerg\dataSet\SIH\DATA_Sea_ice_drift_concentration\ice_conc_sh_polstere-100_amsr2_202601171200 (1).nc","8361956","23-09-2026 01:46:14","False"
"D:\SIH\IceBerg\dataSet\SIH\DATA_Sea_ice_drift_concentration\ice_conc_sh_polstere-100_amsr2_202601171200.nc","8361956","23-09-2026 00:24:00","False"
"D:\SIH\IceBerg\dataSet\SIH\DATA_Sea_ice_drift_concentration\ice_conc_sh_polstere-100_amsr2_202601181200 (1).nc","8371880","23-09-2026 01:46:16","False"
"D:\SIH\IceBerg\dataSet\SIH\DATA_Sea_ice_drift_concentration\ice_conc_sh_polstere-100_amsr2_202601181200.nc","8371880","23-09-2026 00:24:02","False"
"D:\SIH\IceBerg\dataSet\SIH\DATA_Sea_ice_drift_concentration\ice_conc_sh_polstere-100_amsr2_202601191200 (1).nc","8382217","23-09-2026 01:46:20","False"
"D:\SIH\IceBerg\dataSet\SIH\DATA_Sea_ice_drift_concentration\ice_conc_sh_polstere-100_amsr2_202601191200.nc","8382217","23-09-2026 00:24:04","False"
"D:\SIH\IceBerg\dataSet\SIH\DATA_Sea_ice_drift_concentration\ice_conc_sh_polstere-100_amsr2_202601201200 (1).nc","8375224","23-09-2026 01:46:22","False"
"D:\SIH\IceBerg\dataSet\SIH\DATA_Sea_ice_drift_concentration\ice_conc_sh_polstere-100_amsr2_202601201200.nc","8375224","23-09-2026 00:24:08","False"
"D:\SIH\IceBerg\dataSet\SIH\DATA_Sea_ice_drift_concentration\ice_conc_sh_polstere-100_amsr2_202601211200 (1).nc","8399833","23-09-2026 01:46:26","False"
"D:\SIH\IceBerg\dataSet\SIH\DATA_Sea_ice_drift_concentration\ice_conc_sh_polstere-100_amsr2_202601211200.nc","8399833","23-09-2026 00:24:10","False"
"D:\SIH\IceBerg\dataSet\SIH\DATA_Sea_ice_drift_concentration\ice_conc_sh_polstere-100_amsr2_202601221200 (1).nc","8364064","23-09-2026 01:46:30","False"
"D:\SIH\IceBerg\dataSet\SIH\DATA_Sea_ice_drift_concentration\ice_conc_sh_polstere-100_amsr2_202601221200.nc","8364064","23-09-2026 00:24:12","False"
"D:\SIH\IceBerg\dataSet\SIH\DATA_Sea_ice_drift_concentration\ice_conc_sh_polstere-100_amsr2_202601231200 (1).nc","8353067","23-09-2026 01:46:34","False"
"D:\SIH\IceBerg\dataSet\SIH\DATA_Sea_ice_drift_concentration\ice_conc_sh_polstere-100_amsr2_202601231200.nc","8353067","23-09-2026 00:24:14","False"
"D:\SIH\IceBerg\dataSet\SIH\DATA_Sea_ice_drift_concentration\ice_conc_sh_polstere-100_amsr2_202601241200 (1).nc","8330251","23-09-2026 01:46:38","False"
"D:\SIH\IceBerg\dataSet\SIH\DATA_Sea_ice_drift_concentration\ice_conc_sh_polstere-100_amsr2_202601241200.nc","8330251","23-09-2026 00:24:18","False"
"D:\SIH\IceBerg\dataSet\SIH\DATA_Sea_ice_drift_concentration\ice_conc_sh_polstere-100_amsr2_202601251200 (1).nc","8343538","23-09-2026 01:46:42","False"
"D:\SIH\IceBerg\dataSet\SIH\DATA_Sea_ice_drift_concentration\ice_conc_sh_polstere-100_amsr2_202601251200.nc","8343538","23-09-2026 00:24:20","False"
"D:\SIH\IceBerg\dataSet\SIH\DATA_Sea_ice_drift_concentration\ice_conc_sh_polstere-100_amsr2_202601261200 (1).nc","8318047","23-09-2026 01:46:44","False"
"D:\SIH\IceBerg\dataSet\SIH\DATA_Sea_ice_drift_concentration\ice_conc_sh_polstere-100_amsr2_202601261200.nc","8318047","23-09-2026 00:24:22","False"
"D:\SIH\IceBerg\dataSet\SIH\DATA_Sea_ice_drift_concentration\ice_conc_sh_polstere-100_amsr2_202601271200 (1).nc","8335554","23-09-2026 01:46:50","False"
"D:\SIH\IceBerg\dataSet\SIH\DATA_Sea_ice_drift_concentration\ice_conc_sh_polstere-100_amsr2_202601271200.nc","8335554","23-09-2026 00:24:24","False"
"D:\SIH\IceBerg\dataSet\SIH\DATA_Sea_ice_drift_concentration\ice_conc_sh_polstere-100_amsr2_202601281200 (1).nc","8316584","23-09-2026 01:46:52","False"
"D:\SIH\IceBerg\dataSet\SIH\DATA_Sea_ice_drift_concentration\ice_conc_sh_polstere-100_amsr2_202601281200.nc","8316584","23-09-2026 00:24:28","False"
"D:\SIH\IceBerg\dataSet\SIH\DATA_Sea_ice_drift_concentration\ice_conc_sh_polstere-100_amsr2_202601291200 (1).nc","8355467","23-09-2026 01:46:56","False"
"D:\SIH\IceBerg\dataSet\SIH\DATA_Sea_ice_drift_concentration\ice_conc_sh_polstere-100_amsr2_202601291200.nc","8355467","23-09-2026 00:24:30","False"
"D:\SIH\IceBerg\dataSet\SIH\DATA_Sea_ice_drift_concentration\ice_conc_sh_polstere-100_amsr2_202601301200 (1).nc","8350291","23-09-2026 01:47:00","False"
"D:\SIH\IceBerg\dataSet\SIH\DATA_Sea_ice_drift_concentration\ice_conc_sh_polstere-100_amsr2_202601301200.nc","8350291","23-09-2026 00:24:32","False"
"D:\SIH\IceBerg\dataSet\SIH\DATA_Sea_ice_drift_concentration\ice_conc_sh_polstere-100_amsr2_202601311200 (1).nc","8375032","23-09-2026 01:47:02","False"
"D:\SIH\IceBerg\dataSet\SIH\DATA_Sea_ice_drift_concentration\ice_conc_sh_polstere-100_amsr2_202601311200.nc","8375032","23-09-2026 00:24:34","False"
"D:\SIH\IceBerg\dataSet\SIH\DATA_Sea_ice_drift_concentration\ice_conc_sh_polstere-100_amsr2_202602011200 (1).nc","8394575","23-09-2026 01:47:20","False"
"D:\SIH\IceBerg\dataSet\SIH\DATA_Sea_ice_drift_concentration\ice_conc_sh_polstere-100_amsr2_202602011200.nc","8394575","23-09-2026 00:25:40","False"
"D:\SIH\IceBerg\dataSet\SIH\DATA_Sea_ice_drift_concentration\ice_conc_sh_polstere-100_amsr2_202602021200 (1).nc","8310890","23-09-2026 01:47:24","False"
"D:\SIH\IceBerg\dataSet\SIH\DATA_Sea_ice_drift_concentration\ice_conc_sh_polstere-100_amsr2_202602021200.nc","8310890","23-09-2026 00:25:42","False"
"D:\SIH\IceBerg\dataSet\SIH\DATA_Sea_ice_drift_concentration\ice_conc_sh_polstere-100_amsr2_202602031200 (1).nc","8303412","23-09-2026 01:47:30","False"
"D:\SIH\IceBerg\dataSet\SIH\DATA_Sea_ice_drift_concentration\ice_conc_sh_polstere-100_amsr2_202602031200.nc","8303412","23-09-2026 00:25:44","False"
"D:\SIH\IceBerg\dataSet\SIH\DATA_Sea_ice_drift_concentration\ice_conc_sh_polstere-100_amsr2_202602041200 (1).nc","8363683","23-09-2026 01:47:34","False"
"D:\SIH\IceBerg\dataSet\SIH\DATA_Sea_ice_drift_concentration\ice_conc_sh_polstere-100_amsr2_202602041200.nc","8363683","23-09-2026 00:25:46","False"
"D:\SIH\IceBerg\dataSet\SIH\DATA_Sea_ice_drift_concentration\ice_conc_sh_polstere-100_amsr2_202602051200 (1).nc","8283440","23-09-2026 01:47:38","False"
"D:\SIH\IceBerg\dataSet\SIH\DATA_Sea_ice_drift_concentration\ice_conc_sh_polstere-100_amsr2_202602051200.nc","8283440","23-09-2026 00:25:50","False"
"D:\SIH\IceBerg\dataSet\SIH\DATA_Sea_ice_drift_concentration\ice_conc_sh_polstere-100_amsr2_202602061200 (1).nc","8418786","23-09-2026 01:47:46","False"
"D:\SIH\IceBerg\dataSet\SIH\DATA_Sea_ice_drift_concentration\ice_conc_sh_polstere-100_amsr2_202602061200.nc","8418786","23-09-2026 00:25:52","False"
"D:\SIH\IceBerg\dataSet\SIH\DATA_Sea_ice_drift_concentration\ice_conc_sh_polstere-100_amsr2_202602071200 (1).nc","8346636","23-09-2026 01:47:50","False"
"D:\SIH\IceBerg\dataSet\SIH\DATA_Sea_ice_drift_concentration\ice_conc_sh_polstere-100_amsr2_202602071200.nc","8346636","23-09-2026 00:25:56","False"
"D:\SIH\IceBerg\dataSet\SIH\DATA_Sea_ice_drift_concentration\ice_conc_sh_polstere-100_amsr2_202602081200 (1).nc","8409338","23-09-2026 01:47:54","False"
"D:\SIH\IceBerg\dataSet\SIH\DATA_Sea_ice_drift_concentration\ice_conc_sh_polstere-100_amsr2_202602081200.nc","8409338","23-09-2026 00:25:58","False"
"D:\SIH\IceBerg\dataSet\SIH\DATA_Sea_ice_drift_concentration\ice_conc_sh_polstere-100_amsr2_202602091200 (1).nc","8386138","23-09-2026 01:47:58","False"
"D:\SIH\IceBerg\dataSet\SIH\DATA_Sea_ice_drift_concentration\ice_conc_sh_polstere-100_amsr2_202602091200.nc","8386138","23-09-2026 00:26:02","False"
"D:\SIH\IceBerg\dataSet\SIH\DATA_Sea_ice_drift_concentration\ice_conc_sh_polstere-100_amsr2_202602101200 (1).nc","8358358","23-09-2026 01:48:04","False"
"D:\SIH\IceBerg\dataSet\SIH\DATA_Sea_ice_drift_concentration\ice_conc_sh_polstere-100_amsr2_202602101200.nc","8358358","23-09-2026 00:26:04","False"
"D:\SIH\IceBerg\dataSet\SIH\DATA_Sea_ice_drift_concentration\ice_conc_sh_polstere-100_amsr2_202602111200 (1).nc","8413311","23-09-2026 01:48:06","False"
"D:\SIH\IceBerg\dataSet\SIH\DATA_Sea_ice_drift_concentration\ice_conc_sh_polstere-100_amsr2_202602111200.nc","8413311","23-09-2026 00:26:06","False"
"D:\SIH\IceBerg\dataSet\SIH\DATA_Sea_ice_drift_concentration\ice_conc_sh_polstere-100_amsr2_202602121200 (1).nc","8422765","23-09-2026 01:48:10","False"
"D:\SIH\IceBerg\dataSet\SIH\DATA_Sea_ice_drift_concentration\ice_conc_sh_polstere-100_amsr2_202602121200.nc","8422765","23-09-2026 00:26:10","False"
"D:\SIH\IceBerg\dataSet\SIH\DATA_Sea_ice_drift_concentration\ice_conc_sh_polstere-100_amsr2_202602131200 (1).nc","8431525","23-09-2026 01:48:16","False"
"D:\SIH\IceBerg\dataSet\SIH\DATA_Sea_ice_drift_concentration\ice_conc_sh_polstere-100_amsr2_202602131200.nc","8431525","23-09-2026 00:26:12","False"
"D:\SIH\IceBerg\dataSet\SIH\DATA_Sea_ice_drift_concentration\ice_conc_sh_polstere-100_amsr2_202602141200 (1).nc","8411902","23-09-2026 01:48:22","False"
"D:\SIH\IceBerg\dataSet\SIH\DATA_Sea_ice_drift_concentration\ice_conc_sh_polstere-100_amsr2_202602141200.nc","8411902","23-09-2026 00:26:14","False"
"D:\SIH\IceBerg\dataSet\SIH\DATA_Sea_ice_drift_concentration\ice_conc_sh_polstere-100_amsr2_202602151200 (1).nc","8396939","23-09-2026 01:48:28","False"
"D:\SIH\IceBerg\dataSet\SIH\DATA_Sea_ice_drift_concentration\ice_conc_sh_polstere-100_amsr2_202602151200.nc","8396939","23-09-2026 00:26:18","False"
"D:\SIH\IceBerg\dataSet\SIH\DATA_Sea_ice_drift_concentration\ice_conc_sh_polstere-100_amsr2_202602161200 (1).nc","8370195","23-09-2026 01:48:32","False"
"D:\SIH\IceBerg\dataSet\SIH\DATA_Sea_ice_drift_concentration\ice_conc_sh_polstere-100_amsr2_202602161200.nc","8370195","23-09-2026 00:26:20","False"
"D:\SIH\IceBerg\dataSet\SIH\DATA_Sea_ice_drift_concentration\ice_conc_sh_polstere-100_amsr2_202602171200 (1).nc","8408457","23-09-2026 01:48:38","False"
"D:\SIH\IceBerg\dataSet\SIH\DATA_Sea_ice_drift_concentration\ice_conc_sh_polstere-100_amsr2_202602171200.nc","8408457","23-09-2026 00:26:22","False"
"D:\SIH\IceBerg\dataSet\SIH\DATA_Sea_ice_drift_concentration\ice_conc_sh_polstere-100_amsr2_202602181200 (1).nc","8391656","23-09-2026 01:48:42","False"
"D:\SIH\IceBerg\dataSet\SIH\DATA_Sea_ice_drift_concentration\ice_conc_sh_polstere-100_amsr2_202602181200.nc","8391656","23-09-2026 00:26:24","False"
"D:\SIH\IceBerg\dataSet\SIH\DATA_Sea_ice_drift_concentration\ice_conc_sh_polstere-100_amsr2_202602191200 (1).nc","8409219","23-09-2026 01:48:46","False"
"D:\SIH\IceBerg\dataSet\SIH\DATA_Sea_ice_drift_concentration\ice_conc_sh_polstere-100_amsr2_202602191200.nc","8409219","23-09-2026 00:26:26","False"
"D:\SIH\IceBerg\dataSet\SIH\DATA_Sea_ice_drift_concentration\ice_conc_sh_polstere-100_amsr2_202602201200 (1).nc","8402311","23-09-2026 01:48:50","False"
"D:\SIH\IceBerg\dataSet\SIH\DATA_Sea_ice_drift_concentration\ice_conc_sh_polstere-100_amsr2_202602201200.nc","8402311","23-09-2026 00:26:30","False"
"D:\SIH\IceBerg\dataSet\SIH\DATA_Sea_ice_drift_concentration\ice_conc_sh_polstere-100_amsr2_202602211200 (1).nc","8382740","23-09-2026 01:48:54","False"
"D:\SIH\IceBerg\dataSet\SIH\DATA_Sea_ice_drift_concentration\ice_conc_sh_polstere-100_amsr2_202602211200.nc","8382740","23-09-2026 00:26:32","False"
"D:\SIH\IceBerg\dataSet\SIH\DATA_Sea_ice_drift_concentration\ice_conc_sh_polstere-100_amsr2_202602221200 (1).nc","8387384","23-09-2026 01:48:56","False"
"D:\SIH\IceBerg\dataSet\SIH\DATA_Sea_ice_drift_concentration\ice_conc_sh_polstere-100_amsr2_202602221200.nc","8387384","23-09-2026 00:26:34","False"
"D:\SIH\IceBerg\dataSet\SIH\DATA_Sea_ice_drift_concentration\ice_conc_sh_polstere-100_amsr2_202602231200 (1).nc","8398763","23-09-2026 01:49:00","False"
"D:\SIH\IceBerg\dataSet\SIH\DATA_Sea_ice_drift_concentration\ice_conc_sh_polstere-100_amsr2_202602231200.nc","8398763","23-09-2026 00:26:36","False"
"D:\SIH\IceBerg\dataSet\SIH\DATA_Sea_ice_drift_concentration\ice_conc_sh_polstere-100_amsr2_202602241200 (1).nc","8425060","23-09-2026 01:49:02","False"
"D:\SIH\IceBerg\dataSet\SIH\DATA_Sea_ice_drift_concentration\ice_conc_sh_polstere-100_amsr2_202602241200.nc","8425060","23-09-2026 00:26:40","False"
"D:\SIH\IceBerg\dataSet\SIH\DATA_Sea_ice_drift_concentration\ice_conc_sh_polstere-100_amsr2_202602251200 (1).nc","8457297","23-09-2026 01:49:06","False"
"D:\SIH\IceBerg\dataSet\SIH\DATA_Sea_ice_drift_concentration\ice_conc_sh_polstere-100_amsr2_202602251200.nc","8457297","23-09-2026 00:26:42","False"
"D:\SIH\IceBerg\dataSet\SIH\DATA_Sea_ice_drift_concentration\ice_conc_sh_polstere-100_amsr2_202602261200 (1).nc","8442442","23-09-2026 01:49:08","False"
"D:\SIH\IceBerg\dataSet\SIH\DATA_Sea_ice_drift_concentration\ice_conc_sh_polstere-100_amsr2_202602261200.nc","8442442","23-09-2026 00:26:46","False"
"D:\SIH\IceBerg\dataSet\SIH\DATA_Sea_ice_drift_concentration\ice_conc_sh_polstere-100_amsr2_202602271200 (1).nc","8453193","23-09-2026 01:49:12","False"
"D:\SIH\IceBerg\dataSet\SIH\DATA_Sea_ice_drift_concentration\ice_conc_sh_polstere-100_amsr2_202602271200.nc","8453193","23-09-2026 00:26:48","False"
"D:\SIH\IceBerg\dataSet\SIH\DATA_Sea_ice_drift_concentration\ice_conc_sh_polstere-100_amsr2_202602281200 (1).nc","8456062","23-09-2026 01:49:16","False"
"D:\SIH\IceBerg\dataSet\SIH\DATA_Sea_ice_drift_concentration\ice_conc_sh_polstere-100_amsr2_202602281200.nc","8456062","23-09-2026 00:26:52","False"
"D:\SIH\IceBerg\dataSet\SIH\DATA_Sea_ice_drift_concentration\ice_conc_sh_polstere-100_amsr2_202603011200 (1).nc","8489135","23-09-2026 01:49:22","False"
"D:\SIH\IceBerg\dataSet\SIH\DATA_Sea_ice_drift_concentration\ice_conc_sh_polstere-100_amsr2_202603011200.nc","8489135","23-09-2026 00:27:40","False"
"D:\SIH\IceBerg\dataSet\SIH\DATA_Sea_ice_drift_concentration\ice_conc_sh_polstere-100_amsr2_202603021200 (1).nc","8456258","23-09-2026 01:49:28","False"
"D:\SIH\IceBerg\dataSet\SIH\DATA_Sea_ice_drift_concentration\ice_conc_sh_polstere-100_amsr2_202603021200.nc","8456258","23-09-2026 00:27:42","False"
"D:\SIH\IceBerg\dataSet\SIH\DATA_Sea_ice_drift_concentration\ice_conc_sh_polstere-100_amsr2_202603031200 (1).nc","8490631","23-09-2026 01:49:34","False"
"D:\SIH\IceBerg\dataSet\SIH\DATA_Sea_ice_drift_concentration\ice_conc_sh_polstere-100_amsr2_202603031200.nc","8490631","23-09-2026 00:27:46","False"
"D:\SIH\IceBerg\dataSet\SIH\DATA_Sea_ice_drift_concentration\ice_conc_sh_polstere-100_amsr2_202603041200 (1).nc","8469513","23-09-2026 01:49:40","False"
"D:\SIH\IceBerg\dataSet\SIH\DATA_Sea_ice_drift_concentration\ice_conc_sh_polstere-100_amsr2_202603041200.nc","8469513","23-09-2026 00:27:48","False"
"D:\SIH\IceBerg\dataSet\SIH\DATA_Sea_ice_drift_concentration\ice_conc_sh_polstere-100_amsr2_202603051200 (1).nc","8507269","23-09-2026 01:49:42","False"
"D:\SIH\IceBerg\dataSet\SIH\DATA_Sea_ice_drift_concentration\ice_conc_sh_polstere-100_amsr2_202603051200.nc","8507269","23-09-2026 00:27:50","False"
"D:\SIH\IceBerg\dataSet\SIH\DATA_Sea_ice_drift_concentration\ice_conc_sh_polstere-100_amsr2_202603061200 (1).nc","8507042","23-09-2026 01:49:46","False"
"D:\SIH\IceBerg\dataSet\SIH\DATA_Sea_ice_drift_concentration\ice_conc_sh_polstere-100_amsr2_202603061200.nc","8507042","23-09-2026 00:27:54","False"
"D:\SIH\IceBerg\dataSet\SIH\DATA_Sea_ice_drift_concentration\ice_conc_sh_polstere-100_amsr2_202603071200 (1).nc","8462011","23-09-2026 01:49:50","False"
"D:\SIH\IceBerg\dataSet\SIH\DATA_Sea_ice_drift_concentration\ice_conc_sh_polstere-100_amsr2_202603071200.nc","8462011","23-09-2026 00:27:56","False"
"D:\SIH\IceBerg\dataSet\SIH\DATA_Sea_ice_drift_concentration\ice_conc_sh_polstere-100_amsr2_202603081200 (1).nc","8489183","23-09-2026 01:49:56","False"
"D:\SIH\IceBerg\dataSet\SIH\DATA_Sea_ice_drift_concentration\ice_conc_sh_polstere-100_amsr2_202603081200.nc","8489183","23-09-2026 00:28:00","False"
"D:\SIH\IceBerg\dataSet\SIH\DATA_Sea_ice_drift_concentration\ice_conc_sh_polstere-100_amsr2_202603091200 (1).nc","8460993","23-09-2026 01:50:00","False"
"D:\SIH\IceBerg\dataSet\SIH\DATA_Sea_ice_drift_concentration\ice_conc_sh_polstere-100_amsr2_202603091200.nc","8460993","23-09-2026 00:28:04","False"
"D:\SIH\IceBerg\dataSet\SIH\DATA_Sea_ice_drift_concentration\ice_conc_sh_polstere-100_amsr2_202603101200 (1).nc","8413099","23-09-2026 01:50:06","False"
"D:\SIH\IceBerg\dataSet\SIH\DATA_Sea_ice_drift_concentration\ice_conc_sh_polstere-100_amsr2_202603101200.nc","8413099","23-09-2026 00:28:08","False"
"D:\SIH\IceBerg\dataSet\SIH\DATA_Sea_ice_drift_concentration\ice_conc_sh_polstere-100_amsr2_202603111200 (1).nc","8439868","23-09-2026 01:50:10","False"
"D:\SIH\IceBerg\dataSet\SIH\DATA_Sea_ice_drift_concentration\ice_conc_sh_polstere-100_amsr2_202603111200.nc","8439868","23-09-2026 00:28:12","False"
"D:\SIH\IceBerg\dataSet\SIH\DATA_Sea_ice_drift_concentration\ice_conc_sh_polstere-100_amsr2_202603121200 (1).nc","8448289","23-09-2026 01:50:14","False"
"D:\SIH\IceBerg\dataSet\SIH\DATA_Sea_ice_drift_concentration\ice_conc_sh_polstere-100_amsr2_202603121200.nc","8448289","23-09-2026 00:28:14","False"
"D:\SIH\IceBerg\dataSet\SIH\DATA_Sea_ice_drift_concentration\ice_conc_sh_polstere-100_amsr2_202603131200 (1).nc","8382356","23-09-2026 01:50:18","False"
"D:\SIH\IceBerg\dataSet\SIH\DATA_Sea_ice_drift_concentration\ice_conc_sh_polstere-100_amsr2_202603131200.nc","8382356","23-09-2026 00:28:16","False"
"D:\SIH\IceBerg\dataSet\SIH\DATA_Sea_ice_drift_concentration\ice_conc_sh_polstere-100_amsr2_202603141200 (1).nc","8421187","23-09-2026 01:50:22","False"
"D:\SIH\IceBerg\dataSet\SIH\DATA_Sea_ice_drift_concentration\ice_conc_sh_polstere-100_amsr2_202603141200.nc","8421187","23-09-2026 00:28:18","False"
"D:\SIH\IceBerg\dataSet\SIH\DATA_Sea_ice_drift_concentration\ice_conc_sh_polstere-100_amsr2_202603151200 (1).nc","8422999","23-09-2026 01:50:26","False"
"D:\SIH\IceBerg\dataSet\SIH\DATA_Sea_ice_drift_concentration\ice_conc_sh_polstere-100_amsr2_202603151200.nc","8422999","23-09-2026 00:28:22","False"
"D:\SIH\IceBerg\dataSet\SIH\DATA_Sea_ice_drift_concentration\ice_conc_sh_polstere-100_amsr2_202603161200 (1).nc","8448430","23-09-2026 01:50:32","False"
"D:\SIH\IceBerg\dataSet\SIH\DATA_Sea_ice_drift_concentration\ice_conc_sh_polstere-100_amsr2_202603161200.nc","8448430","23-09-2026 00:28:24","False"
"D:\SIH\IceBerg\dataSet\SIH\DATA_Sea_ice_drift_concentration\ice_conc_sh_polstere-100_amsr2_202603171200 (1).nc","8426148","23-09-2026 01:50:36","False"
"D:\SIH\IceBerg\dataSet\SIH\DATA_Sea_ice_drift_concentration\ice_conc_sh_polstere-100_amsr2_202603171200.nc","8426148","23-09-2026 00:28:26","False"
"D:\SIH\IceBerg\dataSet\SIH\DATA_Sea_ice_drift_concentration\ice_conc_sh_polstere-100_amsr2_202603181200 (1).nc","8431301","23-09-2026 01:50:40","False"
"D:\SIH\IceBerg\dataSet\SIH\DATA_Sea_ice_drift_concentration\ice_conc_sh_polstere-100_amsr2_202603181200.nc","8431301","23-09-2026 00:28:28","False"
"D:\SIH\IceBerg\dataSet\SIH\DATA_Sea_ice_drift_concentration\ice_conc_sh_polstere-100_amsr2_202603191200 (1).nc","8380778","23-09-2026 01:50:44","False"
"D:\SIH\IceBerg\dataSet\SIH\DATA_Sea_ice_drift_concentration\ice_conc_sh_polstere-100_amsr2_202603191200.nc","8380778","23-09-2026 00:28:32","False"
"D:\SIH\IceBerg\dataSet\SIH\DATA_Sea_ice_drift_concentration\ice_conc_sh_polstere-100_amsr2_202603201200 (1).nc","8399430","23-09-2026 01:50:46","False"
"D:\SIH\IceBerg\dataSet\SIH\DATA_Sea_ice_drift_concentration\ice_conc_sh_polstere-100_amsr2_202603201200.nc","8399430","23-09-2026 00:28:34","False"
"D:\SIH\IceBerg\dataSet\SIH\DATA_Sea_ice_drift_concentration\ice_conc_sh_polstere-100_amsr2_202603211200 (1).nc","8457533","23-09-2026 01:50:52","False"
"D:\SIH\IceBerg\dataSet\SIH\DATA_Sea_ice_drift_concentration\ice_conc_sh_polstere-100_amsr2_202603211200.nc","8457533","23-09-2026 00:28:38","False"
"D:\SIH\IceBerg\dataSet\SIH\DATA_Sea_ice_drift_concentration\ice_conc_sh_polstere-100_amsr2_202603221200 (1).nc","8438817","23-09-2026 01:50:54","False"
"D:\SIH\IceBerg\dataSet\SIH\DATA_Sea_ice_drift_concentration\ice_conc_sh_polstere-100_amsr2_202603221200.nc","8438817","23-09-2026 00:28:40","False"
"D:\SIH\IceBerg\dataSet\SIH\DATA_Sea_ice_drift_concentration\ice_conc_sh_polstere-100_amsr2_202603231200 (1).nc","8430243","23-09-2026 01:50:58","False"
"D:\SIH\IceBerg\dataSet\SIH\DATA_Sea_ice_drift_concentration\ice_conc_sh_polstere-100_amsr2_202603231200.nc","8430243","23-09-2026 00:28:42","False"
"D:\SIH\IceBerg\dataSet\SIH\DATA_Sea_ice_drift_concentration\ice_conc_sh_polstere-100_amsr2_202603241200 (1).nc","8380663","23-09-2026 01:51:00","False"
"D:\SIH\IceBerg\dataSet\SIH\DATA_Sea_ice_drift_concentration\ice_conc_sh_polstere-100_amsr2_202603241200.nc","8380663","23-09-2026 00:28:46","False"
"D:\SIH\IceBerg\dataSet\SIH\DATA_Sea_ice_drift_concentration\ice_conc_sh_polstere-100_amsr2_202603251200 (1).nc","8418404","23-09-2026 01:51:04","False"
"D:\SIH\IceBerg\dataSet\SIH\DATA_Sea_ice_drift_concentration\ice_conc_sh_polstere-100_amsr2_202603251200.nc","8418404","23-09-2026 00:28:48","False"
"D:\SIH\IceBerg\dataSet\SIH\DATA_Sea_ice_drift_concentration\ice_conc_sh_polstere-100_amsr2_202603261200 (1).nc","8421602","23-09-2026 01:51:06","False"
"D:\SIH\IceBerg\dataSet\SIH\DATA_Sea_ice_drift_concentration\ice_conc_sh_polstere-100_amsr2_202603261200.nc","8421602","23-09-2026 00:28:50","False"
"D:\SIH\IceBerg\dataSet\SIH\DATA_Sea_ice_drift_concentration\ice_conc_sh_polstere-100_amsr2_202603271200 (1).nc","8393872","23-09-2026 01:51:10","False"
"D:\SIH\IceBerg\dataSet\SIH\DATA_Sea_ice_drift_concentration\ice_conc_sh_polstere-100_amsr2_202603271200.nc","8393872","23-09-2026 00:28:52","False"
"D:\SIH\IceBerg\dataSet\SIH\DATA_Sea_ice_drift_concentration\ice_conc_sh_polstere-100_amsr2_202603281200 (1).nc","8367974","23-09-2026 01:51:12","False"
"D:\SIH\IceBerg\dataSet\SIH\DATA_Sea_ice_drift_concentration\ice_conc_sh_polstere-100_amsr2_202603281200.nc","8367974","23-09-2026 00:28:54","False"
"D:\SIH\IceBerg\dataSet\SIH\DATA_Sea_ice_drift_concentration\ice_conc_sh_polstere-100_amsr2_202603291200 (1).nc","8335812","23-09-2026 01:51:16","False"
"D:\SIH\IceBerg\dataSet\SIH\DATA_Sea_ice_drift_concentration\ice_conc_sh_polstere-100_amsr2_202603291200.nc","8335812","23-09-2026 00:28:58","False"
"D:\SIH\IceBerg\dataSet\SIH\DATA_Sea_ice_drift_concentration\ice_conc_sh_polstere-100_amsr2_202603301200 (1).nc","8364404","23-09-2026 01:51:20","False"
"D:\SIH\IceBerg\dataSet\SIH\DATA_Sea_ice_drift_concentration\ice_conc_sh_polstere-100_amsr2_202603301200.nc","8364404","23-09-2026 00:29:00","False"
"D:\SIH\IceBerg\dataSet\SIH\DATA_Sea_ice_drift_concentration\ice_conc_sh_polstere-100_amsr2_202603311200 (1).nc","8310660","23-09-2026 01:51:24","False"
"D:\SIH\IceBerg\dataSet\SIH\DATA_Sea_ice_drift_concentration\ice_conc_sh_polstere-100_amsr2_202603311200.nc","8310660","23-09-2026 00:29:04","False"
"D:\SIH\IceBerg\dataSet\SIH\DATA_Sea_ice_drift_concentration\ice_conc_sh_polstere-100_amsr2_202604011200 (1).nc","8405298","23-09-2026 01:51:34","False"
"D:\SIH\IceBerg\dataSet\SIH\DATA_Sea_ice_drift_concentration\ice_conc_sh_polstere-100_amsr2_202604011200.nc","8405298","23-09-2026 00:29:44","False"
"D:\SIH\IceBerg\dataSet\SIH\DATA_Sea_ice_drift_concentration\ice_conc_sh_polstere-100_amsr2_202604021200 (1).nc","8387176","23-09-2026 01:51:40","False"
"D:\SIH\IceBerg\dataSet\SIH\DATA_Sea_ice_drift_concentration\ice_conc_sh_polstere-100_amsr2_202604021200.nc","8387176","23-09-2026 00:29:46","False"
"D:\SIH\IceBerg\dataSet\SIH\DATA_Sea_ice_drift_concentration\ice_conc_sh_polstere-100_amsr2_202604031200 (1).nc","8393733","23-09-2026 01:51:44","False"
"D:\SIH\IceBerg\dataSet\SIH\DATA_Sea_ice_drift_concentration\ice_conc_sh_polstere-100_amsr2_202604031200.nc","8393733","23-09-2026 00:29:50","False"
"D:\SIH\IceBerg\dataSet\SIH\DATA_Sea_ice_drift_concentration\ice_conc_sh_polstere-100_amsr2_202604041200 (1).nc","8401760","23-09-2026 01:51:48","False"
"D:\SIH\IceBerg\dataSet\SIH\DATA_Sea_ice_drift_concentration\ice_conc_sh_polstere-100_amsr2_202604041200.nc","8401760","23-09-2026 00:29:54","False"
"D:\SIH\IceBerg\dataSet\SIH\DATA_Sea_ice_drift_concentration\ice_conc_sh_polstere-100_amsr2_202604051200 (1).nc","8381892","23-09-2026 01:51:50","False"
"D:\SIH\IceBerg\dataSet\SIH\DATA_Sea_ice_drift_concentration\ice_conc_sh_polstere-100_amsr2_202604051200.nc","8381892","23-09-2026 00:29:56","False"
"D:\SIH\IceBerg\dataSet\SIH\DATA_Sea_ice_drift_concentration\ice_conc_sh_polstere-100_amsr2_202604061200 (1).nc","8410018","23-09-2026 01:51:54","False"
"D:\SIH\IceBerg\dataSet\SIH\DATA_Sea_ice_drift_concentration\ice_conc_sh_polstere-100_amsr2_202604061200.nc","8410018","23-09-2026 00:29:58","False"
"D:\SIH\IceBerg\dataSet\SIH\DATA_Sea_ice_drift_concentration\ice_conc_sh_polstere-100_amsr2_202604071200 (1).nc","8380095","23-09-2026 01:51:58","False"
"D:\SIH\IceBerg\dataSet\SIH\DATA_Sea_ice_drift_concentration\ice_conc_sh_polstere-100_amsr2_202604071200.nc","8380095","23-09-2026 00:30:00","False"
"D:\SIH\IceBerg\dataSet\SIH\DATA_Sea_ice_drift_concentration\ice_conc_sh_polstere-100_amsr2_202604081200 (1).nc","8321072","23-09-2026 01:52:00","False"
"D:\SIH\IceBerg\dataSet\SIH\DATA_Sea_ice_drift_concentration\ice_conc_sh_polstere-100_amsr2_202604081200.nc","8321072","23-09-2026 00:30:02","False"
"D:\SIH\IceBerg\dataSet\SIH\DATA_Sea_ice_drift_concentration\ice_conc_sh_polstere-100_amsr2_202604091200 (1).nc","8327454","23-09-2026 01:52:04","False"
"D:\SIH\IceBerg\dataSet\SIH\DATA_Sea_ice_drift_concentration\ice_conc_sh_polstere-100_amsr2_202604091200.nc","8327454","23-09-2026 00:30:04","False"
"D:\SIH\IceBerg\dataSet\SIH\DATA_Sea_ice_drift_concentration\ice_conc_sh_polstere-100_amsr2_202604101200 (1).nc","8283982","23-09-2026 01:52:08","False"
"D:\SIH\IceBerg\dataSet\SIH\DATA_Sea_ice_drift_concentration\ice_conc_sh_polstere-100_amsr2_202604101200.nc","8283982","23-09-2026 00:30:08","False"
"D:\SIH\IceBerg\dataSet\SIH\DATA_Sea_ice_drift_concentration\ice_conc_sh_polstere-100_amsr2_202604111200 (1).nc","8279173","23-09-2026 01:52:12","False"
"D:\SIH\IceBerg\dataSet\SIH\DATA_Sea_ice_drift_concentration\ice_conc_sh_polstere-100_amsr2_202604111200.nc","8279173","23-09-2026 00:30:12","False"
"D:\SIH\IceBerg\dataSet\SIH\DATA_Sea_ice_drift_concentration\ice_conc_sh_polstere-100_amsr2_202604121200 (1).nc","8254831","23-09-2026 01:52:16","False"
"D:\SIH\IceBerg\dataSet\SIH\DATA_Sea_ice_drift_concentration\ice_conc_sh_polstere-100_amsr2_202604121200.nc","8254831","23-09-2026 00:30:14","False"
"D:\SIH\IceBerg\dataSet\SIH\DATA_Sea_ice_drift_concentration\ice_conc_sh_polstere-100_amsr2_202604131200 (1).nc","8290710","23-09-2026 01:52:20","False"
"D:\SIH\IceBerg\dataSet\SIH\DATA_Sea_ice_drift_concentration\ice_conc_sh_polstere-100_amsr2_202604131200.nc","8290710","23-09-2026 00:30:18","False"
"D:\SIH\IceBerg\dataSet\SIH\DATA_Sea_ice_drift_concentration\ice_conc_sh_polstere-100_amsr2_202604141200 (1).nc","8287294","23-09-2026 01:52:24","False"
"D:\SIH\IceBerg\dataSet\SIH\DATA_Sea_ice_drift_concentration\ice_conc_sh_polstere-100_amsr2_202604141200.nc","8287294","23-09-2026 00:30:20","False"
"D:\SIH\IceBerg\dataSet\SIH\DATA_Sea_ice_drift_concentration\ice_conc_sh_polstere-100_amsr2_202604151200 (1).nc","8279294","23-09-2026 01:52:28","False"
"D:\SIH\IceBerg\dataSet\SIH\DATA_Sea_ice_drift_concentration\ice_conc_sh_polstere-100_amsr2_202604151200.nc","8279294","23-09-2026 00:30:22","False"
"D:\SIH\IceBerg\dataSet\SIH\DATA_Sea_ice_drift_concentration\ice_conc_sh_polstere-100_amsr2_202604161200 (1).nc","8266837","23-09-2026 01:52:34","False"
"D:\SIH\IceBerg\dataSet\SIH\DATA_Sea_ice_drift_concentration\ice_conc_sh_polstere-100_amsr2_202604161200.nc","8266837","23-09-2026 00:30:26","False"
"D:\SIH\IceBerg\dataSet\SIH\DATA_Sea_ice_drift_concentration\ice_conc_sh_polstere-100_amsr2_202604171200 (1).nc","8239705","23-09-2026 01:52:38","False"
"D:\SIH\IceBerg\dataSet\SIH\DATA_Sea_ice_drift_concentration\ice_conc_sh_polstere-100_amsr2_202604171200.nc","8239705","23-09-2026 00:30:30","False"
"D:\SIH\IceBerg\dataSet\SIH\DATA_Sea_ice_drift_concentration\ice_conc_sh_polstere-100_amsr2_202604181200 (1).nc","8278886","23-09-2026 01:52:42","False"
"D:\SIH\IceBerg\dataSet\SIH\DATA_Sea_ice_drift_concentration\ice_conc_sh_polstere-100_amsr2_202604181200.nc","8278886","23-09-2026 00:30:32","False"
"D:\SIH\IceBerg\dataSet\SIH\DATA_Sea_ice_drift_concentration\ice_conc_sh_polstere-100_amsr2_202604191200 (1).nc","8281643","23-09-2026 01:52:46","False"
"D:\SIH\IceBerg\dataSet\SIH\DATA_Sea_ice_drift_concentration\ice_conc_sh_polstere-100_amsr2_202604191200.nc","8281643","23-09-2026 00:30:36","False"
"D:\SIH\IceBerg\dataSet\SIH\DATA_Sea_ice_drift_concentration\ice_conc_sh_polstere-100_amsr2_202604201200 (1).nc","8288107","23-09-2026 01:52:50","False"
"D:\SIH\IceBerg\dataSet\SIH\DATA_Sea_ice_drift_concentration\ice_conc_sh_polstere-100_amsr2_202604201200.nc","8288107","23-09-2026 00:30:38","False"
"D:\SIH\IceBerg\dataSet\SIH\DATA_Sea_ice_drift_concentration\ice_conc_sh_polstere-100_amsr2_202604211200 (1).nc","8283216","23-09-2026 01:52:52","False"
"D:\SIH\IceBerg\dataSet\SIH\DATA_Sea_ice_drift_concentration\ice_conc_sh_polstere-100_amsr2_202604211200.nc","8283216","23-09-2026 00:30:40","False"
"D:\SIH\IceBerg\dataSet\SIH\DATA_Sea_ice_drift_concentration\ice_conc_sh_polstere-100_amsr2_202604221200 (1).nc","8277426","23-09-2026 01:52:58","False"
"D:\SIH\IceBerg\dataSet\SIH\DATA_Sea_ice_drift_concentration\ice_conc_sh_polstere-100_amsr2_202604221200.nc","8277426","23-09-2026 00:30:44","False"
"D:\SIH\IceBerg\dataSet\SIH\DATA_Sea_ice_drift_concentration\ice_conc_sh_polstere-100_amsr2_202604231200 (1).nc","8268858","23-09-2026 01:53:02","False"
"D:\SIH\IceBerg\dataSet\SIH\DATA_Sea_ice_drift_concentration\ice_conc_sh_polstere-100_amsr2_202604231200.nc","8268858","23-09-2026 00:30:48","False"
"D:\SIH\IceBerg\dataSet\SIH\DATA_Sea_ice_drift_concentration\ice_conc_sh_polstere-100_amsr2_202604241200 (1).nc","8221074","23-09-2026 01:53:06","False"
"D:\SIH\IceBerg\dataSet\SIH\DATA_Sea_ice_drift_concentration\ice_conc_sh_polstere-100_amsr2_202604241200.nc","8221074","23-09-2026 00:30:50","False"
"D:\SIH\IceBerg\dataSet\SIH\DATA_Sea_ice_drift_concentration\ice_conc_sh_polstere-100_amsr2_202604251200 (1).nc","8273154","23-09-2026 01:53:12","False"
"D:\SIH\IceBerg\dataSet\SIH\DATA_Sea_ice_drift_concentration\ice_conc_sh_polstere-100_amsr2_202604251200.nc","8273154","23-09-2026 00:30:54","False"
"D:\SIH\IceBerg\dataSet\SIH\DATA_Sea_ice_drift_concentration\ice_conc_sh_polstere-100_amsr2_202604261200 (1).nc","8224767","23-09-2026 01:53:16","False"
"D:\SIH\IceBerg\dataSet\SIH\DATA_Sea_ice_drift_concentration\ice_conc_sh_polstere-100_amsr2_202604261200.nc","8224767","23-09-2026 00:30:58","False"
"D:\SIH\IceBerg\dataSet\SIH\DATA_Sea_ice_drift_concentration\ice_conc_sh_polstere-100_amsr2_202604271200 (1).nc","8204518","23-09-2026 01:53:22","False"
"D:\SIH\IceBerg\dataSet\SIH\DATA_Sea_ice_drift_concentration\ice_conc_sh_polstere-100_amsr2_202604271200.nc","8204518","23-09-2026 00:31:02","False"
"D:\SIH\IceBerg\dataSet\SIH\DATA_Sea_ice_drift_concentration\ice_conc_sh_polstere-100_amsr2_202604281200 (1).nc","8202292","23-09-2026 01:53:26","False"
"D:\SIH\IceBerg\dataSet\SIH\DATA_Sea_ice_drift_concentration\ice_conc_sh_polstere-100_amsr2_202604281200.nc","8202292","23-09-2026 00:31:06","False"
"D:\SIH\IceBerg\dataSet\SIH\DATA_Sea_ice_drift_concentration\ice_conc_sh_polstere-100_amsr2_202604291200 (1).nc","8214525","23-09-2026 01:53:32","False"
"D:\SIH\IceBerg\dataSet\SIH\DATA_Sea_ice_drift_concentration\ice_conc_sh_polstere-100_amsr2_202604291200.nc","8214525","23-09-2026 00:31:10","False"
"D:\SIH\IceBerg\dataSet\SIH\DATA_Sea_ice_drift_concentration\ice_conc_sh_polstere-100_amsr2_202604301200 (1).nc","8180713","23-09-2026 01:53:38","False"
"D:\SIH\IceBerg\dataSet\SIH\DATA_Sea_ice_drift_concentration\ice_conc_sh_polstere-100_amsr2_202604301200.nc","8180713","23-09-2026 00:31:12","False"
"D:\SIH\IceBerg\dataSet\SIH\DATA_Sea_ice_drift_concentration\ice_conc_sh_polstere-100_amsr2_202605011200 (1).nc","8204431","23-09-2026 01:53:44","False"
"D:\SIH\IceBerg\dataSet\SIH\DATA_Sea_ice_drift_concentration\ice_conc_sh_polstere-100_amsr2_202605011200.nc","8204431","23-09-2026 00:31:40","False"
"D:\SIH\IceBerg\dataSet\SIH\DATA_Sea_ice_drift_concentration\ice_conc_sh_polstere-100_amsr2_202605021200 (1).nc","8093565","23-09-2026 01:53:48","False"
"D:\SIH\IceBerg\dataSet\SIH\DATA_Sea_ice_drift_concentration\ice_conc_sh_polstere-100_amsr2_202605021200.nc","8093565","23-09-2026 00:31:42","False"
"D:\SIH\IceBerg\dataSet\SIH\DATA_Sea_ice_drift_concentration\ice_conc_sh_polstere-100_amsr2_202605031200 (1).nc","8163951","23-09-2026 01:53:54","False"
"D:\SIH\IceBerg\dataSet\SIH\DATA_Sea_ice_drift_concentration\ice_conc_sh_polstere-100_amsr2_202605031200.nc","8163951","23-09-2026 00:31:44","False"
"D:\SIH\IceBerg\dataSet\SIH\DATA_Sea_ice_drift_concentration\ice_conc_sh_polstere-100_amsr2_202605041200 (1).nc","8306154","23-09-2026 01:53:58","False"
"D:\SIH\IceBerg\dataSet\SIH\DATA_Sea_ice_drift_concentration\ice_conc_sh_polstere-100_amsr2_202605041200.nc","8306154","23-09-2026 00:31:46","False"
"D:\SIH\IceBerg\dataSet\SIH\DATA_Sea_ice_drift_concentration\ice_conc_sh_polstere-100_amsr2_202605051200 (1).nc","8286776","23-09-2026 01:54:02","False"
"D:\SIH\IceBerg\dataSet\SIH\DATA_Sea_ice_drift_concentration\ice_conc_sh_polstere-100_amsr2_202605051200.nc","8286776","23-09-2026 00:31:48","False"
"D:\SIH\IceBerg\dataSet\SIH\DATA_Sea_ice_drift_concentration\ice_conc_sh_polstere-100_amsr2_202605061200 (1).nc","8277086","23-09-2026 01:54:08","False"
"D:\SIH\IceBerg\dataSet\SIH\DATA_Sea_ice_drift_concentration\ice_conc_sh_polstere-100_amsr2_202605061200.nc","8277086","23-09-2026 00:31:50","False"
"D:\SIH\IceBerg\dataSet\SIH\DATA_Sea_ice_drift_concentration\ice_conc_sh_polstere-100_amsr2_202605071200 (1).nc","8195534","23-09-2026 01:54:12","False"
"D:\SIH\IceBerg\dataSet\SIH\DATA_Sea_ice_drift_concentration\ice_conc_sh_polstere-100_amsr2_202605071200.nc","8195534","23-09-2026 00:31:54","False"
"D:\SIH\IceBerg\dataSet\SIH\DATA_Sea_ice_drift_concentration\ice_conc_sh_polstere-100_amsr2_202605081200 (1).nc","8192771","23-09-2026 01:54:16","False"
"D:\SIH\IceBerg\dataSet\SIH\DATA_Sea_ice_drift_concentration\ice_conc_sh_polstere-100_amsr2_202605081200.nc","8192771","23-09-2026 00:31:56","False"
"D:\SIH\IceBerg\dataSet\SIH\DATA_Sea_ice_drift_concentration\ice_conc_sh_polstere-100_amsr2_202605091200 (1).nc","8166683","23-09-2026 01:54:22","False"
"D:\SIH\IceBerg\dataSet\SIH\DATA_Sea_ice_drift_concentration\ice_conc_sh_polstere-100_amsr2_202605091200.nc","8166683","23-09-2026 00:31:58","False"
"D:\SIH\IceBerg\dataSet\SIH\DATA_Sea_ice_drift_concentration\ice_conc_sh_polstere-100_amsr2_202605101200 (1).nc","8017152","23-09-2026 01:54:26","False"
"D:\SIH\IceBerg\dataSet\SIH\DATA_Sea_ice_drift_concentration\ice_conc_sh_polstere-100_amsr2_202605101200.nc","8017152","23-09-2026 00:32:02","False"
"D:\SIH\IceBerg\dataSet\SIH\DATA_Sea_ice_drift_concentration\ice_conc_sh_polstere-100_amsr2_202605111200 (1).nc","8121762","23-09-2026 01:54:32","False"
"D:\SIH\IceBerg\dataSet\SIH\DATA_Sea_ice_drift_concentration\ice_conc_sh_polstere-100_amsr2_202605111200.nc","8121762","23-09-2026 00:32:04","False"
"D:\SIH\IceBerg\dataSet\SIH\DATA_Sea_ice_drift_concentration\ice_conc_sh_polstere-100_amsr2_202605121200 (1).nc","8168725","23-09-2026 01:54:36","False"
"D:\SIH\IceBerg\dataSet\SIH\DATA_Sea_ice_drift_concentration\ice_conc_sh_polstere-100_amsr2_202605121200.nc","8168725","23-09-2026 00:32:08","False"
"D:\SIH\IceBerg\dataSet\SIH\DATA_Sea_ice_drift_concentration\ice_conc_sh_polstere-100_amsr2_202605131200 (1).nc","8120368","23-09-2026 01:54:40","False"
"D:\SIH\IceBerg\dataSet\SIH\DATA_Sea_ice_drift_concentration\ice_conc_sh_polstere-100_amsr2_202605131200.nc","8120368","23-09-2026 00:32:10","False"
"D:\SIH\IceBerg\dataSet\SIH\DATA_Sea_ice_drift_concentration\ice_conc_sh_polstere-100_amsr2_202605141200 (1).nc","8175534","23-09-2026 01:54:44","False"
"D:\SIH\IceBerg\dataSet\SIH\DATA_Sea_ice_drift_concentration\ice_conc_sh_polstere-100_amsr2_202605141200.nc","8175534","23-09-2026 00:32:12","False"
"D:\SIH\IceBerg\dataSet\SIH\DATA_Sea_ice_drift_concentration\ice_conc_sh_polstere-100_amsr2_202605151200 (1).nc","8222092","23-09-2026 01:54:52","False"
"D:\SIH\IceBerg\dataSet\SIH\DATA_Sea_ice_drift_concentration\ice_conc_sh_polstere-100_amsr2_202605151200.nc","8222092","23-09-2026 00:32:14","False"
"D:\SIH\IceBerg\dataSet\SIH\DATA_Sea_ice_drift_concentration\ice_conc_sh_polstere-100_amsr2_202605161200 (1).nc","8125899","23-09-2026 01:54:58","False"
"D:\SIH\IceBerg\dataSet\SIH\DATA_Sea_ice_drift_concentration\ice_conc_sh_polstere-100_amsr2_202605161200.nc","8125899","23-09-2026 00:32:16","False"
"D:\SIH\IceBerg\dataSet\SIH\DATA_Sea_ice_drift_concentration\ice_conc_sh_polstere-100_amsr2_202605171200 (1).nc","8203969","23-09-2026 01:55:02","False"
"D:\SIH\IceBerg\dataSet\SIH\DATA_Sea_ice_drift_concentration\ice_conc_sh_polstere-100_amsr2_202605171200.nc","8203969","23-09-2026 00:32:18","False"
"D:\SIH\IceBerg\dataSet\SIH\DATA_Sea_ice_drift_concentration\ice_conc_sh_polstere-100_amsr2_202605181200 (1).nc","8120409","23-09-2026 01:55:06","False"
"D:\SIH\IceBerg\dataSet\SIH\DATA_Sea_ice_drift_concentration\ice_conc_sh_polstere-100_amsr2_202605181200.nc","8120409","23-09-2026 00:32:22","False"
"D:\SIH\IceBerg\dataSet\SIH\DATA_Sea_ice_drift_concentration\ice_conc_sh_polstere-100_amsr2_202605191200 (1).nc","8133269","23-09-2026 01:55:12","False"
"D:\SIH\IceBerg\dataSet\SIH\DATA_Sea_ice_drift_concentration\ice_conc_sh_polstere-100_amsr2_202605191200.nc","8133269","23-09-2026 00:32:24","False"
"D:\SIH\IceBerg\dataSet\SIH\DATA_Sea_ice_drift_concentration\ice_conc_sh_polstere-100_amsr2_202605201200 (1).nc","8115083","23-09-2026 01:55:14","False"
"D:\SIH\IceBerg\dataSet\SIH\DATA_Sea_ice_drift_concentration\ice_conc_sh_polstere-100_amsr2_202605201200.nc","8115083","23-09-2026 00:32:26","False"
"D:\SIH\IceBerg\dataSet\SIH\DATA_Sea_ice_drift_concentration\ice_conc_sh_polstere-100_amsr2_202605211200 (1).nc","8129911","23-09-2026 01:55:18","False"
"D:\SIH\IceBerg\dataSet\SIH\DATA_Sea_ice_drift_concentration\ice_conc_sh_polstere-100_amsr2_202605211200.nc","8129911","23-09-2026 00:32:30","False"
"D:\SIH\IceBerg\dataSet\SIH\DATA_Sea_ice_drift_concentration\ice_conc_sh_polstere-100_amsr2_202605221200 (1).nc","8070395","23-09-2026 01:55:22","False"
"D:\SIH\IceBerg\dataSet\SIH\DATA_Sea_ice_drift_concentration\ice_conc_sh_polstere-100_amsr2_202605221200.nc","8070395","23-09-2026 00:32:32","False"
"D:\SIH\IceBerg\dataSet\SIH\DATA_Sea_ice_drift_concentration\ice_conc_sh_polstere-100_amsr2_202605231200 (1).nc","8089590","23-09-2026 01:55:28","False"
"D:\SIH\IceBerg\dataSet\SIH\DATA_Sea_ice_drift_concentration\ice_conc_sh_polstere-100_amsr2_202605231200.nc","8089590","23-09-2026 00:32:34","False"
"D:\SIH\IceBerg\dataSet\SIH\DATA_Sea_ice_drift_concentration\ice_conc_sh_polstere-100_amsr2_202605241200 (1).nc","8183802","23-09-2026 01:55:32","False"
"D:\SIH\IceBerg\dataSet\SIH\DATA_Sea_ice_drift_concentration\ice_conc_sh_polstere-100_amsr2_202605241200.nc","8183802","23-09-2026 00:32:36","False"
"D:\SIH\IceBerg\dataSet\SIH\DATA_Sea_ice_drift_concentration\ice_conc_sh_polstere-100_amsr2_202605251200 (1).nc","8193321","23-09-2026 01:55:34","False"
"D:\SIH\IceBerg\dataSet\SIH\DATA_Sea_ice_drift_concentration\ice_conc_sh_polstere-100_amsr2_202605251200.nc","8193321","23-09-2026 00:32:38","False"
"D:\SIH\IceBerg\dataSet\SIH\DATA_Sea_ice_drift_concentration\ice_conc_sh_polstere-100_amsr2_202605261200 (1).nc","8047099","23-09-2026 01:55:38","False"
"D:\SIH\IceBerg\dataSet\SIH\DATA_Sea_ice_drift_concentration\ice_conc_sh_polstere-100_amsr2_202605261200.nc","8047099","23-09-2026 00:32:42","False"
"D:\SIH\IceBerg\dataSet\SIH\DATA_Sea_ice_drift_concentration\ice_conc_sh_polstere-100_amsr2_202605271200 (1).nc","8130509","23-09-2026 01:55:42","False"
"D:\SIH\IceBerg\dataSet\SIH\DATA_Sea_ice_drift_concentration\ice_conc_sh_polstere-100_amsr2_202605271200.nc","8130509","23-09-2026 00:32:46","False"
"D:\SIH\IceBerg\dataSet\SIH\DATA_Sea_ice_drift_concentration\ice_conc_sh_polstere-100_amsr2_202605281200 (1).nc","8109646","23-09-2026 01:55:46","False"
"D:\SIH\IceBerg\dataSet\SIH\DATA_Sea_ice_drift_concentration\ice_conc_sh_polstere-100_amsr2_202605281200.nc","8109646","23-09-2026 00:32:48","False"
"D:\SIH\IceBerg\dataSet\SIH\DATA_Sea_ice_drift_concentration\ice_conc_sh_polstere-100_amsr2_202605291200 (1).nc","8128847","23-09-2026 01:55:50","False"
"D:\SIH\IceBerg\dataSet\SIH\DATA_Sea_ice_drift_concentration\ice_conc_sh_polstere-100_amsr2_202605291200.nc","8128847","23-09-2026 00:32:52","False"
"D:\SIH\IceBerg\dataSet\SIH\DATA_Sea_ice_drift_concentration\ice_conc_sh_polstere-100_amsr2_202605301200 (1).nc","8118903","23-09-2026 01:55:52","False"
"D:\SIH\IceBerg\dataSet\SIH\DATA_Sea_ice_drift_concentration\ice_conc_sh_polstere-100_amsr2_202605301200.nc","8118903","23-09-2026 00:32:54","False"
"D:\SIH\IceBerg\dataSet\SIH\DATA_Sea_ice_drift_concentration\ice_conc_sh_polstere-100_amsr2_202605311200 (1).nc","8045943","23-09-2026 01:55:56","False"
"D:\SIH\IceBerg\dataSet\SIH\DATA_Sea_ice_drift_concentration\ice_conc_sh_polstere-100_amsr2_202605311200.nc","8045943","23-09-2026 00:32:56","False"
"D:\SIH\IceBerg\dataSet\SIH\DATA_Sea_ice_drift_concentration\ice_conc_sh_polstere-100_amsr2_202606011200 (1).nc","7896733","23-09-2026 01:56:04","False"
"D:\SIH\IceBerg\dataSet\SIH\DATA_Sea_ice_drift_concentration\ice_conc_sh_polstere-100_amsr2_202606011200.nc","7896733","23-09-2026 00:33:02","False"
"D:\SIH\IceBerg\dataSet\SIH\DATA_Sea_ice_drift_concentration\ice_conc_sh_polstere-100_amsr2_202606021200 (1).nc","8088372","23-09-2026 01:56:08","False"
"D:\SIH\IceBerg\dataSet\SIH\DATA_Sea_ice_drift_concentration\ice_conc_sh_polstere-100_amsr2_202606021200.nc","8088372","23-09-2026 00:33:04","False"
"D:\SIH\IceBerg\dataSet\SIH\DATA_Sea_ice_drift_concentration\ice_conc_sh_polstere-100_amsr2_202606031200 (1).nc","7987971","23-09-2026 01:56:14","False"
"D:\SIH\IceBerg\dataSet\SIH\DATA_Sea_ice_drift_concentration\ice_conc_sh_polstere-100_amsr2_202606031200.nc","7987971","23-09-2026 00:33:06","False"
"D:\SIH\IceBerg\dataSet\SIH\DATA_Sea_ice_drift_concentration\ice_conc_sh_polstere-100_amsr2_202606041200 (1).nc","8042115","23-09-2026 01:56:18","False"
"D:\SIH\IceBerg\dataSet\SIH\DATA_Sea_ice_drift_concentration\ice_conc_sh_polstere-100_amsr2_202606041200.nc","8042115","23-09-2026 00:33:08","False"
"D:\SIH\IceBerg\dataSet\SIH\DATA_Sea_ice_drift_concentration\ice_conc_sh_polstere-100_amsr2_202606051200 (1).nc","8024060","23-09-2026 01:56:22","False"
"D:\SIH\IceBerg\dataSet\SIH\DATA_Sea_ice_drift_concentration\ice_conc_sh_polstere-100_amsr2_202606051200.nc","8024060","23-09-2026 00:33:12","False"
"D:\SIH\IceBerg\dataSet\SIH\DATA_Sea_ice_drift_concentration\ice_conc_sh_polstere-100_amsr2_202606061200 (1).nc","8041459","23-09-2026 01:56:26","False"
"D:\SIH\IceBerg\dataSet\SIH\DATA_Sea_ice_drift_concentration\ice_conc_sh_polstere-100_amsr2_202606061200.nc","8041459","23-09-2026 00:33:14","False"
"D:\SIH\IceBerg\dataSet\SIH\DATA_Sea_ice_drift_concentration\ice_conc_sh_polstere-100_amsr2_202606071200 (1).nc","8113183","23-09-2026 01:56:32","False"
"D:\SIH\IceBerg\dataSet\SIH\DATA_Sea_ice_drift_concentration\ice_conc_sh_polstere-100_amsr2_202606071200.nc","8113183","23-09-2026 00:33:16","False"
"D:\SIH\IceBerg\dataSet\SIH\DATA_Sea_ice_drift_concentration\ice_conc_sh_polstere-100_amsr2_202606081200 (1).nc","8034506","23-09-2026 01:56:36","False"
"D:\SIH\IceBerg\dataSet\SIH\DATA_Sea_ice_drift_concentration\ice_conc_sh_polstere-100_amsr2_202606081200.nc","8034506","23-09-2026 00:33:18","False"
"D:\SIH\IceBerg\dataSet\SIH\DATA_Sea_ice_drift_concentration\ice_conc_sh_polstere-100_amsr2_202606091200 (1).nc","8050484","23-09-2026 01:56:40","False"
"D:\SIH\IceBerg\dataSet\SIH\DATA_Sea_ice_drift_concentration\ice_conc_sh_polstere-100_amsr2_202606091200.nc","8050484","23-09-2026 00:33:22","False"
"D:\SIH\IceBerg\dataSet\SIH\DATA_Sea_ice_drift_concentration\ice_conc_sh_polstere-100_amsr2_202606101200 (1).nc","8046763","23-09-2026 01:56:46","False"
"D:\SIH\IceBerg\dataSet\SIH\DATA_Sea_ice_drift_concentration\ice_conc_sh_polstere-100_amsr2_202606101200.nc","8046763","23-09-2026 00:33:24","False"
"D:\SIH\IceBerg\dataSet\SIH\DATA_Sea_ice_drift_concentration\ice_conc_sh_polstere-100_amsr2_202606111200 (1).nc","8041639","23-09-2026 01:56:52","False"
"D:\SIH\IceBerg\dataSet\SIH\DATA_Sea_ice_drift_concentration\ice_conc_sh_polstere-100_amsr2_202606111200.nc","8041639","23-09-2026 00:33:26","False"
"D:\SIH\IceBerg\dataSet\SIH\DATA_Sea_ice_drift_concentration\ice_conc_sh_polstere-100_amsr2_202606121200 (1).nc","8122250","23-09-2026 01:56:58","False"
"D:\SIH\IceBerg\dataSet\SIH\DATA_Sea_ice_drift_concentration\ice_conc_sh_polstere-100_amsr2_202606121200.nc","8122250","23-09-2026 00:33:28","False"
"D:\SIH\IceBerg\dataSet\SIH\DATA_Sea_ice_drift_concentration\ice_conc_sh_polstere-100_amsr2_202606131200 (1).nc","8177430","23-09-2026 01:57:02","False"
"D:\SIH\IceBerg\dataSet\SIH\DATA_Sea_ice_drift_concentration\ice_conc_sh_polstere-100_amsr2_202606131200.nc","8177430","23-09-2026 00:33:30","False"
"D:\SIH\IceBerg\dataSet\SIH\DATA_Sea_ice_drift_concentration\ice_conc_sh_polstere-100_amsr2_202606141200 (1).nc","8182230","23-09-2026 01:57:06","False"
"D:\SIH\IceBerg\dataSet\SIH\DATA_Sea_ice_drift_concentration\ice_conc_sh_polstere-100_amsr2_202606141200.nc","8182230","23-09-2026 00:33:34","False"
"D:\SIH\IceBerg\dataSet\SIH\DATA_Sea_ice_drift_concentration\ice_conc_sh_polstere-100_amsr2_202606151200 (1).nc","8168328","23-09-2026 01:57:10","False"
"D:\SIH\IceBerg\dataSet\SIH\DATA_Sea_ice_drift_concentration\ice_conc_sh_polstere-100_amsr2_202606151200.nc","8168328","23-09-2026 00:33:36","False"
"D:\SIH\IceBerg\dataSet\SIH\DATA_Sea_ice_drift_concentration\ice_conc_sh_polstere-100_amsr2_202606161200 (1).nc","8131698","23-09-2026 01:57:12","False"
"D:\SIH\IceBerg\dataSet\SIH\DATA_Sea_ice_drift_concentration\ice_conc_sh_polstere-100_amsr2_202606161200.nc","8131698","23-09-2026 00:33:38","False"
"D:\SIH\IceBerg\dataSet\SIH\DATA_Sea_ice_drift_concentration\ice_conc_sh_polstere-100_amsr2_202606171200 (1).nc","8030067","23-09-2026 01:57:14","False"
"D:\SIH\IceBerg\dataSet\SIH\DATA_Sea_ice_drift_concentration\ice_conc_sh_polstere-100_amsr2_202606171200.nc","8030067","23-09-2026 00:33:40","False"
"D:\SIH\IceBerg\dataSet\SIH\DATA_Sea_ice_drift_concentration\ice_conc_sh_polstere-100_amsr2_202606181200 (1).nc","8111718","23-09-2026 01:57:18","False"
"D:\SIH\IceBerg\dataSet\SIH\DATA_Sea_ice_drift_concentration\ice_conc_sh_polstere-100_amsr2_202606181200.nc","8111718","23-09-2026 00:33:42","False"
"D:\SIH\IceBerg\dataSet\SIH\DATA_Sea_ice_drift_concentration\ice_conc_sh_polstere-100_amsr2_202606191200 (1).nc","8162771","23-09-2026 01:57:20","False"
"D:\SIH\IceBerg\dataSet\SIH\DATA_Sea_ice_drift_concentration\ice_conc_sh_polstere-100_amsr2_202606191200.nc","8162771","23-09-2026 00:33:44","False"
"D:\SIH\IceBerg\dataSet\SIH\DATA_Sea_ice_drift_concentration\ice_conc_sh_polstere-100_amsr2_202606201200 (1).nc","8175364","23-09-2026 01:57:22","False"
"D:\SIH\IceBerg\dataSet\SIH\DATA_Sea_ice_drift_concentration\ice_conc_sh_polstere-100_amsr2_202606201200.nc","8175364","23-09-2026 00:33:48","False"
"D:\SIH\IceBerg\dataSet\SIH\DATA_Sea_ice_drift_concentration\ice_conc_sh_polstere-100_amsr2_202606211200 (1).nc","8155852","23-09-2026 01:57:26","False"
"D:\SIH\IceBerg\dataSet\SIH\DATA_Sea_ice_drift_concentration\ice_conc_sh_polstere-100_amsr2_202606211200.nc","8155852","23-09-2026 00:33:50","False"
"D:\SIH\IceBerg\dataSet\SIH\DATA_Sea_ice_drift_concentration\ice_conc_sh_polstere-100_amsr2_202606221200 (1).nc","7942220","23-09-2026 01:57:28","False"
"D:\SIH\IceBerg\dataSet\SIH\DATA_Sea_ice_drift_concentration\ice_conc_sh_polstere-100_amsr2_202606221200.nc","7942220","23-09-2026 00:33:56","False"
"D:\SIH\IceBerg\dataSet\SIH\DATA_Sea_ice_drift_concentration\ice_conc_sh_polstere-100_amsr2_202606231200 (1).nc","8175919","23-09-2026 01:57:30","False"
"D:\SIH\IceBerg\dataSet\SIH\DATA_Sea_ice_drift_concentration\ice_conc_sh_polstere-100_amsr2_202606231200.nc","8175919","23-09-2026 00:34:04","False"
"D:\SIH\IceBerg\dataSet\SIH\DATA_Sea_ice_drift_concentration\ice_conc_sh_polstere-100_amsr2_202606241200 (1).nc","8124838","23-09-2026 01:57:34","False"
"D:\SIH\IceBerg\dataSet\SIH\DATA_Sea_ice_drift_concentration\ice_conc_sh_polstere-100_amsr2_202606241200.nc","8124838","23-09-2026 00:34:10","False"
"D:\SIH\IceBerg\dataSet\SIH\DATA_Sea_ice_drift_concentration\ice_conc_sh_polstere-100_amsr2_202606251200 (1).nc","8212992","23-09-2026 01:57:38","False"
"D:\SIH\IceBerg\dataSet\SIH\DATA_Sea_ice_drift_concentration\ice_conc_sh_polstere-100_amsr2_202606251200.nc","8212992","23-09-2026 00:34:12","False"
"D:\SIH\IceBerg\dataSet\SIH\DATA_Sea_ice_drift_concentration\ice_conc_sh_polstere-100_amsr2_202606261200 (1).nc","8151208","23-09-2026 01:57:42","False"
"D:\SIH\IceBerg\dataSet\SIH\DATA_Sea_ice_drift_concentration\ice_conc_sh_polstere-100_amsr2_202606261200.nc","8151208","23-09-2026 00:34:14","False"
"D:\SIH\IceBerg\dataSet\SIH\DATA_Sea_ice_drift_concentration\ice_conc_sh_polstere-100_amsr2_202606271200 (1).nc","8084403","23-09-2026 01:57:48","False"
"D:\SIH\IceBerg\dataSet\SIH\DATA_Sea_ice_drift_concentration\ice_conc_sh_polstere-100_amsr2_202606271200.nc","8084403","23-09-2026 00:34:16","False"
"D:\SIH\IceBerg\dataSet\SIH\DATA_Sea_ice_drift_concentration\ice_conc_sh_polstere-100_amsr2_202606281200 (1).nc","8044831","23-09-2026 01:57:52","False"
"D:\SIH\IceBerg\dataSet\SIH\DATA_Sea_ice_drift_concentration\ice_conc_sh_polstere-100_amsr2_202606281200.nc","8044831","23-09-2026 00:34:18","False"
"D:\SIH\IceBerg\dataSet\SIH\DATA_Sea_ice_drift_concentration\ice_conc_sh_polstere-100_amsr2_202606291200 (1).nc","8025673","23-09-2026 01:57:54","False"
"D:\SIH\IceBerg\dataSet\SIH\DATA_Sea_ice_drift_concentration\ice_conc_sh_polstere-100_amsr2_202606291200.nc","8025673","23-09-2026 00:34:22","False"
"D:\SIH\IceBerg\dataSet\SIH\DATA_Sea_ice_drift_concentration\ice_conc_sh_polstere-100_amsr2_202606301200 (1).nc","8049592","23-09-2026 01:57:58","False"
"D:\SIH\IceBerg\dataSet\SIH\DATA_Sea_ice_drift_concentration\ice_conc_sh_polstere-100_amsr2_202606301200.nc","8049592","23-09-2026 00:34:24","False"
"D:\SIH\IceBerg\dataSet\SIH\DATA_Sea_ice_drift_concentration\ice_conc_sh_polstere-100_amsr2_202607011200 (1).nc","7970326","23-09-2026 01:58:04","False"
"D:\SIH\IceBerg\dataSet\SIH\DATA_Sea_ice_drift_concentration\ice_conc_sh_polstere-100_amsr2_202607011200.nc","7970326","23-09-2026 00:34:54","False"
"D:\SIH\IceBerg\dataSet\SIH\DATA_Sea_ice_drift_concentration\ice_conc_sh_polstere-100_amsr2_202607021200 (1).nc","7826347","23-09-2026 01:58:06","False"
"D:\SIH\IceBerg\dataSet\SIH\DATA_Sea_ice_drift_concentration\ice_conc_sh_polstere-100_amsr2_202607021200.nc","7826347","23-09-2026 00:34:58","False"
"D:\SIH\IceBerg\dataSet\SIH\DATA_Sea_ice_drift_concentration\ice_conc_sh_polstere-100_amsr2_202607031200 (1).nc","7895790","23-09-2026 01:58:10","False"
"D:\SIH\IceBerg\dataSet\SIH\DATA_Sea_ice_drift_concentration\ice_conc_sh_polstere-100_amsr2_202607031200.nc","7895790","23-09-2026 00:35:00","False"
"D:\SIH\IceBerg\dataSet\SIH\DATA_Sea_ice_drift_concentration\ice_conc_sh_polstere-100_amsr2_202607041200 (1).nc","7811147","23-09-2026 01:58:14","False"
"D:\SIH\IceBerg\dataSet\SIH\DATA_Sea_ice_drift_concentration\ice_conc_sh_polstere-100_amsr2_202607041200.nc","7811147","23-09-2026 00:35:04","False"
"D:\SIH\IceBerg\dataSet\SIH\DATA_Sea_ice_drift_concentration\ice_conc_sh_polstere-100_amsr2_202607051200 (1).nc","7921376","23-09-2026 01:58:16","False"
"D:\SIH\IceBerg\dataSet\SIH\DATA_Sea_ice_drift_concentration\ice_conc_sh_polstere-100_amsr2_202607051200.nc","7921376","23-09-2026 00:35:06","False"
"D:\SIH\IceBerg\dataSet\SIH\DATA_Sea_ice_drift_concentration\ice_conc_sh_polstere-100_amsr2_202607061200 (1).nc","7919249","23-09-2026 01:58:20","False"
"D:\SIH\IceBerg\dataSet\SIH\DATA_Sea_ice_drift_concentration\ice_conc_sh_polstere-100_amsr2_202607061200.nc","7919249","23-09-2026 00:35:08","False"
"D:\SIH\IceBerg\dataSet\SIH\DATA_Sea_ice_drift_concentration\ice_conc_sh_polstere-100_amsr2_202607071200 (1).nc","7958898","23-09-2026 01:58:24","False"
"D:\SIH\IceBerg\dataSet\SIH\DATA_Sea_ice_drift_concentration\ice_conc_sh_polstere-100_amsr2_202607071200.nc","7958898","23-09-2026 00:35:10","False"
"D:\SIH\IceBerg\dataSet\SIH\DATA_Sea_ice_drift_concentration\ice_conc_sh_polstere-100_amsr2_202607081200 (1).nc","7935616","23-09-2026 01:58:26","False"
"D:\SIH\IceBerg\dataSet\SIH\DATA_Sea_ice_drift_concentration\ice_conc_sh_polstere-100_amsr2_202607081200.nc","7935616","23-09-2026 00:35:14","False"
"D:\SIH\IceBerg\dataSet\SIH\DATA_Sea_ice_drift_concentration\ice_conc_sh_polstere-100_amsr2_202607091200 (1).nc","7808320","23-09-2026 01:58:28","False"
"D:\SIH\IceBerg\dataSet\SIH\DATA_Sea_ice_drift_concentration\ice_conc_sh_polstere-100_amsr2_202607091200.nc","7808320","23-09-2026 00:35:16","False"
"D:\SIH\IceBerg\dataSet\SIH\DATA_Sea_ice_drift_concentration\ice_conc_sh_polstere-100_amsr2_202607101200 (1).nc","7619662","23-09-2026 01:58:32","False"
"D:\SIH\IceBerg\dataSet\SIH\DATA_Sea_ice_drift_concentration\ice_conc_sh_polstere-100_amsr2_202607101200.nc","7619662","23-09-2026 00:35:18","False"
"D:\SIH\IceBerg\dataSet\SIH\DATA_Sea_ice_drift_concentration\ice_conc_sh_polstere-100_amsr2_202607111200 (1).nc","7690841","23-09-2026 01:58:36","False"
"D:\SIH\IceBerg\dataSet\SIH\DATA_Sea_ice_drift_concentration\ice_conc_sh_polstere-100_amsr2_202607111200.nc","7690841","23-09-2026 00:35:20","False"
"D:\SIH\IceBerg\dataSet\SIH\DATA_Sea_ice_drift_concentration\ice_conc_sh_polstere-100_amsr2_202607121200 (1).nc","7755109","23-09-2026 01:58:42","False"
"D:\SIH\IceBerg\dataSet\SIH\DATA_Sea_ice_drift_concentration\ice_conc_sh_polstere-100_amsr2_202607121200.nc","7755109","23-09-2026 00:35:22","False"
"D:\SIH\IceBerg\dataSet\SIH\DATA_Sea_ice_drift_concentration\ice_conc_sh_polstere-100_amsr2_202607131200 (1).nc","7877186","23-09-2026 01:58:48","False"
"D:\SIH\IceBerg\dataSet\SIH\DATA_Sea_ice_drift_concentration\ice_conc_sh_polstere-100_amsr2_202607131200.nc","7877186","23-09-2026 00:35:26","False"
"D:\SIH\IceBerg\dataSet\SIH\DATA_Sea_ice_drift_concentration\ice_conc_sh_polstere-100_amsr2_202607141200 (1).nc","8021958","23-09-2026 01:58:54","False"
"D:\SIH\IceBerg\dataSet\SIH\DATA_Sea_ice_drift_concentration\ice_conc_sh_polstere-100_amsr2_202607141200.nc","8021958","23-09-2026 00:35:28","False"
"D:\SIH\IceBerg\dataSet\SIH\DATA_Sea_ice_drift_concentration\ice_conc_sh_polstere-100_amsr2_202607151200 (1).nc","7970394","23-09-2026 01:58:58","False"
"D:\SIH\IceBerg\dataSet\SIH\DATA_Sea_ice_drift_concentration\ice_conc_sh_polstere-100_amsr2_202607151200.nc","7970394","23-09-2026 00:35:30","False"
"D:\SIH\IceBerg\dataSet\SIH\DATA_Sea_ice_drift_concentration\ice_conc_sh_polstere-100_amsr2_202607161200 (1).nc","7785536","23-09-2026 01:59:04","False"
"D:\SIH\IceBerg\dataSet\SIH\DATA_Sea_ice_drift_concentration\ice_conc_sh_polstere-100_amsr2_202607161200.nc","7785536","23-09-2026 00:35:32","False"
"D:\SIH\IceBerg\dataSet\SIH\DATA_Sea_ice_drift_concentration\ice_conc_sh_polstere-100_amsr2_202607171200 (1).nc","7756376","23-09-2026 01:59:08","False"
"D:\SIH\IceBerg\dataSet\SIH\DATA_Sea_ice_drift_concentration\ice_conc_sh_polstere-100_amsr2_202607171200.nc","7756376","23-09-2026 00:35:34","False"
"D:\SIH\IceBerg\dataSet\SIH\DATA_Sea_ice_drift_concentration\ice_conc_sh_polstere-100_amsr2_202607181200 (1).nc","7781258","23-09-2026 01:59:14","False"
"D:\SIH\IceBerg\dataSet\SIH\DATA_Sea_ice_drift_concentration\ice_conc_sh_polstere-100_amsr2_202607181200.nc","7781258","23-09-2026 00:35:36","False"
"D:\SIH\IceBerg\dataSet\SIH\DATA_Sea_ice_drift_concentration\ice_conc_sh_polstere-100_amsr2_202607191200 (1).nc","7835656","23-09-2026 01:59:18","False"
"D:\SIH\IceBerg\dataSet\SIH\DATA_Sea_ice_drift_concentration\ice_conc_sh_polstere-100_amsr2_202607191200.nc","7835656","23-09-2026 00:35:38","False"
"D:\SIH\IceBerg\dataSet\SIH\DATA_Sea_ice_drift_concentration\ice_conc_sh_polstere-100_amsr2_202607201200 (1).nc","7907728","23-09-2026 01:59:22","False"
"D:\SIH\IceBerg\dataSet\SIH\DATA_Sea_ice_drift_concentration\ice_conc_sh_polstere-100_amsr2_202607201200.nc","7907728","23-09-2026 00:35:40","False"
"D:\SIH\IceBerg\dataSet\SIH\DATA_Sea_ice_drift_concentration\ice_conc_sh_polstere-100_amsr2_202607211200 (1).nc","7959526","23-09-2026 01:59:26","False"
"D:\SIH\IceBerg\dataSet\SIH\DATA_Sea_ice_drift_concentration\ice_conc_sh_polstere-100_amsr2_202607211200.nc","7959526","23-09-2026 00:35:42","False"
"D:\SIH\IceBerg\dataSet\SIH\DATA_Sea_ice_drift_concentration\ice_conc_sh_polstere-100_amsr2_202607221200 (1).nc","8042142","23-09-2026 01:59:30","False"
"D:\SIH\IceBerg\dataSet\SIH\DATA_Sea_ice_drift_concentration\ice_conc_sh_polstere-100_amsr2_202607221200.nc","8042142","23-09-2026 00:35:44","False"
"D:\SIH\IceBerg\dataSet\SIH\DATA_Sea_ice_drift_concentration\ice_conc_sh_polstere-100_amsr2_202607231200 (1).nc","8030565","23-09-2026 01:59:34","False"
"D:\SIH\IceBerg\dataSet\SIH\DATA_Sea_ice_drift_concentration\ice_conc_sh_polstere-100_amsr2_202607231200.nc","8030565","23-09-2026 00:35:46","False"
"D:\SIH\IceBerg\dataSet\SIH\DATA_Sea_ice_drift_concentration\ice_conc_sh_polstere-100_amsr2_202607241200 (1).nc","7909221","23-09-2026 01:59:38","False"
"D:\SIH\IceBerg\dataSet\SIH\DATA_Sea_ice_drift_concentration\ice_conc_sh_polstere-100_amsr2_202607241200.nc","7909221","23-09-2026 00:35:50","False"
"D:\SIH\IceBerg\dataSet\SIH\DATA_Sea_ice_drift_concentration\ice_conc_sh_polstere-100_amsr2_202607251200 (1).nc","8001631","23-09-2026 01:59:42","False"
"D:\SIH\IceBerg\dataSet\SIH\DATA_Sea_ice_drift_concentration\ice_conc_sh_polstere-100_amsr2_202607251200.nc","8001631","23-09-2026 00:35:52","False"
"D:\SIH\IceBerg\dataSet\SIH\DATA_Sea_ice_drift_concentration\ice_conc_sh_polstere-100_amsr2_202607261200 (1).nc","8010366","23-09-2026 01:59:48","False"
"D:\SIH\IceBerg\dataSet\SIH\DATA_Sea_ice_drift_concentration\ice_conc_sh_polstere-100_amsr2_202607261200.nc","8010366","23-09-2026 00:35:54","False"
"D:\SIH\IceBerg\dataSet\SIH\DATA_Sea_ice_drift_concentration\ice_conc_sh_polstere-100_amsr2_202607271200 (1).nc","8073968","23-09-2026 01:59:50","False"
"D:\SIH\IceBerg\dataSet\SIH\DATA_Sea_ice_drift_concentration\ice_conc_sh_polstere-100_amsr2_202607271200.nc","8073968","23-09-2026 00:35:56","False"
"D:\SIH\IceBerg\dataSet\SIH\DATA_Sea_ice_drift_concentration\ice_conc_sh_polstere-100_amsr2_202607281200 (1).nc","8039297","23-09-2026 01:59:54","False"
"D:\SIH\IceBerg\dataSet\SIH\DATA_Sea_ice_drift_concentration\ice_conc_sh_polstere-100_amsr2_202607281200.nc","8039297","23-09-2026 00:35:58","False"
"D:\SIH\IceBerg\dataSet\SIH\DATA_Sea_ice_drift_concentration\ice_conc_sh_polstere-100_amsr2_202607291200 (1).nc","7921123","23-09-2026 02:00:00","False"
"D:\SIH\IceBerg\dataSet\SIH\DATA_Sea_ice_drift_concentration\ice_conc_sh_polstere-100_amsr2_202607291200.nc","7921123","23-09-2026 00:36:00","False"
"D:\SIH\IceBerg\dataSet\SIH\DATA_Sea_ice_drift_concentration\ice_conc_sh_polstere-100_amsr2_202607301200 (1).nc","8028611","23-09-2026 02:00:04","False"
"D:\SIH\IceBerg\dataSet\SIH\DATA_Sea_ice_drift_concentration\ice_conc_sh_polstere-100_amsr2_202607301200.nc","8028611","23-09-2026 00:36:02","False"
"D:\SIH\IceBerg\dataSet\SIH\DATA_Sea_ice_drift_concentration\ice_conc_sh_polstere-100_amsr2_202607311200 (1).nc","8057677","23-09-2026 02:00:08","False"
"D:\SIH\IceBerg\dataSet\SIH\DATA_Sea_ice_drift_concentration\ice_conc_sh_polstere-100_amsr2_202607311200.nc","8057677","23-09-2026 00:36:04","False"
"D:\SIH\IceBerg\dataSet\SIH\DATA_Sea_ice_drift_concentration\ice_conc_sh_polstere-100_amsr2_202608011200 (1).nc","8076189","23-09-2026 02:00:16","False"
"D:\SIH\IceBerg\dataSet\SIH\DATA_Sea_ice_drift_concentration\ice_conc_sh_polstere-100_amsr2_202608011200.nc","8076189","23-09-2026 00:36:12","False"
"D:\SIH\IceBerg\dataSet\SIH\DATA_Sea_ice_drift_concentration\ice_conc_sh_polstere-100_amsr2_202608021200 (1).nc","8019444","23-09-2026 02:00:18","False"
"D:\SIH\IceBerg\dataSet\SIH\DATA_Sea_ice_drift_concentration\ice_conc_sh_polstere-100_amsr2_202608021200.nc","8019444","23-09-2026 00:36:16","False"
"D:\SIH\IceBerg\dataSet\SIH\DATA_Sea_ice_drift_concentration\ice_conc_sh_polstere-100_amsr2_202608031200 (1).nc","7971470","23-09-2026 02:00:22","False"
"D:\SIH\IceBerg\dataSet\SIH\DATA_Sea_ice_drift_concentration\ice_conc_sh_polstere-100_amsr2_202608031200.nc","7971470","23-09-2026 00:36:18","False"
"D:\SIH\IceBerg\dataSet\SIH\DATA_Sea_ice_drift_concentration\ice_conc_sh_polstere-100_amsr2_202608041200 (1).nc","7961096","23-09-2026 02:00:26","False"
"D:\SIH\IceBerg\dataSet\SIH\DATA_Sea_ice_drift_concentration\ice_conc_sh_polstere-100_amsr2_202608041200.nc","7961096","23-09-2026 00:36:20","False"
"D:\SIH\IceBerg\dataSet\SIH\DATA_Sea_ice_drift_concentration\ice_conc_sh_polstere-100_amsr2_202608051200 (1).nc","8001240","23-09-2026 02:00:32","False"
"D:\SIH\IceBerg\dataSet\SIH\DATA_Sea_ice_drift_concentration\ice_conc_sh_polstere-100_amsr2_202608051200.nc","8001240","23-09-2026 00:36:22","False"
"D:\SIH\IceBerg\dataSet\SIH\DATA_Sea_ice_drift_concentration\ice_conc_sh_polstere-100_amsr2_202608061200 (1).nc","7973048","23-09-2026 02:00:36","False"
"D:\SIH\IceBerg\dataSet\SIH\DATA_Sea_ice_drift_concentration\ice_conc_sh_polstere-100_amsr2_202608061200.nc","7973048","23-09-2026 00:36:24","False"
"D:\SIH\IceBerg\dataSet\SIH\DATA_Sea_ice_drift_concentration\ice_conc_sh_polstere-100_amsr2_202608071200 (1).nc","7947976","23-09-2026 02:00:42","False"
"D:\SIH\IceBerg\dataSet\SIH\DATA_Sea_ice_drift_concentration\ice_conc_sh_polstere-100_amsr2_202608071200.nc","7947976","23-09-2026 00:36:26","False"
"D:\SIH\IceBerg\dataSet\SIH\DATA_Sea_ice_drift_concentration\ice_conc_sh_polstere-100_amsr2_202608081200 (1).nc","8167948","23-09-2026 02:00:46","False"
"D:\SIH\IceBerg\dataSet\SIH\DATA_Sea_ice_drift_concentration\ice_conc_sh_polstere-100_amsr2_202608081200.nc","8167948","23-09-2026 00:36:30","False"
"D:\SIH\IceBerg\dataSet\SIH\DATA_Sea_ice_drift_concentration\ice_conc_sh_polstere-100_amsr2_202608091200 (1).nc","8193465","23-09-2026 02:00:48","False"
"D:\SIH\IceBerg\dataSet\SIH\DATA_Sea_ice_drift_concentration\ice_conc_sh_polstere-100_amsr2_202608091200.nc","8193465","23-09-2026 00:36:34","False"
"D:\SIH\IceBerg\dataSet\SIH\DATA_Sea_ice_drift_concentration\ice_conc_sh_polstere-100_amsr2_202608101200 (1).nc","8089508","23-09-2026 02:00:52","False"
"D:\SIH\IceBerg\dataSet\SIH\DATA_Sea_ice_drift_concentration\ice_conc_sh_polstere-100_amsr2_202608101200.nc","8089508","23-09-2026 00:36:36","False"
"D:\SIH\IceBerg\dataSet\SIH\DATA_Sea_ice_drift_concentration\ice_conc_sh_polstere-100_amsr2_202608111200 (1).nc","8016894","23-09-2026 02:00:56","False"
"D:\SIH\IceBerg\dataSet\SIH\DATA_Sea_ice_drift_concentration\ice_conc_sh_polstere-100_amsr2_202608111200.nc","8016894","23-09-2026 00:36:38","False"
"D:\SIH\IceBerg\dataSet\SIH\DATA_Sea_ice_drift_concentration\ice_conc_sh_polstere-100_amsr2_202608121200 (1).nc","8005367","23-09-2026 02:00:58","False"
"D:\SIH\IceBerg\dataSet\SIH\DATA_Sea_ice_drift_concentration\ice_conc_sh_polstere-100_amsr2_202608121200.nc","8005367","23-09-2026 00:36:42","False"
"D:\SIH\IceBerg\dataSet\SIH\DATA_Sea_ice_drift_concentration\ice_conc_sh_polstere-100_amsr2_202608131200 (1).nc","7920246","23-09-2026 02:01:02","False"
"D:\SIH\IceBerg\dataSet\SIH\DATA_Sea_ice_drift_concentration\ice_conc_sh_polstere-100_amsr2_202608131200.nc","7920246","23-09-2026 00:36:46","False"
"D:\SIH\IceBerg\dataSet\SIH\DATA_Sea_ice_drift_concentration\ice_conc_sh_polstere-100_amsr2_202608141200 (1).nc","7886941","23-09-2026 02:01:06","False"
"D:\SIH\IceBerg\dataSet\SIH\DATA_Sea_ice_drift_concentration\ice_conc_sh_polstere-100_amsr2_202608141200.nc","7886941","23-09-2026 00:36:48","False"
"D:\SIH\IceBerg\dataSet\SIH\DATA_Sea_ice_drift_concentration\ice_conc_sh_polstere-100_amsr2_202608151200 (1).nc","7863825","23-09-2026 02:01:12","False"
"D:\SIH\IceBerg\dataSet\SIH\DATA_Sea_ice_drift_concentration\ice_conc_sh_polstere-100_amsr2_202608151200.nc","7863825","23-09-2026 00:36:50","False"
"D:\SIH\IceBerg\dataSet\SIH\DATA_Sea_ice_drift_concentration\ice_conc_sh_polstere-100_amsr2_202608161200 (1).nc","7867652","23-09-2026 02:01:16","False"
"D:\SIH\IceBerg\dataSet\SIH\DATA_Sea_ice_drift_concentration\ice_conc_sh_polstere-100_amsr2_202608161200.nc","7867652","23-09-2026 00:36:52","False"
"D:\SIH\IceBerg\dataSet\SIH\DATA_Sea_ice_drift_concentration\ice_conc_sh_polstere-100_amsr2_202608171200 (1).nc","7924219","23-09-2026 02:01:20","False"
"D:\SIH\IceBerg\dataSet\SIH\DATA_Sea_ice_drift_concentration\ice_conc_sh_polstere-100_amsr2_202608171200.nc","7924219","23-09-2026 00:36:54","False"
"D:\SIH\IceBerg\dataSet\SIH\DATA_Sea_ice_drift_concentration\ice_conc_sh_polstere-100_amsr2_202608181200 (1).nc","6326259","23-09-2026 02:01:22","False"
"D:\SIH\IceBerg\dataSet\SIH\DATA_Sea_ice_drift_concentration\ice_conc_sh_polstere-100_amsr2_202608181200.nc","6326259","23-09-2026 00:36:58","False"
"D:\SIH\IceBerg\dataSet\SIH\DATA_Sea_ice_drift_concentration\ice_conc_sh_polstere-100_amsr2_202608201200 (1).nc","6163102","23-09-2026 02:01:24","False"
"D:\SIH\IceBerg\dataSet\SIH\DATA_Sea_ice_drift_concentration\ice_conc_sh_polstere-100_amsr2_202608201200.nc","6163102","23-09-2026 00:37:00","False"
"D:\SIH\IceBerg\dataSet\SIH\DATA_Sea_ice_drift_concentration\ice_conc_sh_polstere-100_amsr2_202608211200 (1).nc","8103786","23-09-2026 02:01:28","False"
"D:\SIH\IceBerg\dataSet\SIH\DATA_Sea_ice_drift_concentration\ice_conc_sh_polstere-100_amsr2_202608211200.nc","8103786","23-09-2026 00:37:02","False"
"D:\SIH\IceBerg\dataSet\SIH\DATA_Sea_ice_drift_concentration\ice_conc_sh_polstere-100_amsr2_202608221200 (1).nc","7978240","23-09-2026 02:01:32","False"
"D:\SIH\IceBerg\dataSet\SIH\DATA_Sea_ice_drift_concentration\ice_conc_sh_polstere-100_amsr2_202608221200.nc","7978240","23-09-2026 00:37:04","False"
"D:\SIH\IceBerg\dataSet\SIH\DATA_Sea_ice_drift_concentration\ice_conc_sh_polstere-100_amsr2_202608231200 (1).nc","7914286","23-09-2026 02:01:38","False"
"D:\SIH\IceBerg\dataSet\SIH\DATA_Sea_ice_drift_concentration\ice_conc_sh_polstere-100_amsr2_202608231200.nc","7914286","23-09-2026 00:37:06","False"
"D:\SIH\IceBerg\dataSet\SIH\DATA_Sea_ice_drift_concentration\ice_conc_sh_polstere-100_amsr2_202608241200 (1).nc","7859725","23-09-2026 02:01:42","False"
"D:\SIH\IceBerg\dataSet\SIH\DATA_Sea_ice_drift_concentration\ice_conc_sh_polstere-100_amsr2_202608241200.nc","7859725","23-09-2026 00:37:10","False"
"D:\SIH\IceBerg\dataSet\SIH\DATA_Sea_ice_drift_concentration\ice_conc_sh_polstere-100_amsr2_202608251200 (1).nc","7894253","23-09-2026 02:01:46","False"
"D:\SIH\IceBerg\dataSet\SIH\DATA_Sea_ice_drift_concentration\ice_conc_sh_polstere-100_amsr2_202608251200.nc","7894253","23-09-2026 00:37:12","False"
"D:\SIH\IceBerg\dataSet\SIH\DATA_Sea_ice_drift_concentration\ice_conc_sh_polstere-100_amsr2_202608261200 (1).nc","7840532","23-09-2026 02:01:48","False"
"D:\SIH\IceBerg\dataSet\SIH\DATA_Sea_ice_drift_concentration\ice_conc_sh_polstere-100_amsr2_202608261200.nc","7840532","23-09-2026 00:37:16","False"
"D:\SIH\IceBerg\dataSet\SIH\DATA_Sea_ice_drift_concentration\ice_conc_sh_polstere-100_amsr2_202608271200 (1).nc","7873686","23-09-2026 02:01:52","False"
"D:\SIH\IceBerg\dataSet\SIH\DATA_Sea_ice_drift_concentration\ice_conc_sh_polstere-100_amsr2_202608271200.nc","7873686","23-09-2026 00:37:18","False"
"D:\SIH\IceBerg\dataSet\SIH\DATA_Sea_ice_drift_concentration\ice_conc_sh_polstere-100_amsr2_202608281200 (1).nc","7957197","23-09-2026 02:01:54","False"
"D:\SIH\IceBerg\dataSet\SIH\DATA_Sea_ice_drift_concentration\ice_conc_sh_polstere-100_amsr2_202608281200.nc","7957197","23-09-2026 00:37:20","False"
"D:\SIH\IceBerg\dataSet\SIH\DATA_Sea_ice_drift_concentration\ice_conc_sh_polstere-100_amsr2_202608291200 (1).nc","7910963","23-09-2026 02:01:58","False"
"D:\SIH\IceBerg\dataSet\SIH\DATA_Sea_ice_drift_concentration\ice_conc_sh_polstere-100_amsr2_202608291200.nc","7910963","23-09-2026 00:37:24","False"
"D:\SIH\IceBerg\dataSet\SIH\DATA_Sea_ice_drift_concentration\ice_conc_sh_polstere-100_amsr2_202608301200 (1).nc","7886384","23-09-2026 02:02:04","False"
"D:\SIH\IceBerg\dataSet\SIH\DATA_Sea_ice_drift_concentration\ice_conc_sh_polstere-100_amsr2_202608301200.nc","7886384","23-09-2026 00:37:26","False"
"D:\SIH\IceBerg\dataSet\SIH\DATA_Sea_ice_drift_concentration\ice_conc_sh_polstere-100_amsr3_202608311200 (1).nc","7159192","23-09-2026 02:02:06","False"
"D:\SIH\IceBerg\dataSet\SIH\DATA_Sea_ice_drift_concentration\ice_conc_sh_polstere-100_amsr3_202608311200.nc","7159192","23-09-2026 00:37:28","False"
"D:\SIH\IceBerg\dataSet\SIH\DATA_Sea_ice_drift_concentration\ice_conc_sh_polstere-100_multi_202303231200 (1).nc","8320223","23-09-2026 01:04:48","False"
"D:\SIH\IceBerg\dataSet\SIH\DATA_Sea_ice_drift_concentration\ice_conc_sh_polstere-100_multi_202303231200.nc","8320223","23-09-2026 01:04:34","False"
"D:\SIH\IceBerg\dataSet\SIH\DATA_Sea_ice_drift_concentration\ice_conc_sh_polstere-100_multi_202303241200 (1).nc","8315634","23-09-2026 01:04:50","False"
"D:\SIH\IceBerg\dataSet\SIH\DATA_Sea_ice_drift_concentration\ice_conc_sh_polstere-100_multi_202303241200.nc","8315634","23-09-2026 01:04:38","False"
"D:\SIH\IceBerg\dataSet\SIH\DATA_Sea_ice_drift_concentration\ice_conc_sh_polstere-100_multi_202303251200 (1).nc","8320090","23-09-2026 01:04:50","False"
"D:\SIH\IceBerg\dataSet\SIH\DATA_Sea_ice_drift_concentration\ice_conc_sh_polstere-100_multi_202303251200.nc","8320090","23-09-2026 01:04:42","False"
"D:\SIH\IceBerg\dataSet\SIH\DATA_Sea_ice_drift_concentration\ice_conc_sh_polstere-100_multi_202303311200 (1).nc","8253068","23-09-2026 01:04:50","False"
"D:\SIH\IceBerg\dataSet\SIH\DATA_Sea_ice_drift_concentration\ice_conc_sh_polstere-100_multi_202303311200.nc","8253068","23-09-2026 01:04:46","False"
"D:\SIH\IceBerg\dataSet\SIH\DATA_Sea_ice_drift_concentration\ice_conc_sh_polstere-100_multi_202304011200.nc","8224768","23-09-2026 01:05:00","False"
"D:\SIH\IceBerg\dataSet\SIH\DATA_Sea_ice_drift_concentration\ice_conc_sh_polstere-100_multi_202304021200.nc","8247214","23-09-2026 01:05:04","False"
"D:\SIH\IceBerg\dataSet\SIH\DATA_Sea_ice_drift_concentration\ice_conc_sh_polstere-100_multi_202304031200.nc","8220631","23-09-2026 01:05:08","False"
"D:\SIH\IceBerg\dataSet\SIH\DATA_Sea_ice_drift_concentration\ice_conc_sh_polstere-100_multi_202304041200.nc","8207957","23-09-2026 01:05:12","False"
"D:\SIH\IceBerg\dataSet\SIH\DATA_Sea_ice_drift_concentration\ice_conc_sh_polstere-100_multi_202304051200.nc","8191453","23-09-2026 01:05:16","False"
"D:\SIH\IceBerg\dataSet\SIH\DATA_Sea_ice_drift_concentration\ice_conc_sh_polstere-100_multi_202304061200.nc","8298569","23-09-2026 01:05:18","False"
"D:\SIH\IceBerg\dataSet\SIH\DATA_Sea_ice_drift_concentration\ice_conc_sh_polstere-100_multi_202304071200.nc","8272310","23-09-2026 01:05:22","False"
"D:\SIH\IceBerg\dataSet\SIH\DATA_Sea_ice_drift_concentration\ice_conc_sh_polstere-100_multi_202304081200.nc","8224875","23-09-2026 01:05:26","False"
"D:\SIH\IceBerg\dataSet\SIH\DATA_Sea_ice_drift_concentration\ice_conc_sh_polstere-100_multi_202304091200.nc","8283820","23-09-2026 01:05:30","False"
"D:\SIH\IceBerg\dataSet\SIH\DATA_Sea_ice_drift_concentration\ice_conc_sh_polstere-100_multi_202304101200.nc","8331485","23-09-2026 01:05:36","False"
"D:\SIH\IceBerg\dataSet\SIH\DATA_Sea_ice_drift_concentration\ice_conc_sh_polstere-100_multi_202304111200.nc","8249797","23-09-2026 01:05:40","False"
"D:\SIH\IceBerg\dataSet\SIH\DATA_Sea_ice_drift_concentration\ice_conc_sh_polstere-100_multi_202304121200.nc","8186352","23-09-2026 01:05:46","False"
"D:\SIH\IceBerg\dataSet\SIH\DATA_Sea_ice_drift_concentration\ice_conc_sh_polstere-100_multi_202304131200.nc","8127984","23-09-2026 01:05:50","False"
"D:\SIH\IceBerg\dataSet\SIH\DATA_Sea_ice_drift_concentration\ice_conc_sh_polstere-100_multi_202304141200.nc","8234658","23-09-2026 01:05:52","False"
"D:\SIH\IceBerg\dataSet\SIH\DATA_Sea_ice_drift_concentration\ice_conc_sh_polstere-100_multi_202304151200.nc","8180861","23-09-2026 01:05:56","False"
"D:\SIH\IceBerg\dataSet\SIH\DATA_Sea_ice_drift_concentration\ice_conc_sh_polstere-100_multi_202304161200.nc","8200501","23-09-2026 01:06:00","False"
"D:\SIH\IceBerg\dataSet\SIH\DATA_Sea_ice_drift_concentration\ice_conc_sh_polstere-100_multi_202304171200.nc","8118665","23-09-2026 01:06:04","False"
"D:\SIH\IceBerg\dataSet\SIH\DATA_Sea_ice_drift_concentration\ice_conc_sh_polstere-100_multi_202304181200.nc","8220955","23-09-2026 01:06:06","False"
"D:\SIH\IceBerg\dataSet\SIH\DATA_Sea_ice_drift_concentration\ice_conc_sh_polstere-100_multi_202304191200.nc","8119758","23-09-2026 01:06:08","False"
"D:\SIH\IceBerg\dataSet\SIH\DATA_Sea_ice_drift_concentration\ice_conc_sh_polstere-100_multi_202304201200.nc","8116917","23-09-2026 01:06:12","False"
"D:\SIH\IceBerg\dataSet\SIH\DATA_Sea_ice_drift_concentration\ice_conc_sh_polstere-100_multi_202304211200.nc","8156074","23-09-2026 01:06:14","False"
"D:\SIH\IceBerg\dataSet\SIH\DATA_Sea_ice_drift_concentration\ice_conc_sh_polstere-100_multi_202304241200.nc","8293186","23-09-2026 01:06:18","False"
"D:\SIH\IceBerg\dataSet\SIH\DATA_Sea_ice_drift_concentration\ice_conc_sh_polstere-100_multi_202304251200.nc","8204617","23-09-2026 01:06:22","False"
"D:\SIH\IceBerg\dataSet\SIH\DATA_Sea_ice_drift_concentration\ice_conc_sh_polstere-100_multi_202304261200.nc","8044595","23-09-2026 01:06:24","False"
"D:\SIH\IceBerg\dataSet\SIH\DATA_Sea_ice_drift_concentration\ice_conc_sh_polstere-100_multi_202304271200.nc","8140307","23-09-2026 01:06:28","False"
"D:\SIH\IceBerg\dataSet\SIH\DATA_Sea_ice_drift_concentration\ice_conc_sh_polstere-100_multi_202304281200.nc","8287694","23-09-2026 01:06:30","False"
"D:\SIH\IceBerg\dataSet\SIH\DATA_Sea_ice_drift_concentration\ice_conc_sh_polstere-100_multi_202304291200.nc","8275742","23-09-2026 01:06:34","False"
"D:\SIH\IceBerg\dataSet\SIH\DATA_Sea_ice_drift_concentration\ice_conc_sh_polstere-100_multi_202304301200.nc","8248235","23-09-2026 01:06:40","False"
"D:\SIH\IceBerg\dataSet\SIH\DATA_Sea_ice_drift_concentration\ice_conc_sh_polstere-100_multi_202305011200.nc","8204217","23-09-2026 01:06:46","False"
"D:\SIH\IceBerg\dataSet\SIH\DATA_Sea_ice_drift_concentration\ice_conc_sh_polstere-100_multi_202305021200.nc","8255185","23-09-2026 01:06:50","False"
"D:\SIH\IceBerg\dataSet\SIH\DATA_Sea_ice_drift_concentration\ice_conc_sh_polstere-100_multi_202305031200.nc","8208103","23-09-2026 01:06:56","False"
"D:\SIH\IceBerg\dataSet\SIH\DATA_Sea_ice_drift_concentration\ice_conc_sh_polstere-100_multi_202305041200.nc","8353232","23-09-2026 01:07:00","False"
"D:\SIH\IceBerg\dataSet\SIH\DATA_Sea_ice_drift_concentration\ice_conc_sh_polstere-100_multi_202305051200.nc","8275210","23-09-2026 01:07:04","False"
"D:\SIH\IceBerg\dataSet\SIH\DATA_Sea_ice_drift_concentration\ice_conc_sh_polstere-100_multi_202305061200.nc","8279944","23-09-2026 01:07:08","False"
"D:\SIH\IceBerg\dataSet\SIH\DATA_Sea_ice_drift_concentration\ice_conc_sh_polstere-100_multi_202305071200.nc","8279401","23-09-2026 01:07:10","False"
"D:\SIH\IceBerg\dataSet\SIH\DATA_Sea_ice_drift_concentration\ice_conc_sh_polstere-100_multi_202305081200.nc","8246692","23-09-2026 01:07:14","False"
"D:\SIH\IceBerg\dataSet\SIH\DATA_Sea_ice_drift_concentration\ice_conc_sh_polstere-100_multi_202305091200.nc","8274037","23-09-2026 01:07:18","False"
"D:\SIH\IceBerg\dataSet\SIH\DATA_Sea_ice_drift_concentration\ice_conc_sh_polstere-100_multi_202305101200.nc","8347616","23-09-2026 01:07:22","False"
"D:\SIH\IceBerg\dataSet\SIH\DATA_Sea_ice_drift_concentration\ice_conc_sh_polstere-100_multi_202305111200.nc","8358473","23-09-2026 01:07:26","False"
"D:\SIH\IceBerg\dataSet\SIH\DATA_Sea_ice_drift_concentration\ice_conc_sh_polstere-100_multi_202305121200.nc","8272071","23-09-2026 01:07:28","False"
"D:\SIH\IceBerg\dataSet\SIH\DATA_Sea_ice_drift_concentration\ice_conc_sh_polstere-100_multi_202305131200.nc","8225933","23-09-2026 01:07:32","False"
"D:\SIH\IceBerg\dataSet\SIH\DATA_Sea_ice_drift_concentration\ice_conc_sh_polstere-100_multi_202305141200.nc","8222706","23-09-2026 01:07:34","False"
"D:\SIH\IceBerg\dataSet\SIH\DATA_Sea_ice_drift_concentration\ice_conc_sh_polstere-100_multi_202305151200.nc","8230371","23-09-2026 01:07:38","False"
"D:\SIH\IceBerg\dataSet\SIH\DATA_Sea_ice_drift_concentration\ice_conc_sh_polstere-100_multi_202305161200.nc","8161304","23-09-2026 01:07:42","False"
"D:\SIH\IceBerg\dataSet\SIH\DATA_Sea_ice_drift_concentration\ice_conc_sh_polstere-100_multi_202305171200.nc","8208724","23-09-2026 01:07:44","False"
"D:\SIH\IceBerg\dataSet\SIH\DATA_Sea_ice_drift_concentration\ice_conc_sh_polstere-100_multi_202305181200.nc","8137186","23-09-2026 01:07:48","False"
"D:\SIH\IceBerg\dataSet\SIH\DATA_Sea_ice_drift_concentration\ice_conc_sh_polstere-100_multi_202305191200.nc","8194272","23-09-2026 01:07:52","False"
"D:\SIH\IceBerg\dataSet\SIH\DATA_Sea_ice_drift_concentration\ice_conc_sh_polstere-100_multi_202305201200.nc","8262480","23-09-2026 01:07:56","False"
"D:\SIH\IceBerg\dataSet\SIH\DATA_Sea_ice_drift_concentration\ice_conc_sh_polstere-100_multi_202305211200.nc","8202317","23-09-2026 01:08:00","False"
"D:\SIH\IceBerg\dataSet\SIH\DATA_Sea_ice_drift_concentration\ice_conc_sh_polstere-100_multi_202305221200.nc","8023974","23-09-2026 01:08:04","False"
"D:\SIH\IceBerg\dataSet\SIH\DATA_Sea_ice_drift_concentration\ice_conc_sh_polstere-100_multi_202305231200.nc","8219147","23-09-2026 01:08:06","False"
"D:\SIH\IceBerg\dataSet\SIH\DATA_Sea_ice_drift_concentration\ice_conc_sh_polstere-100_multi_202305241200.nc","8227518","23-09-2026 01:08:10","False"
"D:\SIH\IceBerg\dataSet\SIH\DATA_Sea_ice_drift_concentration\ice_conc_sh_polstere-100_multi_202305251200.nc","8199515","23-09-2026 01:08:16","False"
"D:\SIH\IceBerg\dataSet\SIH\DATA_Sea_ice_drift_concentration\ice_conc_sh_polstere-100_multi_202305261200.nc","8181741","23-09-2026 01:08:20","False"
"D:\SIH\IceBerg\dataSet\SIH\DATA_Sea_ice_drift_concentration\ice_conc_sh_polstere-100_multi_202305271200.nc","8239182","23-09-2026 01:08:24","False"
"D:\SIH\IceBerg\dataSet\SIH\DATA_Sea_ice_drift_concentration\ice_conc_sh_polstere-100_multi_202305281200.nc","8251840","23-09-2026 01:08:28","False"
"D:\SIH\IceBerg\dataSet\SIH\DATA_Sea_ice_drift_concentration\ice_conc_sh_polstere-100_multi_202305291200.nc","8065034","23-09-2026 01:08:30","False"
"D:\SIH\IceBerg\dataSet\SIH\DATA_Sea_ice_drift_concentration\ice_conc_sh_polstere-100_multi_202305301200.nc","8042470","23-09-2026 01:08:34","False"
"D:\SIH\IceBerg\dataSet\SIH\DATA_Sea_ice_drift_concentration\ice_conc_sh_polstere-100_multi_202305311200.nc","8066910","23-09-2026 01:08:40","False"
"D:\SIH\IceBerg\dataSet\SIH\DATA_Sea_ice_drift_concentration\ice_conc_sh_polstere-100_multi_202306011200.nc","7944543","23-09-2026 01:08:52","False"
"D:\SIH\IceBerg\dataSet\SIH\DATA_Sea_ice_drift_concentration\ice_conc_sh_polstere-100_multi_202306021200.nc","8053329","23-09-2026 01:08:56","False"
"D:\SIH\IceBerg\dataSet\SIH\DATA_Sea_ice_drift_concentration\ice_conc_sh_polstere-100_multi_202306031200.nc","8055883","23-09-2026 01:09:00","False"
"D:\SIH\IceBerg\dataSet\SIH\DATA_Sea_ice_drift_concentration\ice_conc_sh_polstere-100_multi_202306041200.nc","8060438","23-09-2026 01:09:04","False"
"D:\SIH\IceBerg\dataSet\SIH\DATA_Sea_ice_drift_concentration\ice_conc_sh_polstere-100_multi_202306051200.nc","8248987","23-09-2026 01:09:10","False"
"D:\SIH\IceBerg\dataSet\SIH\DATA_Sea_ice_drift_concentration\ice_conc_sh_polstere-100_multi_202306061200.nc","8127910","23-09-2026 01:09:14","False"
"D:\SIH\IceBerg\dataSet\SIH\DATA_Sea_ice_drift_concentration\ice_conc_sh_polstere-100_multi_202306071200.nc","8150790","23-09-2026 01:09:18","False"
"D:\SIH\IceBerg\dataSet\SIH\DATA_Sea_ice_drift_concentration\ice_conc_sh_polstere-100_multi_202306081200.nc","8086161","23-09-2026 01:09:22","False"
"D:\SIH\IceBerg\dataSet\SIH\DATA_Sea_ice_drift_concentration\ice_conc_sh_polstere-100_multi_202306091200.nc","7940146","23-09-2026 01:09:26","False"
"D:\SIH\IceBerg\dataSet\SIH\DATA_Sea_ice_drift_concentration\ice_conc_sh_polstere-100_multi_202306101200.nc","8117882","23-09-2026 01:09:30","False"
"D:\SIH\IceBerg\dataSet\SIH\DATA_Sea_ice_drift_concentration\ice_conc_sh_polstere-100_multi_202306111200.nc","8176675","23-09-2026 01:09:34","False"
"D:\SIH\IceBerg\dataSet\SIH\DATA_Sea_ice_drift_concentration\ice_conc_sh_polstere-100_multi_202306121200.nc","8019264","23-09-2026 01:09:38","False"
"D:\SIH\IceBerg\dataSet\SIH\DATA_Sea_ice_drift_concentration\ice_conc_sh_polstere-100_multi_202306131200.nc","8018368","23-09-2026 01:09:42","False"
"D:\SIH\IceBerg\dataSet\SIH\DATA_Sea_ice_drift_concentration\ice_conc_sh_polstere-100_multi_202306141200.nc","8067808","23-09-2026 01:09:46","False"
"D:\SIH\IceBerg\dataSet\SIH\DATA_Sea_ice_drift_concentration\ice_conc_sh_polstere-100_multi_202306151200.nc","7961565","23-09-2026 01:09:50","False"
"D:\SIH\IceBerg\dataSet\SIH\DATA_Sea_ice_drift_concentration\ice_conc_sh_polstere-100_multi_202306161200.nc","8020943","23-09-2026 01:09:54","False"
"D:\SIH\IceBerg\dataSet\SIH\DATA_Sea_ice_drift_concentration\ice_conc_sh_polstere-100_multi_202306171200.nc","8087267","23-09-2026 01:09:58","False"
"D:\SIH\IceBerg\dataSet\SIH\DATA_Sea_ice_drift_concentration\ice_conc_sh_polstere-100_multi_202306181200.nc","8049321","23-09-2026 01:10:00","False"
"D:\SIH\IceBerg\dataSet\SIH\DATA_Sea_ice_drift_concentration\ice_conc_sh_polstere-100_multi_202306191200.nc","8038717","23-09-2026 01:10:04","False"
"D:\SIH\IceBerg\dataSet\SIH\DATA_Sea_ice_drift_concentration\ice_conc_sh_polstere-100_multi_202306201200.nc","8187377","23-09-2026 01:10:08","False"
"D:\SIH\IceBerg\dataSet\SIH\DATA_Sea_ice_drift_concentration\ice_conc_sh_polstere-100_multi_202306211200.nc","8125041","23-09-2026 01:10:12","False"
"D:\SIH\IceBerg\dataSet\SIH\DATA_Sea_ice_drift_concentration\ice_conc_sh_polstere-100_multi_202306221200.nc","8099787","23-09-2026 01:10:14","False"
"D:\SIH\IceBerg\dataSet\SIH\DATA_Sea_ice_drift_concentration\ice_conc_sh_polstere-100_multi_202306231200.nc","8188235","23-09-2026 01:10:20","False"
"D:\SIH\IceBerg\dataSet\SIH\DATA_Sea_ice_drift_concentration\ice_conc_sh_polstere-100_multi_202306241200.nc","8123353","23-09-2026 01:10:24","False"
"D:\SIH\IceBerg\dataSet\SIH\DATA_Sea_ice_drift_concentration\ice_conc_sh_polstere-100_multi_202306251200.nc","8110573","23-09-2026 01:10:30","False"
"D:\SIH\IceBerg\dataSet\SIH\DATA_Sea_ice_drift_concentration\ice_conc_sh_polstere-100_multi_202306261200.nc","8095193","23-09-2026 01:10:34","False"
"D:\SIH\IceBerg\dataSet\SIH\DATA_Sea_ice_drift_concentration\ice_conc_sh_polstere-100_multi_202306271200.nc","8165378","23-09-2026 01:10:40","False"
"D:\SIH\IceBerg\dataSet\SIH\DATA_Sea_ice_drift_concentration\ice_conc_sh_polstere-100_multi_202306281200.nc","8014153","23-09-2026 01:10:44","False"
"D:\SIH\IceBerg\dataSet\SIH\DATA_Sea_ice_drift_concentration\ice_conc_sh_polstere-100_multi_202306291200.nc","7992255","23-09-2026 01:10:50","False"
"D:\SIH\IceBerg\dataSet\SIH\DATA_Sea_ice_drift_concentration\ice_conc_sh_polstere-100_multi_202306301200.nc","8151186","23-09-2026 01:10:54","False"
"D:\SIH\IceBerg\dataSet\SIH\DATA_Sea_ice_drift_concentration\ice_conc_sh_polstere-100_multi_202307011200.nc","8125787","23-09-2026 01:11:02","False"
"D:\SIH\IceBerg\dataSet\SIH\DATA_Sea_ice_drift_concentration\ice_conc_sh_polstere-100_multi_202307021200.nc","8035909","23-09-2026 01:11:06","False"
"D:\SIH\IceBerg\dataSet\SIH\DATA_Sea_ice_drift_concentration\ice_conc_sh_polstere-100_multi_202307031200.nc","8148735","23-09-2026 01:11:08","False"
"D:\SIH\IceBerg\dataSet\SIH\DATA_Sea_ice_drift_concentration\ice_conc_sh_polstere-100_multi_202307041200.nc","8082070","23-09-2026 01:11:12","False"
"D:\SIH\IceBerg\dataSet\SIH\DATA_Sea_ice_drift_concentration\ice_conc_sh_polstere-100_multi_202307051200.nc","7952114","23-09-2026 01:11:16","False"
"D:\SIH\IceBerg\dataSet\SIH\DATA_Sea_ice_drift_concentration\ice_conc_sh_polstere-100_multi_202307061200.nc","7974458","23-09-2026 01:11:20","False"
"D:\SIH\IceBerg\dataSet\SIH\DATA_Sea_ice_drift_concentration\ice_conc_sh_polstere-100_multi_202307071200.nc","8076726","23-09-2026 01:11:24","False"
"D:\SIH\IceBerg\dataSet\SIH\DATA_Sea_ice_drift_concentration\ice_conc_sh_polstere-100_multi_202307081200.nc","8070172","23-09-2026 01:11:30","False"
"D:\SIH\IceBerg\dataSet\SIH\DATA_Sea_ice_drift_concentration\ice_conc_sh_polstere-100_multi_202307091200.nc","8164679","23-09-2026 01:11:36","False"
"D:\SIH\IceBerg\dataSet\SIH\DATA_Sea_ice_drift_concentration\ice_conc_sh_polstere-100_multi_202307101200.nc","8080729","23-09-2026 01:11:42","False"
"D:\SIH\IceBerg\dataSet\SIH\DATA_Sea_ice_drift_concentration\ice_conc_sh_polstere-100_multi_202307111200.nc","8100363","23-09-2026 01:11:44","False"
"D:\SIH\IceBerg\dataSet\SIH\DATA_Sea_ice_drift_concentration\ice_conc_sh_polstere-100_multi_202307121200.nc","7998605","23-09-2026 01:11:48","False"
"D:\SIH\IceBerg\dataSet\SIH\DATA_Sea_ice_drift_concentration\ice_conc_sh_polstere-100_multi_202307131200.nc","7933037","23-09-2026 01:11:52","False"
"D:\SIH\IceBerg\dataSet\SIH\DATA_Sea_ice_drift_concentration\ice_conc_sh_polstere-100_multi_202307141200.nc","7965321","23-09-2026 01:11:54","False"
"D:\SIH\IceBerg\dataSet\SIH\DATA_Sea_ice_drift_concentration\ice_conc_sh_polstere-100_multi_202307151200.nc","8044896","23-09-2026 01:11:58","False"
"D:\SIH\IceBerg\dataSet\SIH\DATA_Sea_ice_drift_concentration\ice_conc_sh_polstere-100_multi_202307161200.nc","7968312","23-09-2026 01:12:02","False"
"D:\SIH\IceBerg\dataSet\SIH\DATA_Sea_ice_drift_concentration\ice_conc_sh_polstere-100_multi_202307171200.nc","7974242","23-09-2026 01:12:04","False"
"D:\SIH\IceBerg\dataSet\SIH\DATA_Sea_ice_drift_concentration\ice_conc_sh_polstere-100_multi_202307181200.nc","8116883","23-09-2026 01:12:06","False"
"D:\SIH\IceBerg\dataSet\SIH\DATA_Sea_ice_drift_concentration\ice_conc_sh_polstere-100_multi_202307191200.nc","8108051","23-09-2026 01:12:12","False"
"D:\SIH\IceBerg\dataSet\SIH\DATA_Sea_ice_drift_concentration\ice_conc_sh_polstere-100_multi_202307201200.nc","8147586","23-09-2026 01:12:18","False"
"D:\SIH\IceBerg\dataSet\SIH\DATA_Sea_ice_drift_concentration\ice_conc_sh_polstere-100_multi_202307211200.nc","8179190","23-09-2026 01:12:26","False"
"D:\SIH\IceBerg\dataSet\SIH\DATA_Sea_ice_drift_concentration\ice_conc_sh_polstere-100_multi_202307221200.nc","8139984","23-09-2026 01:12:30","False"
"D:\SIH\IceBerg\dataSet\SIH\DATA_Sea_ice_drift_concentration\ice_conc_sh_polstere-100_multi_202307231200.nc","8114003","23-09-2026 01:12:36","False"
"D:\SIH\IceBerg\dataSet\SIH\DATA_Sea_ice_drift_concentration\ice_conc_sh_polstere-100_multi_202307241200.nc","8081521","23-09-2026 01:12:40","False"
"D:\SIH\IceBerg\dataSet\SIH\DATA_Sea_ice_drift_concentration\ice_conc_sh_polstere-100_multi_202307251200.nc","8030116","23-09-2026 01:12:44","False"
"D:\SIH\IceBerg\dataSet\SIH\DATA_Sea_ice_drift_concentration\ice_conc_sh_polstere-100_multi_202307261200.nc","8091499","23-09-2026 01:12:46","False"
"D:\SIH\IceBerg\dataSet\SIH\DATA_Sea_ice_drift_concentration\ice_conc_sh_polstere-100_multi_202307271200.nc","8093788","23-09-2026 01:12:52","False"
"D:\SIH\IceBerg\dataSet\SIH\DATA_Sea_ice_drift_concentration\ice_conc_sh_polstere-100_multi_202307281200.nc","8114910","23-09-2026 01:12:56","False"
"D:\SIH\IceBerg\dataSet\SIH\DATA_Sea_ice_drift_concentration\ice_conc_sh_polstere-100_multi_202307291200.nc","8142147","23-09-2026 01:13:00","False"
"D:\SIH\IceBerg\dataSet\SIH\DATA_Sea_ice_drift_concentration\ice_conc_sh_polstere-100_multi_202307301200.nc","8082748","23-09-2026 01:13:04","False"
"D:\SIH\IceBerg\dataSet\SIH\DATA_Sea_ice_drift_concentration\ice_conc_sh_polstere-100_multi_202307311200.nc","8125506","23-09-2026 01:13:08","False"
"D:\SIH\IceBerg\dataSet\SIH\DATA_Sea_ice_drift_concentration\ice_conc_sh_polstere-100_multi_202308011200.nc","8215412","23-09-2026 01:13:14","False"
"D:\SIH\IceBerg\dataSet\SIH\DATA_Sea_ice_drift_concentration\ice_conc_sh_polstere-100_multi_202308021200.nc","8168251","23-09-2026 01:13:18","False"
"D:\SIH\IceBerg\dataSet\SIH\DATA_Sea_ice_drift_concentration\ice_conc_sh_polstere-100_multi_202308031200.nc","8082412","23-09-2026 01:13:20","False"
"D:\SIH\IceBerg\dataSet\SIH\DATA_Sea_ice_drift_concentration\ice_conc_sh_polstere-100_multi_202308041200.nc","8037283","23-09-2026 01:13:24","False"
"D:\SIH\IceBerg\dataSet\SIH\DATA_Sea_ice_drift_concentration\ice_conc_sh_polstere-100_multi_202308051200.nc","7920788","23-09-2026 01:13:26","False"
"D:\SIH\IceBerg\dataSet\SIH\DATA_Sea_ice_drift_concentration\ice_conc_sh_polstere-100_multi_202308061200.nc","8085094","23-09-2026 01:13:30","False"
"D:\SIH\IceBerg\dataSet\SIH\DATA_Sea_ice_drift_concentration\ice_conc_sh_polstere-100_multi_202308071200.nc","7996231","23-09-2026 01:13:34","False"
"D:\SIH\IceBerg\dataSet\SIH\DATA_Sea_ice_drift_concentration\ice_conc_sh_polstere-100_multi_202308081200.nc","7993868","23-09-2026 01:13:38","False"
"D:\SIH\IceBerg\dataSet\SIH\DATA_Sea_ice_drift_concentration\ice_conc_sh_polstere-100_multi_202308091200.nc","8039985","23-09-2026 01:13:42","False"
"D:\SIH\IceBerg\dataSet\SIH\DATA_Sea_ice_drift_concentration\ice_conc_sh_polstere-100_multi_202308101200.nc","8054496","23-09-2026 01:13:46","False"
"D:\SIH\IceBerg\dataSet\SIH\DATA_Sea_ice_drift_concentration\ice_conc_sh_polstere-100_multi_202308111200.nc","8042704","23-09-2026 01:13:50","False"
"D:\SIH\IceBerg\dataSet\SIH\DATA_Sea_ice_drift_concentration\ice_conc_sh_polstere-100_multi_202308121200.nc","7904267","23-09-2026 01:13:54","False"
"D:\SIH\IceBerg\dataSet\SIH\DATA_Sea_ice_drift_concentration\ice_conc_sh_polstere-100_multi_202308131200.nc","7983856","23-09-2026 01:13:58","False"
"D:\SIH\IceBerg\dataSet\SIH\DATA_Sea_ice_drift_concentration\ice_conc_sh_polstere-100_multi_202308141200.nc","7951497","23-09-2026 01:14:02","False"
"D:\SIH\IceBerg\dataSet\SIH\DATA_Sea_ice_drift_concentration\ice_conc_sh_polstere-100_multi_202308151200.nc","8006902","23-09-2026 01:14:06","False"
"D:\SIH\IceBerg\dataSet\SIH\DATA_Sea_ice_drift_concentration\ice_conc_sh_polstere-100_multi_202308161200.nc","8011825","23-09-2026 01:14:10","False"
"D:\SIH\IceBerg\dataSet\SIH\DATA_Sea_ice_drift_concentration\ice_conc_sh_polstere-100_multi_202308171200.nc","7994255","23-09-2026 01:14:16","False"
"D:\SIH\IceBerg\dataSet\SIH\DATA_Sea_ice_drift_concentration\ice_conc_sh_polstere-100_multi_202308181200.nc","7943270","23-09-2026 01:14:20","False"
"D:\SIH\IceBerg\dataSet\SIH\DATA_Sea_ice_drift_concentration\ice_conc_sh_polstere-100_multi_202308191200.nc","8054510","23-09-2026 01:14:22","False"
"D:\SIH\IceBerg\dataSet\SIH\DATA_Sea_ice_drift_concentration\ice_conc_sh_polstere-100_multi_202308201200.nc","8016367","23-09-2026 01:14:28","False"
"D:\SIH\IceBerg\dataSet\SIH\DATA_Sea_ice_drift_concentration\ice_conc_sh_polstere-100_multi_202308211200.nc","7946341","23-09-2026 01:14:32","False"
"D:\SIH\IceBerg\dataSet\SIH\DATA_Sea_ice_drift_concentration\ice_conc_sh_polstere-100_multi_202308221200.nc","8166139","23-09-2026 01:14:36","False"
"D:\SIH\IceBerg\dataSet\SIH\DATA_Sea_ice_drift_concentration\ice_conc_sh_polstere-100_multi_202308231200.nc","8122449","23-09-2026 01:14:38","False"
"D:\SIH\IceBerg\dataSet\SIH\DATA_Sea_ice_drift_concentration\ice_conc_sh_polstere-100_multi_202308241200.nc","8037579","23-09-2026 01:14:42","False"
"D:\SIH\IceBerg\dataSet\SIH\DATA_Sea_ice_drift_concentration\ice_conc_sh_polstere-100_multi_202308251200.nc","8090822","23-09-2026 01:14:46","False"
"D:\SIH\IceBerg\dataSet\SIH\DATA_Sea_ice_drift_concentration\ice_conc_sh_polstere-100_multi_202308261200.nc","8139041","23-09-2026 01:14:48","False"
"D:\SIH\IceBerg\dataSet\SIH\DATA_Sea_ice_drift_concentration\ice_conc_sh_polstere-100_multi_202308271200.nc","8097117","23-09-2026 01:14:52","False"
"D:\SIH\IceBerg\dataSet\SIH\DATA_Sea_ice_drift_concentration\ice_conc_sh_polstere-100_multi_202308281200.nc","8073548","23-09-2026 01:14:56","False"
"D:\SIH\IceBerg\dataSet\SIH\DATA_Sea_ice_drift_concentration\ice_conc_sh_polstere-100_multi_202308291200.nc","8014994","23-09-2026 01:15:00","False"
"D:\SIH\IceBerg\dataSet\SIH\DATA_Sea_ice_drift_concentration\ice_conc_sh_polstere-100_multi_202308301200.nc","8061825","23-09-2026 01:15:04","False"
"D:\SIH\IceBerg\dataSet\SIH\DATA_Sea_ice_drift_concentration\ice_conc_sh_polstere-100_multi_202308311200.nc","7979363","23-09-2026 01:15:08","False"
"D:\SIH\IceBerg\dataSet\SIH\DATA_Sea_ice_drift_concentration\ice_conc_sh_polstere-100_multi_202309011200.nc","8081986","23-09-2026 01:15:14","False"
"D:\SIH\IceBerg\dataSet\SIH\DATA_Sea_ice_drift_concentration\ice_conc_sh_polstere-100_multi_202309021200.nc","8078157","23-09-2026 01:15:18","False"
"D:\SIH\IceBerg\dataSet\SIH\DATA_Sea_ice_drift_concentration\ice_conc_sh_polstere-100_multi_202309031200.nc","8030197","23-09-2026 01:15:22","False"
"D:\SIH\IceBerg\dataSet\SIH\DATA_Sea_ice_drift_concentration\ice_conc_sh_polstere-100_multi_202309041200.nc","8095273","23-09-2026 01:15:26","False"
"D:\SIH\IceBerg\dataSet\SIH\DATA_Sea_ice_drift_concentration\ice_conc_sh_polstere-100_multi_202309051200.nc","8173997","23-09-2026 01:15:30","False"
"D:\SIH\IceBerg\dataSet\SIH\DATA_Sea_ice_drift_concentration\ice_conc_sh_polstere-100_multi_202309061200.nc","8232010","23-09-2026 01:15:36","False"
"D:\SIH\IceBerg\dataSet\SIH\DATA_Sea_ice_drift_concentration\ice_conc_sh_polstere-100_multi_202309071200.nc","8065750","23-09-2026 01:15:42","False"
"D:\SIH\IceBerg\dataSet\SIH\DATA_Sea_ice_drift_concentration\ice_conc_sh_polstere-100_multi_202309081200.nc","8108930","23-09-2026 01:15:44","False"
"D:\SIH\IceBerg\dataSet\SIH\DATA_Sea_ice_drift_concentration\ice_conc_sh_polstere-100_multi_202309091200.nc","8107187","23-09-2026 01:15:48","False"
"D:\SIH\IceBerg\dataSet\SIH\DATA_Sea_ice_drift_concentration\ice_conc_sh_polstere-100_multi_202309101200.nc","8056311","23-09-2026 01:15:52","False"
"D:\SIH\IceBerg\dataSet\SIH\DATA_Sea_ice_drift_concentration\ice_conc_sh_polstere-100_multi_202309111200.nc","7978086","23-09-2026 01:15:58","False"
"D:\SIH\IceBerg\dataSet\SIH\DATA_Sea_ice_drift_concentration\ice_conc_sh_polstere-100_multi_202309121200.nc","7929971","23-09-2026 01:16:04","False"
"D:\SIH\IceBerg\dataSet\SIH\DATA_Sea_ice_drift_concentration\ice_conc_sh_polstere-100_multi_202309131200.nc","7944076","23-09-2026 01:16:08","False"
"D:\SIH\IceBerg\dataSet\SIH\DATA_Sea_ice_drift_concentration\ice_conc_sh_polstere-100_multi_202309141200.nc","7934650","23-09-2026 01:16:12","False"
"D:\SIH\IceBerg\dataSet\SIH\DATA_Sea_ice_drift_concentration\ice_conc_sh_polstere-100_multi_202309151200.nc","8004080","23-09-2026 01:16:16","False"
"D:\SIH\IceBerg\dataSet\SIH\DATA_Sea_ice_drift_concentration\ice_conc_sh_polstere-100_multi_202309161200.nc","8008636","23-09-2026 01:16:22","False"
"D:\SIH\IceBerg\dataSet\SIH\DATA_Sea_ice_drift_concentration\ice_conc_sh_polstere-100_multi_202309171200.nc","8024868","23-09-2026 01:16:26","False"
"D:\SIH\IceBerg\dataSet\SIH\DATA_Sea_ice_drift_concentration\ice_conc_sh_polstere-100_multi_202309181200.nc","7987115","23-09-2026 01:16:28","False"
"D:\SIH\IceBerg\dataSet\SIH\DATA_Sea_ice_drift_concentration\ice_conc_sh_polstere-100_multi_202309191200.nc","8002828","23-09-2026 01:16:32","False"
"D:\SIH\IceBerg\dataSet\SIH\DATA_Sea_ice_drift_concentration\ice_conc_sh_polstere-100_multi_202309201200.nc","8019476","23-09-2026 01:16:36","False"
"D:\SIH\IceBerg\dataSet\SIH\DATA_Sea_ice_drift_concentration\ice_conc_sh_polstere-100_multi_202309211200.nc","8040580","23-09-2026 01:16:38","False"
"D:\SIH\IceBerg\dataSet\SIH\DATA_Sea_ice_drift_concentration\ice_conc_sh_polstere-100_multi_202309221200.nc","8021545","23-09-2026 01:16:40","False"
"D:\SIH\IceBerg\dataSet\SIH\DATA_Sea_ice_drift_concentration\ice_conc_sh_polstere-100_multi_202309231200.nc","8053143","23-09-2026 01:16:44","False"
"D:\SIH\IceBerg\dataSet\SIH\DATA_Sea_ice_drift_concentration\ice_conc_sh_polstere-100_multi_202309241200.nc","8033847","23-09-2026 01:16:48","False"
"D:\SIH\IceBerg\dataSet\SIH\DATA_Sea_ice_drift_concentration\ice_conc_sh_polstere-100_multi_202309251200.nc","8039303","23-09-2026 01:16:54","False"
"D:\SIH\IceBerg\dataSet\SIH\DATA_Sea_ice_drift_concentration\ice_conc_sh_polstere-100_multi_202309261200.nc","7875100","23-09-2026 01:17:00","False"
"D:\SIH\IceBerg\dataSet\SIH\DATA_Sea_ice_drift_concentration\ice_conc_sh_polstere-100_multi_202309271200.nc","8038470","23-09-2026 01:17:02","False"
"D:\SIH\IceBerg\dataSet\SIH\DATA_Sea_ice_drift_concentration\ice_conc_sh_polstere-100_multi_202309281200.nc","7909013","23-09-2026 01:17:06","False"
"D:\SIH\IceBerg\dataSet\SIH\DATA_Sea_ice_drift_concentration\ice_conc_sh_polstere-100_multi_202309291200.nc","7964626","23-09-2026 01:17:10","False"
"D:\SIH\IceBerg\dataSet\SIH\DATA_Sea_ice_drift_concentration\ice_conc_sh_polstere-100_multi_202309301200.nc","8034109","23-09-2026 01:17:14","False"
"D:\SIH\IceBerg\dataSet\SIH\DATA_Sea_ice_drift_concentration\ice_conc_sh_polstere-100_multi_202310011200.nc","8081327","23-09-2026 01:18:40","False"
"D:\SIH\IceBerg\dataSet\SIH\DATA_Sea_ice_drift_concentration\ice_conc_sh_polstere-100_multi_202310021200.nc","8167216","23-09-2026 01:18:44","False"
"D:\SIH\IceBerg\dataSet\SIH\DATA_Sea_ice_drift_concentration\ice_conc_sh_polstere-100_multi_202310031200.nc","8049316","23-09-2026 01:18:46","False"
"D:\SIH\IceBerg\dataSet\SIH\DATA_Sea_ice_drift_concentration\ice_conc_sh_polstere-100_multi_202310041200.nc","7985392","23-09-2026 01:18:50","False"
"D:\SIH\IceBerg\dataSet\SIH\DATA_Sea_ice_drift_concentration\ice_conc_sh_polstere-100_multi_202310051200.nc","8038295","23-09-2026 01:18:54","False"
"D:\SIH\IceBerg\dataSet\SIH\DATA_Sea_ice_drift_concentration\ice_conc_sh_polstere-100_multi_202310061200.nc","8067442","23-09-2026 01:19:00","False"
"D:\SIH\IceBerg\dataSet\SIH\DATA_Sea_ice_drift_concentration\ice_conc_sh_polstere-100_multi_202310071200.nc","8047352","23-09-2026 01:19:04","False"
"D:\SIH\IceBerg\dataSet\SIH\DATA_Sea_ice_drift_concentration\ice_conc_sh_polstere-100_multi_202310081200.nc","7991129","23-09-2026 01:19:08","False"
"D:\SIH\IceBerg\dataSet\SIH\DATA_Sea_ice_drift_concentration\ice_conc_sh_polstere-100_multi_202310091200.nc","8009520","23-09-2026 01:19:12","False"
"D:\SIH\IceBerg\dataSet\SIH\DATA_Sea_ice_drift_concentration\ice_conc_sh_polstere-100_multi_202310101200.nc","7922225","23-09-2026 01:19:16","False"
"D:\SIH\IceBerg\dataSet\SIH\DATA_Sea_ice_drift_concentration\ice_conc_sh_polstere-100_multi_202310111200.nc","7952971","23-09-2026 01:19:20","False"
"D:\SIH\IceBerg\dataSet\SIH\DATA_Sea_ice_drift_concentration\ice_conc_sh_polstere-100_multi_202310121200.nc","8016625","23-09-2026 01:19:24","False"
"D:\SIH\IceBerg\dataSet\SIH\DATA_Sea_ice_drift_concentration\ice_conc_sh_polstere-100_multi_202310131200.nc","7934727","23-09-2026 01:19:28","False"
"D:\SIH\IceBerg\dataSet\SIH\DATA_Sea_ice_drift_concentration\ice_conc_sh_polstere-100_multi_202310141200.nc","8037022","23-09-2026 01:19:34","False"
"D:\SIH\IceBerg\dataSet\SIH\DATA_Sea_ice_drift_concentration\ice_conc_sh_polstere-100_multi_202310151200.nc","8030954","23-09-2026 01:19:38","False"
"D:\SIH\IceBerg\dataSet\SIH\DATA_Sea_ice_drift_concentration\ice_conc_sh_polstere-100_multi_202310161200.nc","7951931","23-09-2026 01:19:40","False"
"D:\SIH\IceBerg\dataSet\SIH\DATA_Sea_ice_drift_concentration\ice_conc_sh_polstere-100_multi_202310171200.nc","8065283","23-09-2026 01:19:42","False"
"D:\SIH\IceBerg\dataSet\SIH\DATA_Sea_ice_drift_concentration\ice_conc_sh_polstere-100_multi_202310181200.nc","7921552","23-09-2026 01:19:46","False"
"D:\SIH\IceBerg\dataSet\SIH\DATA_Sea_ice_drift_concentration\ice_conc_sh_polstere-100_multi_202310191200.nc","7936277","23-09-2026 01:19:50","False"
"D:\SIH\IceBerg\dataSet\SIH\DATA_Sea_ice_drift_concentration\ice_conc_sh_polstere-100_multi_202310201200.nc","7839038","23-09-2026 01:19:54","False"
"D:\SIH\IceBerg\dataSet\SIH\DATA_Sea_ice_drift_concentration\ice_conc_sh_polstere-100_multi_202310211200.nc","7971973","23-09-2026 01:20:00","False"
"D:\SIH\IceBerg\dataSet\SIH\DATA_Sea_ice_drift_concentration\ice_conc_sh_polstere-100_multi_202310221200.nc","8010282","23-09-2026 01:20:06","False"
"D:\SIH\IceBerg\dataSet\SIH\DATA_Sea_ice_drift_concentration\ice_conc_sh_polstere-100_multi_202310231200.nc","8000575","23-09-2026 01:20:14","False"
"D:\SIH\IceBerg\dataSet\SIH\DATA_Sea_ice_drift_concentration\ice_conc_sh_polstere-100_multi_202310241200.nc","7976742","23-09-2026 01:20:20","False"
"D:\SIH\IceBerg\dataSet\SIH\DATA_Sea_ice_drift_concentration\ice_conc_sh_polstere-100_multi_202310251200.nc","7960011","23-09-2026 01:20:28","False"
"D:\SIH\IceBerg\dataSet\SIH\DATA_Sea_ice_drift_concentration\ice_conc_sh_polstere-100_multi_202310261200.nc","7977717","23-09-2026 01:20:36","False"
"D:\SIH\IceBerg\dataSet\SIH\DATA_Sea_ice_drift_concentration\ice_conc_sh_polstere-100_multi_202310271200.nc","8066048","23-09-2026 01:20:46","False"
"D:\SIH\IceBerg\dataSet\SIH\DATA_Sea_ice_drift_concentration\ice_conc_sh_polstere-100_multi_202310281200.nc","8024530","23-09-2026 01:20:56","False"
"D:\SIH\IceBerg\dataSet\SIH\DATA_Sea_ice_drift_concentration\ice_conc_sh_polstere-100_multi_202310291200.nc","7958321","23-09-2026 01:21:06","False"
"D:\SIH\IceBerg\dataSet\SIH\DATA_Sea_ice_drift_concentration\ice_conc_sh_polstere-100_multi_202310301200.nc","8138460","23-09-2026 01:21:12","False"
"D:\SIH\IceBerg\dataSet\SIH\DATA_Sea_ice_drift_concentration\ice_conc_sh_polstere-100_multi_202310311200.nc","8042533","23-09-2026 01:21:16","False"
"D:\SIH\IceBerg\dataSet\SIH\DATA_Sea_ice_drift_concentration\ice_conc_sh_polstere-100_multi_202311011200.nc","8017472","23-09-2026 01:21:20","False"
"D:\SIH\IceBerg\dataSet\SIH\DATA_Sea_ice_drift_concentration\ice_conc_sh_polstere-100_multi_202311021200.nc","7966299","23-09-2026 01:21:22","False"
"D:\SIH\IceBerg\dataSet\SIH\DATA_Sea_ice_drift_concentration\ice_conc_sh_polstere-100_multi_202311031200.nc","7968729","23-09-2026 01:21:24","False"
"D:\SIH\IceBerg\dataSet\SIH\DATA_Sea_ice_drift_concentration\ice_conc_sh_polstere-100_multi_202311041200.nc","8007659","23-09-2026 01:21:28","False"
"D:\SIH\IceBerg\dataSet\SIH\DATA_Sea_ice_drift_concentration\ice_conc_sh_polstere-100_multi_202311051200.nc","7965068","23-09-2026 01:21:30","False"
"D:\SIH\IceBerg\dataSet\SIH\DATA_Sea_ice_drift_concentration\ice_conc_sh_polstere-100_multi_202311061200.nc","7898614","23-09-2026 01:21:32","False"
"D:\SIH\IceBerg\dataSet\SIH\DATA_Sea_ice_drift_concentration\ice_conc_sh_polstere-100_multi_202311071200.nc","7911178","23-09-2026 01:21:36","False"
"D:\SIH\IceBerg\dataSet\SIH\DATA_Sea_ice_drift_concentration\ice_conc_sh_polstere-100_multi_202311081200.nc","8052948","23-09-2026 01:21:38","False"
"D:\SIH\IceBerg\dataSet\SIH\DATA_Sea_ice_drift_concentration\ice_conc_sh_polstere-100_multi_202311091200.nc","8035141","23-09-2026 01:21:42","False"
"D:\SIH\IceBerg\dataSet\SIH\DATA_Sea_ice_drift_concentration\ice_conc_sh_polstere-100_multi_202311101200.nc","7976737","23-09-2026 01:21:44","False"
"D:\SIH\IceBerg\dataSet\SIH\DATA_Sea_ice_drift_concentration\ice_conc_sh_polstere-100_multi_202311111200.nc","8022685","23-09-2026 01:21:46","False"
"D:\SIH\IceBerg\dataSet\SIH\DATA_Sea_ice_drift_concentration\ice_conc_sh_polstere-100_multi_202311121200.nc","8011036","23-09-2026 01:21:50","False"
"D:\SIH\IceBerg\dataSet\SIH\DATA_Sea_ice_drift_concentration\ice_conc_sh_polstere-100_multi_202311131200.nc","7945574","23-09-2026 01:21:52","False"
"D:\SIH\IceBerg\dataSet\SIH\DATA_Sea_ice_drift_concentration\ice_conc_sh_polstere-100_multi_202311141200.nc","7967738","23-09-2026 01:21:56","False"
"D:\SIH\IceBerg\dataSet\SIH\DATA_Sea_ice_drift_concentration\ice_conc_sh_polstere-100_multi_202311151200.nc","7950059","23-09-2026 01:21:58","False"
"D:\SIH\IceBerg\dataSet\SIH\DATA_Sea_ice_drift_concentration\ice_conc_sh_polstere-100_multi_202311161200.nc","8030920","23-09-2026 01:22:02","False"
"D:\SIH\IceBerg\dataSet\SIH\DATA_Sea_ice_drift_concentration\ice_conc_sh_polstere-100_multi_202311171200.nc","7934543","23-09-2026 01:22:06","False"
"D:\SIH\IceBerg\dataSet\SIH\DATA_Sea_ice_drift_concentration\ice_conc_sh_polstere-100_multi_202311181200.nc","7996854","23-09-2026 01:22:08","False"
"D:\SIH\IceBerg\dataSet\SIH\DATA_Sea_ice_drift_concentration\ice_conc_sh_polstere-100_multi_202311191200.nc","7972913","23-09-2026 01:22:10","False"
"D:\SIH\IceBerg\dataSet\SIH\DATA_Sea_ice_drift_concentration\ice_conc_sh_polstere-100_multi_202311201200.nc","7993784","23-09-2026 01:22:12","False"
"D:\SIH\IceBerg\dataSet\SIH\DATA_Sea_ice_drift_concentration\ice_conc_sh_polstere-100_multi_202311211200.nc","8066383","23-09-2026 01:22:16","False"
"D:\SIH\IceBerg\dataSet\SIH\DATA_Sea_ice_drift_concentration\ice_conc_sh_polstere-100_multi_202311221200.nc","8086870","23-09-2026 01:22:18","False"
"D:\SIH\IceBerg\dataSet\SIH\DATA_Sea_ice_drift_concentration\ice_conc_sh_polstere-100_multi_202311231200.nc","8064519","23-09-2026 01:22:22","False"
"D:\SIH\IceBerg\dataSet\SIH\DATA_Sea_ice_drift_concentration\ice_conc_sh_polstere-100_multi_202311241200.nc","7940240","23-09-2026 01:22:24","False"
"D:\SIH\IceBerg\dataSet\SIH\DATA_Sea_ice_drift_concentration\ice_conc_sh_polstere-100_multi_202311251200.nc","7969252","23-09-2026 01:22:28","False"
"D:\SIH\IceBerg\dataSet\SIH\DATA_Sea_ice_drift_concentration\ice_conc_sh_polstere-100_multi_202311261200.nc","7956786","23-09-2026 01:22:32","False"
"D:\SIH\IceBerg\dataSet\SIH\DATA_Sea_ice_drift_concentration\ice_conc_sh_polstere-100_multi_202311271200.nc","8056879","23-09-2026 01:22:34","False"
"D:\SIH\IceBerg\dataSet\SIH\DATA_Sea_ice_drift_concentration\ice_conc_sh_polstere-100_multi_202311281200.nc","7980467","23-09-2026 01:22:36","False"
"D:\SIH\IceBerg\dataSet\SIH\DATA_Sea_ice_drift_concentration\ice_conc_sh_polstere-100_multi_202311291200.nc","7967029","23-09-2026 01:22:38","False"
"D:\SIH\IceBerg\dataSet\SIH\DATA_Sea_ice_drift_concentration\ice_conc_sh_polstere-100_multi_202311301200.nc","8039630","23-09-2026 01:22:42","False"
"D:\SIH\IceBerg\dataSet\SIH\DATA_Sea_ice_drift_concentration\ice_conc_sh_polstere-100_multi_202312011200.nc","8071432","23-09-2026 01:22:46","False"
"D:\SIH\IceBerg\dataSet\SIH\DATA_Sea_ice_drift_concentration\ice_conc_sh_polstere-100_multi_202312021200.nc","8127278","23-09-2026 01:22:48","False"
"D:\SIH\IceBerg\dataSet\SIH\DATA_Sea_ice_drift_concentration\ice_conc_sh_polstere-100_multi_202312031200.nc","8061002","23-09-2026 01:22:50","False"
"D:\SIH\IceBerg\dataSet\SIH\DATA_Sea_ice_drift_concentration\ice_conc_sh_polstere-100_multi_202312041200.nc","8146243","23-09-2026 01:22:52","False"
"D:\SIH\IceBerg\dataSet\SIH\DATA_Sea_ice_drift_concentration\ice_conc_sh_polstere-100_multi_202312051200.nc","8144584","23-09-2026 01:22:56","False"
"D:\SIH\IceBerg\dataSet\SIH\DATA_Sea_ice_drift_concentration\ice_conc_sh_polstere-100_multi_202312061200.nc","8160736","23-09-2026 01:22:58","False"
"D:\SIH\IceBerg\dataSet\SIH\DATA_Sea_ice_drift_concentration\ice_conc_sh_polstere-100_multi_202312071200.nc","8062145","23-09-2026 01:23:02","False"
"D:\SIH\IceBerg\dataSet\SIH\DATA_Sea_ice_drift_concentration\ice_conc_sh_polstere-100_multi_202312081200.nc","8232434","23-09-2026 01:23:04","False"
"D:\SIH\IceBerg\dataSet\SIH\DATA_Sea_ice_drift_concentration\ice_conc_sh_polstere-100_multi_202312091200.nc","8224643","23-09-2026 01:23:08","False"
"D:\SIH\IceBerg\dataSet\SIH\DATA_Sea_ice_drift_concentration\ice_conc_sh_polstere-100_multi_202312101200.nc","8267013","23-09-2026 01:23:12","False"
"D:\SIH\IceBerg\dataSet\SIH\DATA_Sea_ice_drift_concentration\ice_conc_sh_polstere-100_multi_202312111200.nc","8196906","23-09-2026 01:23:14","False"
"D:\SIH\IceBerg\dataSet\SIH\DATA_Sea_ice_drift_concentration\ice_conc_sh_polstere-100_multi_202312121200.nc","8114471","23-09-2026 01:23:18","False"
"D:\SIH\IceBerg\dataSet\SIH\DATA_Sea_ice_drift_concentration\ice_conc_sh_polstere-100_multi_202312131200.nc","8184007","23-09-2026 01:23:22","False"
"D:\SIH\IceBerg\dataSet\SIH\DATA_Sea_ice_drift_concentration\ice_conc_sh_polstere-100_multi_202312141200.nc","8202471","23-09-2026 01:23:24","False"
"D:\SIH\IceBerg\dataSet\SIH\DATA_Sea_ice_drift_concentration\ice_conc_sh_polstere-100_multi_202312151200.nc","8149750","23-09-2026 01:23:28","False"
"D:\SIH\IceBerg\dataSet\SIH\DATA_Sea_ice_drift_concentration\ice_conc_sh_polstere-100_multi_202312161200.nc","8193307","23-09-2026 01:23:30","False"
"D:\SIH\IceBerg\dataSet\SIH\DATA_Sea_ice_drift_concentration\ice_conc_sh_polstere-100_multi_202312171200.nc","8253498","23-09-2026 01:23:32","False"
"D:\SIH\IceBerg\dataSet\SIH\DATA_Sea_ice_drift_concentration\ice_conc_sh_polstere-100_multi_202312181200.nc","8322782","23-09-2026 01:23:36","False"
"D:\SIH\IceBerg\dataSet\SIH\DATA_Sea_ice_drift_concentration\ice_conc_sh_polstere-100_multi_202312191200.nc","8260870","23-09-2026 01:23:38","False"
"D:\SIH\IceBerg\dataSet\SIH\DATA_Sea_ice_drift_concentration\ice_conc_sh_polstere-100_multi_202312201200.nc","8198490","23-09-2026 01:23:42","False"
"D:\SIH\IceBerg\dataSet\SIH\DATA_Sea_ice_drift_concentration\ice_conc_sh_polstere-100_multi_202312211200.nc","8161161","23-09-2026 01:23:46","False"
"D:\SIH\IceBerg\dataSet\SIH\DATA_Sea_ice_drift_concentration\ice_conc_sh_polstere-100_multi_202312221200.nc","8188786","23-09-2026 01:23:48","False"
"D:\SIH\IceBerg\dataSet\SIH\DATA_Sea_ice_drift_concentration\ice_conc_sh_polstere-100_multi_202312231200.nc","8351086","23-09-2026 01:23:52","False"
"D:\SIH\IceBerg\dataSet\SIH\DATA_Sea_ice_drift_concentration\ice_conc_sh_polstere-100_multi_202312241200.nc","8283546","23-09-2026 01:23:54","False"
"D:\SIH\IceBerg\dataSet\SIH\DATA_Sea_ice_drift_concentration\ice_conc_sh_polstere-100_multi_202312251200.nc","8200241","23-09-2026 01:23:58","False"
"D:\SIH\IceBerg\dataSet\SIH\DATA_Sea_ice_drift_concentration\ice_conc_sh_polstere-100_multi_202312261200.nc","8262913","23-09-2026 01:24:00","False"
"D:\SIH\IceBerg\dataSet\SIH\DATA_Sea_ice_drift_concentration\ice_conc_sh_polstere-100_multi_202312271200.nc","8325992","23-09-2026 01:24:02","False"
"D:\SIH\IceBerg\dataSet\SIH\DATA_Sea_ice_drift_concentration\ice_conc_sh_polstere-100_multi_202312281200.nc","8233532","23-09-2026 01:24:04","False"
"D:\SIH\IceBerg\dataSet\SIH\DATA_Sea_ice_drift_concentration\ice_conc_sh_polstere-100_multi_202312291200.nc","8342160","23-09-2026 01:24:08","False"
"D:\SIH\IceBerg\dataSet\SIH\DATA_Sea_ice_drift_concentration\ice_conc_sh_polstere-100_multi_202312301200.nc","8261074","23-09-2026 01:24:10","False"
"D:\SIH\IceBerg\dataSet\SIH\DATA_Sea_ice_drift_concentration\ice_conc_sh_polstere-100_multi_202312311200.nc","8130853","23-09-2026 01:24:14","False"
"D:\SIH\IceBerg\dataSet\SIH\DATA_Sea_ice_drift_concentration\ice_conc_sh_polstere-100_multi_202401011200 (1).nc","8270502","23-09-2026 01:26:58","False"
"D:\SIH\IceBerg\dataSet\SIH\DATA_Sea_ice_drift_concentration\ice_conc_sh_polstere-100_multi_202401011200.nc","8270502","23-09-2026 01:24:50","False"
"D:\SIH\IceBerg\dataSet\SIH\DATA_Sea_ice_drift_concentration\ice_conc_sh_polstere-100_multi_202401021200 (1).nc","8184245","23-09-2026 01:27:02","False"
"D:\SIH\IceBerg\dataSet\SIH\DATA_Sea_ice_drift_concentration\ice_conc_sh_polstere-100_multi_202401021200.nc","8184245","23-09-2026 01:24:56","False"
"D:\SIH\IceBerg\dataSet\SIH\DATA_Sea_ice_drift_concentration\ice_conc_sh_polstere-100_multi_202401031200 (1).nc","8040267","23-09-2026 01:27:04","False"
"D:\SIH\IceBerg\dataSet\SIH\DATA_Sea_ice_drift_concentration\ice_conc_sh_polstere-100_multi_202401031200.nc","8040267","23-09-2026 01:25:00","False"
"D:\SIH\IceBerg\dataSet\SIH\DATA_Sea_ice_drift_concentration\ice_conc_sh_polstere-100_multi_202401041200 (1).nc","8277554","23-09-2026 01:27:08","False"
"D:\SIH\IceBerg\dataSet\SIH\DATA_Sea_ice_drift_concentration\ice_conc_sh_polstere-100_multi_202401041200.nc","8277554","23-09-2026 01:25:02","False"
"D:\SIH\IceBerg\dataSet\SIH\DATA_Sea_ice_drift_concentration\ice_conc_sh_polstere-100_multi_202401051200 (1).nc","8235362","23-09-2026 01:27:12","False"
"D:\SIH\IceBerg\dataSet\SIH\DATA_Sea_ice_drift_concentration\ice_conc_sh_polstere-100_multi_202401051200.nc","8235362","23-09-2026 01:25:06","False"
"D:\SIH\IceBerg\dataSet\SIH\DATA_Sea_ice_drift_concentration\ice_conc_sh_polstere-100_multi_202401061200 (1).nc","8220084","23-09-2026 01:27:16","False"
"D:\SIH\IceBerg\dataSet\SIH\DATA_Sea_ice_drift_concentration\ice_conc_sh_polstere-100_multi_202401061200.nc","8220084","23-09-2026 01:25:10","False"
"D:\SIH\IceBerg\dataSet\SIH\DATA_Sea_ice_drift_concentration\ice_conc_sh_polstere-100_multi_202401071200 (1).nc","8206627","23-09-2026 01:27:20","False"
"D:\SIH\IceBerg\dataSet\SIH\DATA_Sea_ice_drift_concentration\ice_conc_sh_polstere-100_multi_202401071200.nc","8206627","23-09-2026 01:25:14","False"
"D:\SIH\IceBerg\dataSet\SIH\DATA_Sea_ice_drift_concentration\ice_conc_sh_polstere-100_multi_202401081200 (1).nc","8260162","23-09-2026 01:27:24","False"
"D:\SIH\IceBerg\dataSet\SIH\DATA_Sea_ice_drift_concentration\ice_conc_sh_polstere-100_multi_202401081200.nc","8260162","23-09-2026 01:25:20","False"
"D:\SIH\IceBerg\dataSet\SIH\DATA_Sea_ice_drift_concentration\ice_conc_sh_polstere-100_multi_202401091200 (1).nc","8283553","23-09-2026 01:27:28","False"
"D:\SIH\IceBerg\dataSet\SIH\DATA_Sea_ice_drift_concentration\ice_conc_sh_polstere-100_multi_202401091200.nc","8283553","23-09-2026 01:25:22","False"
"D:\SIH\IceBerg\dataSet\SIH\DATA_Sea_ice_drift_concentration\ice_conc_sh_polstere-100_multi_202401101200 (1).nc","8178201","23-09-2026 01:27:34","False"
"D:\SIH\IceBerg\dataSet\SIH\DATA_Sea_ice_drift_concentration\ice_conc_sh_polstere-100_multi_202401101200.nc","8178201","23-09-2026 01:25:26","False"
"D:\SIH\IceBerg\dataSet\SIH\DATA_Sea_ice_drift_concentration\ice_conc_sh_polstere-100_multi_202401111200 (1).nc","8249193","23-09-2026 01:27:36","False"
"D:\SIH\IceBerg\dataSet\SIH\DATA_Sea_ice_drift_concentration\ice_conc_sh_polstere-100_multi_202401111200.nc","8249193","23-09-2026 01:25:30","False"
"D:\SIH\IceBerg\dataSet\SIH\DATA_Sea_ice_drift_concentration\ice_conc_sh_polstere-100_multi_202401121200 (1).nc","8292245","23-09-2026 01:27:40","False"
"D:\SIH\IceBerg\dataSet\SIH\DATA_Sea_ice_drift_concentration\ice_conc_sh_polstere-100_multi_202401121200.nc","8292245","23-09-2026 01:25:34","False"
"D:\SIH\IceBerg\dataSet\SIH\DATA_Sea_ice_drift_concentration\ice_conc_sh_polstere-100_multi_202401131200 (1).nc","8337994","23-09-2026 01:27:46","False"
"D:\SIH\IceBerg\dataSet\SIH\DATA_Sea_ice_drift_concentration\ice_conc_sh_polstere-100_multi_202401131200.nc","8337994","23-09-2026 01:25:40","False"
"D:\SIH\IceBerg\dataSet\SIH\DATA_Sea_ice_drift_concentration\ice_conc_sh_polstere-100_multi_202401141200 (1).nc","8213710","23-09-2026 01:27:50","False"
"D:\SIH\IceBerg\dataSet\SIH\DATA_Sea_ice_drift_concentration\ice_conc_sh_polstere-100_multi_202401141200.nc","8213710","23-09-2026 01:25:44","False"
"D:\SIH\IceBerg\dataSet\SIH\DATA_Sea_ice_drift_concentration\ice_conc_sh_polstere-100_multi_202401151200 (1).nc","8148431","23-09-2026 01:27:54","False"
"D:\SIH\IceBerg\dataSet\SIH\DATA_Sea_ice_drift_concentration\ice_conc_sh_polstere-100_multi_202401151200.nc","8148431","23-09-2026 01:25:50","False"
"D:\SIH\IceBerg\dataSet\SIH\DATA_Sea_ice_drift_concentration\ice_conc_sh_polstere-100_multi_202401161200 (1).nc","8200137","23-09-2026 01:28:00","False"
"D:\SIH\IceBerg\dataSet\SIH\DATA_Sea_ice_drift_concentration\ice_conc_sh_polstere-100_multi_202401161200.nc","8200137","23-09-2026 01:25:52","False"
"D:\SIH\IceBerg\dataSet\SIH\DATA_Sea_ice_drift_concentration\ice_conc_sh_polstere-100_multi_202401171200 (1).nc","8309219","23-09-2026 01:28:04","False"
"D:\SIH\IceBerg\dataSet\SIH\DATA_Sea_ice_drift_concentration\ice_conc_sh_polstere-100_multi_202401171200.nc","8309219","23-09-2026 01:25:56","False"
"D:\SIH\IceBerg\dataSet\SIH\DATA_Sea_ice_drift_concentration\ice_conc_sh_polstere-100_multi_202401181200 (1).nc","8254806","23-09-2026 01:28:08","False"
"D:\SIH\IceBerg\dataSet\SIH\DATA_Sea_ice_drift_concentration\ice_conc_sh_polstere-100_multi_202401181200.nc","8254806","23-09-2026 01:26:00","False"
"D:\SIH\IceBerg\dataSet\SIH\DATA_Sea_ice_drift_concentration\ice_conc_sh_polstere-100_multi_202401191200 (1).nc","8276564","23-09-2026 01:28:12","False"
"D:\SIH\IceBerg\dataSet\SIH\DATA_Sea_ice_drift_concentration\ice_conc_sh_polstere-100_multi_202401191200.nc","8276564","23-09-2026 01:26:04","False"
"D:\SIH\IceBerg\dataSet\SIH\DATA_Sea_ice_drift_concentration\ice_conc_sh_polstere-100_multi_202401201200 (1).nc","8148125","23-09-2026 01:28:16","False"
"D:\SIH\IceBerg\dataSet\SIH\DATA_Sea_ice_drift_concentration\ice_conc_sh_polstere-100_multi_202401201200.nc","8148125","23-09-2026 01:26:08","False"
"D:\SIH\IceBerg\dataSet\SIH\DATA_Sea_ice_drift_concentration\ice_conc_sh_polstere-100_multi_202401211200 (1).nc","8216339","23-09-2026 01:28:20","False"
"D:\SIH\IceBerg\dataSet\SIH\DATA_Sea_ice_drift_concentration\ice_conc_sh_polstere-100_multi_202401211200.nc","8216339","23-09-2026 01:26:12","False"
"D:\SIH\IceBerg\dataSet\SIH\DATA_Sea_ice_drift_concentration\ice_conc_sh_polstere-100_multi_202401221200 (1).nc","8170337","23-09-2026 01:28:24","False"
"D:\SIH\IceBerg\dataSet\SIH\DATA_Sea_ice_drift_concentration\ice_conc_sh_polstere-100_multi_202401221200.nc","8170337","23-09-2026 01:26:16","False"
"D:\SIH\IceBerg\dataSet\SIH\DATA_Sea_ice_drift_concentration\ice_conc_sh_polstere-100_multi_202401231200 (1).nc","8126510","23-09-2026 01:28:28","False"
"D:\SIH\IceBerg\dataSet\SIH\DATA_Sea_ice_drift_concentration\ice_conc_sh_polstere-100_multi_202401231200.nc","8126510","23-09-2026 01:26:18","False"
"D:\SIH\IceBerg\dataSet\SIH\DATA_Sea_ice_drift_concentration\ice_conc_sh_polstere-100_multi_202401241200 (1).nc","8228569","23-09-2026 01:28:30","False"
"D:\SIH\IceBerg\dataSet\SIH\DATA_Sea_ice_drift_concentration\ice_conc_sh_polstere-100_multi_202401241200.nc","8228569","23-09-2026 01:26:22","False"
"D:\SIH\IceBerg\dataSet\SIH\DATA_Sea_ice_drift_concentration\ice_conc_sh_polstere-100_multi_202401251200 (1).nc","8334639","23-09-2026 01:28:34","False"
"D:\SIH\IceBerg\dataSet\SIH\DATA_Sea_ice_drift_concentration\ice_conc_sh_polstere-100_multi_202401251200.nc","8334639","23-09-2026 01:26:24","False"
"D:\SIH\IceBerg\dataSet\SIH\DATA_Sea_ice_drift_concentration\ice_conc_sh_polstere-100_multi_202401261200 (1).nc","8325659","23-09-2026 01:28:38","False"
"D:\SIH\IceBerg\dataSet\SIH\DATA_Sea_ice_drift_concentration\ice_conc_sh_polstere-100_multi_202401261200.nc","8325659","23-09-2026 01:26:30","False"
"D:\SIH\IceBerg\dataSet\SIH\DATA_Sea_ice_drift_concentration\ice_conc_sh_polstere-100_multi_202401271200 (1).nc","8240088","23-09-2026 01:28:42","False"
"D:\SIH\IceBerg\dataSet\SIH\DATA_Sea_ice_drift_concentration\ice_conc_sh_polstere-100_multi_202401271200.nc","8240088","23-09-2026 01:26:34","False"
"D:\SIH\IceBerg\dataSet\SIH\DATA_Sea_ice_drift_concentration\ice_conc_sh_polstere-100_multi_202401281200 (1).nc","8289819","23-09-2026 01:28:46","False"
"D:\SIH\IceBerg\dataSet\SIH\DATA_Sea_ice_drift_concentration\ice_conc_sh_polstere-100_multi_202401281200.nc","8289819","23-09-2026 01:26:38","False"
"D:\SIH\IceBerg\dataSet\SIH\DATA_Sea_ice_drift_concentration\ice_conc_sh_polstere-100_multi_202401291200 (1).nc","8254895","23-09-2026 01:28:50","False"
"D:\SIH\IceBerg\dataSet\SIH\DATA_Sea_ice_drift_concentration\ice_conc_sh_polstere-100_multi_202401291200.nc","8254895","23-09-2026 01:26:40","False"
"D:\SIH\IceBerg\dataSet\SIH\DATA_Sea_ice_drift_concentration\ice_conc_sh_polstere-100_multi_202401301200 (1).nc","8286657","23-09-2026 01:28:54","False"
"D:\SIH\IceBerg\dataSet\SIH\DATA_Sea_ice_drift_concentration\ice_conc_sh_polstere-100_multi_202401301200.nc","8286657","23-09-2026 01:26:44","False"
"D:\SIH\IceBerg\dataSet\SIH\DATA_Sea_ice_drift_concentration\ice_conc_sh_polstere-100_multi_202401311200 (1).nc","8356004","23-09-2026 01:28:58","False"
"D:\SIH\IceBerg\dataSet\SIH\DATA_Sea_ice_drift_concentration\ice_conc_sh_polstere-100_multi_202401311200.nc","8356004","23-09-2026 01:26:50","False"
"D:\SIH\IceBerg\dataSet\SIH\DATA_Sea_ice_drift_concentration\ice_conc_sh_polstere-100_multi_202402011200.nc","8308511","23-09-2026 01:29:02","False"
"D:\SIH\IceBerg\dataSet\SIH\DATA_Sea_ice_drift_concentration\ice_conc_sh_polstere-100_multi_202402021200.nc","8269710","23-09-2026 01:29:06","False"
"D:\SIH\IceBerg\dataSet\SIH\DATA_Sea_ice_drift_concentration\ice_conc_sh_polstere-100_multi_202402031200.nc","8408013","23-09-2026 01:29:10","False"
"D:\SIH\IceBerg\dataSet\SIH\DATA_Sea_ice_drift_concentration\ice_conc_sh_polstere-100_multi_202402041200.nc","8294501","23-09-2026 01:29:14","False"
"D:\SIH\IceBerg\dataSet\SIH\DATA_Sea_ice_drift_concentration\ice_conc_sh_polstere-100_multi_202402051200.nc","8295382","23-09-2026 01:29:18","False"
"D:\SIH\IceBerg\dataSet\SIH\DATA_Sea_ice_drift_concentration\ice_conc_sh_polstere-100_multi_202402061200.nc","8315456","23-09-2026 01:29:22","False"
"D:\SIH\IceBerg\dataSet\SIH\DATA_Sea_ice_drift_concentration\ice_conc_sh_polstere-100_multi_202402071200.nc","8378907","23-09-2026 01:29:26","False"
"D:\SIH\IceBerg\dataSet\SIH\DATA_Sea_ice_drift_concentration\ice_conc_sh_polstere-100_multi_202402081200.nc","8383551","23-09-2026 01:29:30","False"
"D:\SIH\IceBerg\dataSet\SIH\DATA_Sea_ice_drift_concentration\ice_conc_sh_polstere-100_multi_202402091200.nc","8395553","23-09-2026 01:29:36","False"
"D:\SIH\IceBerg\dataSet\SIH\DATA_Sea_ice_drift_concentration\ice_conc_sh_polstere-100_multi_202402101200.nc","8266764","23-09-2026 01:29:42","False"
"D:\SIH\IceBerg\dataSet\SIH\DATA_Sea_ice_drift_concentration\ice_conc_sh_polstere-100_multi_202402111200.nc","8336019","23-09-2026 01:29:50","False"
"D:\SIH\IceBerg\dataSet\SIH\DATA_Sea_ice_drift_concentration\ice_conc_sh_polstere-100_multi_202402121200.nc","8274494","23-09-2026 01:29:56","False"
"D:\SIH\IceBerg\dataSet\SIH\DATA_Sea_ice_drift_concentration\ice_conc_sh_polstere-100_multi_202402131200.nc","8290332","23-09-2026 01:30:02","False"
"D:\SIH\IceBerg\dataSet\SIH\DATA_Sea_ice_drift_concentration\ice_conc_sh_polstere-100_multi_202402141200.nc","8360886","23-09-2026 01:30:06","False"
"D:\SIH\IceBerg\dataSet\SIH\DATA_Sea_ice_drift_concentration\ice_conc_sh_polstere-100_multi_202402151200.nc","8453924","23-09-2026 01:30:10","False"
"D:\SIH\IceBerg\dataSet\SIH\DATA_Sea_ice_drift_concentration\ice_conc_sh_polstere-100_multi_202402161200.nc","8340301","23-09-2026 01:30:14","False"
"D:\SIH\IceBerg\dataSet\SIH\DATA_Sea_ice_drift_concentration\ice_conc_sh_polstere-100_multi_202402171200.nc","8325998","23-09-2026 01:30:20","False"
"D:\SIH\IceBerg\dataSet\SIH\DATA_Sea_ice_drift_concentration\ice_conc_sh_polstere-100_multi_202402181200.nc","8381462","23-09-2026 01:30:22","False"
"D:\SIH\IceBerg\dataSet\SIH\DATA_Sea_ice_drift_concentration\ice_conc_sh_polstere-100_multi_202402191200.nc","8377511","23-09-2026 01:30:26","False"
"D:\SIH\IceBerg\dataSet\SIH\DATA_Sea_ice_drift_concentration\ice_conc_sh_polstere-100_multi_202402201200.nc","8416020","23-09-2026 01:30:30","False"
"D:\SIH\IceBerg\dataSet\SIH\DATA_Sea_ice_drift_concentration\ice_conc_sh_polstere-100_multi_202402211200.nc","8313232","23-09-2026 01:30:34","False"
"D:\SIH\IceBerg\dataSet\SIH\DATA_Sea_ice_drift_concentration\ice_conc_sh_polstere-100_multi_202402221200.nc","8363059","23-09-2026 01:30:38","False"
"D:\SIH\IceBerg\dataSet\SIH\DATA_Sea_ice_drift_concentration\ice_conc_sh_polstere-100_multi_202402231200.nc","8356593","23-09-2026 01:30:42","False"
"D:\SIH\IceBerg\dataSet\SIH\DATA_Sea_ice_drift_concentration\ice_conc_sh_polstere-100_multi_202402241200.nc","8430295","23-09-2026 01:30:46","False"
"D:\SIH\IceBerg\dataSet\SIH\DATA_Sea_ice_drift_concentration\ice_conc_sh_polstere-100_multi_202402251200.nc","8409219","23-09-2026 01:30:52","False"
"D:\SIH\IceBerg\dataSet\SIH\DATA_Sea_ice_drift_concentration\ice_conc_sh_polstere-100_multi_202402261200.nc","8405008","23-09-2026 01:30:56","False"
"D:\SIH\IceBerg\dataSet\SIH\DATA_Sea_ice_drift_concentration\ice_conc_sh_polstere-100_multi_202402271200.nc","8403748","23-09-2026 01:31:00","False"
"D:\SIH\IceBerg\dataSet\SIH\DATA_Sea_ice_drift_concentration\ice_conc_sh_polstere-100_multi_202402281200.nc","8369589","23-09-2026 01:31:04","False"
"D:\SIH\IceBerg\dataSet\SIH\DATA_Sea_ice_drift_concentration\ice_conc_sh_polstere-100_multi_202402291200.nc","8399661","23-09-2026 01:31:08","False"
"D:\SIH\IceBerg\dataSet\SIH\DATA_Sea_ice_drift_concentration\ice_conc_sh_polstere-100_multi_202403011200.nc","8350803","23-09-2026 01:31:22","False"
"D:\SIH\IceBerg\dataSet\SIH\DATA_Sea_ice_drift_concentration\ice_conc_sh_polstere-100_multi_202403021200.nc","8371133","23-09-2026 01:31:26","False"
"D:\SIH\IceBerg\dataSet\SIH\DATA_Sea_ice_drift_concentration\ice_conc_sh_polstere-100_multi_202403031200.nc","8350813","23-09-2026 01:31:30","False"
"D:\SIH\IceBerg\dataSet\SIH\DATA_Sea_ice_drift_concentration\ice_conc_sh_polstere-100_multi_202403041200.nc","8374465","23-09-2026 01:31:34","False"
"D:\SIH\IceBerg\dataSet\SIH\DATA_Sea_ice_drift_concentration\ice_conc_sh_polstere-100_multi_202403051200.nc","8377999","23-09-2026 01:31:38","False"
"D:\SIH\IceBerg\dataSet\SIH\DATA_Sea_ice_drift_concentration\ice_conc_sh_polstere-100_multi_202403061200.nc","8379127","23-09-2026 01:31:44","False"
"D:\SIH\IceBerg\dataSet\SIH\DATA_Sea_ice_drift_concentration\ice_conc_sh_polstere-100_multi_202403071200.nc","8351393","23-09-2026 01:31:48","False"
"D:\SIH\IceBerg\dataSet\SIH\DATA_Sea_ice_drift_concentration\ice_conc_sh_polstere-100_multi_202403081200.nc","8374662","23-09-2026 01:31:52","False"
"D:\SIH\IceBerg\dataSet\SIH\DATA_Sea_ice_drift_concentration\ice_conc_sh_polstere-100_multi_202403091200.nc","8401720","23-09-2026 01:31:56","False"
"D:\SIH\IceBerg\dataSet\SIH\DATA_Sea_ice_drift_concentration\ice_conc_sh_polstere-100_multi_202403101200.nc","8359176","23-09-2026 01:32:00","False"
"D:\SIH\IceBerg\dataSet\SIH\DATA_Sea_ice_drift_concentration\ice_conc_sh_polstere-100_multi_202403111200.nc","8371240","23-09-2026 01:32:04","False"
"D:\SIH\IceBerg\dataSet\SIH\DATA_Sea_ice_drift_concentration\ice_conc_sh_polstere-100_multi_202403121200.nc","8309156","23-09-2026 01:32:08","False"
"D:\SIH\IceBerg\dataSet\SIH\DATA_Sea_ice_drift_concentration\ice_conc_sh_polstere-100_multi_202403131200.nc","8312321","23-09-2026 01:32:12","False"
"D:\SIH\IceBerg\dataSet\SIH\DATA_Sea_ice_drift_concentration\ice_conc_sh_polstere-100_multi_202403141200.nc","8361193","23-09-2026 01:32:14","False"
"D:\SIH\IceBerg\dataSet\SIH\DATA_Sea_ice_drift_concentration\ice_conc_sh_polstere-100_multi_202403151200.nc","8379639","23-09-2026 01:32:18","False"
"D:\SIH\IceBerg\dataSet\SIH\DATA_Sea_ice_drift_concentration\ice_conc_sh_polstere-100_multi_202403161200.nc","8404654","23-09-2026 01:32:22","False"
"D:\SIH\IceBerg\dataSet\SIH\DATA_Sea_ice_drift_concentration\ice_conc_sh_polstere-100_multi_202403171200.nc","8409150","23-09-2026 01:32:26","False"
"D:\SIH\IceBerg\dataSet\SIH\DATA_Sea_ice_drift_concentration\ice_conc_sh_polstere-100_multi_202403181200.nc","8371059","23-09-2026 01:32:30","False"
"D:\SIH\IceBerg\dataSet\SIH\DATA_Sea_ice_drift_concentration\ice_conc_sh_polstere-100_multi_202403191200.nc","8380908","23-09-2026 01:32:34","False"
"D:\SIH\IceBerg\dataSet\SIH\DATA_Sea_ice_drift_concentration\ice_conc_sh_polstere-100_multi_202403201200.nc","8338808","23-09-2026 01:32:38","False"
"D:\SIH\IceBerg\dataSet\SIH\DATA_Sea_ice_drift_concentration\ice_conc_sh_polstere-100_multi_202403211200.nc","8399578","23-09-2026 01:32:40","False"
"D:\SIH\IceBerg\dataSet\SIH\DATA_Sea_ice_drift_concentration\ice_conc_sh_polstere-100_multi_202403221200.nc","8440311","23-09-2026 01:32:44","False"
"D:\SIH\IceBerg\dataSet\SIH\DATA_Sea_ice_drift_concentration\ice_conc_sh_polstere-100_multi_202403231200.nc","8442092","23-09-2026 01:32:46","False"
"D:\SIH\IceBerg\dataSet\SIH\DATA_Sea_ice_drift_concentration\ice_conc_sh_polstere-100_multi_202403241200.nc","8428426","23-09-2026 01:32:50","False"
"D:\SIH\IceBerg\dataSet\SIH\DATA_Sea_ice_drift_concentration\ice_conc_sh_polstere-100_multi_202403251200.nc","8360135","23-09-2026 01:32:54","False"
"D:\SIH\IceBerg\dataSet\SIH\DATA_Sea_ice_drift_concentration\ice_conc_sh_polstere-100_multi_202403261200.nc","8380903","23-09-2026 01:33:00","False"
"D:\SIH\IceBerg\dataSet\SIH\DATA_Sea_ice_drift_concentration\ice_conc_sh_polstere-100_multi_202403271200.nc","8465246","23-09-2026 01:33:04","False"
"D:\SIH\IceBerg\dataSet\SIH\DATA_Sea_ice_drift_concentration\ice_conc_sh_polstere-100_multi_202403281200.nc","8375669","23-09-2026 01:33:08","False"
"D:\SIH\IceBerg\dataSet\SIH\DATA_Sea_ice_drift_concentration\ice_conc_sh_polstere-100_multi_202403291200.nc","8379264","23-09-2026 01:33:12","False"
"D:\SIH\IceBerg\dataSet\SIH\DATA_Sea_ice_drift_concentration\ice_conc_sh_polstere-100_multi_202403301200.nc","8457950","23-09-2026 01:33:16","False"
"D:\SIH\IceBerg\dataSet\SIH\DATA_Sea_ice_drift_concentration\ice_conc_sh_polstere-100_multi_202403311200.nc","8423276","23-09-2026 01:33:22","False"
"D:\SIH\IceBerg\dataSet\SIH\DATA_Sea_ice_drift_concentration\ice_conc_sh_polstere-100_multi_202404011200.nc","8362081","23-09-2026 01:33:48","False"
"D:\SIH\IceBerg\dataSet\SIH\DATA_Sea_ice_drift_concentration\ice_conc_sh_polstere-100_multi_202404021200.nc","8323306","23-09-2026 01:33:52","False"
"D:\SIH\IceBerg\dataSet\SIH\DATA_Sea_ice_drift_concentration\ice_conc_sh_polstere-100_multi_202404031200.nc","8415600","23-09-2026 01:33:56","False"
"D:\SIH\IceBerg\dataSet\SIH\DATA_Sea_ice_drift_concentration\ice_conc_sh_polstere-100_multi_202404041200.nc","8369809","23-09-2026 01:34:00","False"
"D:\SIH\IceBerg\dataSet\SIH\DATA_Sea_ice_drift_concentration\ice_conc_sh_polstere-100_multi_202404051200.nc","8332334","23-09-2026 01:34:04","False"
"D:\SIH\IceBerg\dataSet\SIH\DATA_Sea_ice_drift_concentration\ice_conc_sh_polstere-100_multi_202404061200.nc","8343308","23-09-2026 01:34:08","False"
"D:\SIH\IceBerg\dataSet\SIH\DATA_Sea_ice_drift_concentration\ice_conc_sh_polstere-100_multi_202404071200.nc","8383038","23-09-2026 01:34:14","False"
"D:\SIH\IceBerg\dataSet\SIH\DATA_Sea_ice_drift_concentration\ice_conc_sh_polstere-100_multi_202404081200.nc","8375381","23-09-2026 01:34:18","False"
"D:\SIH\IceBerg\dataSet\SIH\DATA_Sea_ice_drift_concentration\ice_conc_sh_polstere-100_multi_202404091200.nc","8315612","23-09-2026 01:34:20","False"
"D:\SIH\IceBerg\dataSet\SIH\DATA_Sea_ice_drift_concentration\ice_conc_sh_polstere-100_multi_202404101200.nc","8352271","23-09-2026 01:34:24","False"
"D:\SIH\IceBerg\dataSet\SIH\DATA_Sea_ice_drift_concentration\ice_conc_sh_polstere-100_multi_202404111200.nc","8345020","23-09-2026 01:34:28","False"
"D:\SIH\IceBerg\dataSet\SIH\DATA_Sea_ice_drift_concentration\ice_conc_sh_polstere-100_multi_202404121200.nc","8285709","23-09-2026 01:34:34","False"
"D:\SIH\IceBerg\dataSet\SIH\DATA_Sea_ice_drift_concentration\ice_conc_sh_polstere-100_multi_202404131200.nc","8306483","23-09-2026 01:34:40","False"
"D:\SIH\IceBerg\dataSet\SIH\DATA_Sea_ice_drift_concentration\ice_conc_sh_polstere-100_multi_202404141200.nc","8335157","23-09-2026 01:34:44","False"
"D:\SIH\IceBerg\dataSet\SIH\DATA_Sea_ice_drift_concentration\ice_conc_sh_polstere-100_multi_202404151200.nc","8323396","23-09-2026 01:34:46","False"
"D:\SIH\IceBerg\dataSet\SIH\DATA_Sea_ice_drift_concentration\ice_conc_sh_polstere-100_multi_202404161200.nc","8236026","23-09-2026 01:34:52","False"
"D:\SIH\IceBerg\dataSet\SIH\DATA_Sea_ice_drift_concentration\ice_conc_sh_polstere-100_multi_202404171200.nc","8256153","23-09-2026 01:34:56","False"
"D:\SIH\IceBerg\dataSet\SIH\DATA_Sea_ice_drift_concentration\ice_conc_sh_polstere-100_multi_202404181200.nc","8334666","23-09-2026 01:35:00","False"
"D:\SIH\IceBerg\dataSet\SIH\DATA_Sea_ice_drift_concentration\ice_conc_sh_polstere-100_multi_202404191200.nc","8303131","23-09-2026 01:35:04","False"
"D:\SIH\IceBerg\dataSet\SIH\DATA_Sea_ice_drift_concentration\ice_conc_sh_polstere-100_multi_202404201200.nc","8363267","23-09-2026 01:35:08","False"
"D:\SIH\IceBerg\dataSet\SIH\DATA_Sea_ice_drift_concentration\ice_conc_sh_polstere-100_multi_202404211200.nc","8327314","23-09-2026 01:35:12","False"
"D:\SIH\IceBerg\dataSet\SIH\DATA_Sea_ice_drift_concentration\ice_conc_sh_polstere-100_multi_202404221200.nc","8299055","23-09-2026 01:35:18","False"
"D:\SIH\IceBerg\dataSet\SIH\DATA_Sea_ice_drift_concentration\ice_conc_sh_polstere-100_multi_202404231200.nc","8195104","23-09-2026 01:35:22","False"
"D:\SIH\IceBerg\dataSet\SIH\DATA_Sea_ice_drift_concentration\ice_conc_sh_polstere-100_multi_202404241200.nc","8267652","23-09-2026 01:35:28","False"
"D:\SIH\IceBerg\dataSet\SIH\DATA_Sea_ice_drift_concentration\ice_conc_sh_polstere-100_multi_202404251200.nc","8338269","23-09-2026 01:35:32","False"
"D:\SIH\IceBerg\dataSet\SIH\DATA_Sea_ice_drift_concentration\ice_conc_sh_polstere-100_multi_202404261200.nc","8249586","23-09-2026 01:35:34","False"
"D:\SIH\IceBerg\dataSet\SIH\DATA_Sea_ice_drift_concentration\ice_conc_sh_polstere-100_multi_202404271200.nc","8278475","23-09-2026 01:35:38","False"
"D:\SIH\IceBerg\dataSet\SIH\DATA_Sea_ice_drift_concentration\ice_conc_sh_polstere-100_multi_202404281200.nc","8194751","23-09-2026 01:35:40","False"
"D:\SIH\IceBerg\dataSet\SIH\DATA_Sea_ice_drift_concentration\ice_conc_sh_polstere-100_multi_202404291200.nc","8227712","23-09-2026 01:35:44","False"
"D:\SIH\IceBerg\dataSet\SIH\DATA_Sea_ice_drift_concentration\ice_conc_sh_polstere-100_multi_202404301200.nc","8205081","23-09-2026 01:35:46","False"
"D:\SIH\IceBerg\dataSet\SIH\DATA_Sea_ice_drift_concentration\ice_conc_sh_polstere-100_multi_202405011200.nc","8216921","23-09-2026 01:36:00","False"
"D:\SIH\IceBerg\dataSet\SIH\DATA_Sea_ice_drift_concentration\ice_conc_sh_polstere-100_multi_202405021200.nc","8048959","23-09-2026 01:36:04","False"
"D:\SIH\IceBerg\dataSet\SIH\DATA_Sea_ice_drift_concentration\ice_conc_sh_polstere-100_multi_202405031200.nc","8233118","23-09-2026 01:36:08","False"
"D:\SIH\IceBerg\dataSet\SIH\DATA_Sea_ice_drift_concentration\ice_conc_sh_polstere-100_multi_202405041200.nc","8145410","23-09-2026 01:36:12","False"
"D:\SIH\IceBerg\dataSet\SIH\DATA_Sea_ice_drift_concentration\ice_conc_sh_polstere-100_multi_202405051200.nc","8202366","23-09-2026 01:36:14","False"
"D:\SIH\IceBerg\dataSet\SIH\DATA_Sea_ice_drift_concentration\ice_conc_sh_polstere-100_multi_202405061200.nc","8243645","23-09-2026 01:36:20","False"
"D:\SIH\IceBerg\dataSet\SIH\DATA_Sea_ice_drift_concentration\ice_conc_sh_polstere-100_multi_202405071200.nc","8110555","23-09-2026 01:36:24","False"
"D:\SIH\IceBerg\dataSet\SIH\DATA_Sea_ice_drift_concentration\ice_conc_sh_polstere-100_multi_202405081200.nc","8134657","23-09-2026 01:36:26","False"
"D:\SIH\IceBerg\dataSet\SIH\DATA_Sea_ice_drift_concentration\ice_conc_sh_polstere-100_multi_202405091200.nc","8077107","23-09-2026 01:36:30","False"
"D:\SIH\IceBerg\dataSet\SIH\DATA_Sea_ice_drift_concentration\ice_conc_sh_polstere-100_multi_202405101200.nc","8144833","23-09-2026 01:36:32","False"
"D:\SIH\IceBerg\dataSet\SIH\DATA_Sea_ice_drift_concentration\ice_conc_sh_polstere-100_multi_202405111200.nc","8129632","23-09-2026 01:36:36","False"
"D:\SIH\IceBerg\dataSet\SIH\DATA_Sea_ice_drift_concentration\ice_conc_sh_polstere-100_multi_202405121200.nc","8182657","23-09-2026 01:36:42","False"
"D:\SIH\IceBerg\dataSet\SIH\DATA_Sea_ice_drift_concentration\ice_conc_sh_polstere-100_multi_202405131200.nc","8206608","23-09-2026 01:36:44","False"
"D:\SIH\IceBerg\dataSet\SIH\DATA_Sea_ice_drift_concentration\ice_conc_sh_polstere-100_multi_202405141200.nc","8154600","23-09-2026 01:36:48","False"
"D:\SIH\IceBerg\dataSet\SIH\DATA_Sea_ice_drift_concentration\ice_conc_sh_polstere-100_multi_202405151200.nc","8224678","23-09-2026 01:36:52","False"
"D:\SIH\IceBerg\dataSet\SIH\DATA_Sea_ice_drift_concentration\ice_conc_sh_polstere-100_multi_202405161200.nc","8204937","23-09-2026 01:36:56","False"
"D:\SIH\IceBerg\dataSet\SIH\DATA_Sea_ice_drift_concentration\ice_conc_sh_polstere-100_multi_202405171200.nc","8144565","23-09-2026 01:37:02","False"
"D:\SIH\IceBerg\dataSet\SIH\DATA_Sea_ice_drift_concentration\ice_conc_sh_polstere-100_multi_202405181200.nc","8124985","23-09-2026 01:37:06","False"
"D:\SIH\IceBerg\dataSet\SIH\DATA_Sea_ice_drift_concentration\ice_conc_sh_polstere-100_multi_202405191200.nc","8201926","23-09-2026 01:37:10","False"
"D:\SIH\IceBerg\dataSet\SIH\DATA_Sea_ice_drift_concentration\ice_conc_sh_polstere-100_multi_202405201200.nc","8209301","23-09-2026 01:37:14","False"
"D:\SIH\IceBerg\dataSet\SIH\DATA_Sea_ice_drift_concentration\ice_conc_sh_polstere-100_multi_202405211200.nc","8194676","23-09-2026 01:37:18","False"
"D:\SIH\IceBerg\dataSet\SIH\DATA_Sea_ice_drift_concentration\ice_conc_sh_polstere-100_multi_202405221200.nc","8165422","23-09-2026 01:37:24","False"
"D:\SIH\IceBerg\dataSet\SIH\DATA_Sea_ice_drift_concentration\ice_conc_sh_polstere-100_multi_202405231200.nc","8157550","23-09-2026 01:37:28","False"
"D:\SIH\IceBerg\dataSet\SIH\DATA_Sea_ice_drift_concentration\ice_conc_sh_polstere-100_multi_202405241200.nc","8218324","23-09-2026 01:37:32","False"
"D:\SIH\IceBerg\dataSet\SIH\DATA_Sea_ice_drift_concentration\ice_conc_sh_polstere-100_multi_202405251200.nc","8144763","23-09-2026 01:37:36","False"
"D:\SIH\IceBerg\dataSet\SIH\DATA_Sea_ice_drift_concentration\ice_conc_sh_polstere-100_multi_202405261200.nc","8139873","23-09-2026 01:37:40","False"
"D:\SIH\IceBerg\dataSet\SIH\DATA_Sea_ice_drift_concentration\ice_conc_sh_polstere-100_multi_202405271200.nc","8215094","23-09-2026 01:37:46","False"
"D:\SIH\IceBerg\dataSet\SIH\DATA_Sea_ice_drift_concentration\ice_conc_sh_polstere-100_multi_202405281200.nc","7990107","23-09-2026 01:37:52","False"
"D:\SIH\IceBerg\dataSet\SIH\DATA_Sea_ice_drift_concentration\ice_conc_sh_polstere-100_multi_202405291200.nc","8003525","23-09-2026 01:37:54","False"
"D:\SIH\IceBerg\dataSet\SIH\DATA_Sea_ice_drift_concentration\ice_conc_sh_polstere-100_multi_202405301200.nc","8062521","23-09-2026 01:37:56","False"
"D:\SIH\IceBerg\dataSet\SIH\DATA_Sea_ice_drift_concentration\ice_conc_sh_polstere-100_multi_202405311200.nc","8119103","23-09-2026 01:38:02","False"
"D:\SIH\IceBerg\dataSet\SIH\DATA_Sea_ice_drift_concentration\ice_conc_sh_polstere-100_multi_202406011200.nc","8168946","23-09-2026 01:38:08","False"
"D:\SIH\IceBerg\dataSet\SIH\DATA_Sea_ice_drift_concentration\ice_conc_sh_polstere-100_multi_202406021200.nc","8133955","23-09-2026 01:38:10","False"
"D:\SIH\IceBerg\dataSet\SIH\DATA_Sea_ice_drift_concentration\ice_conc_sh_polstere-100_multi_202406031200.nc","8131353","23-09-2026 01:38:14","False"
"D:\SIH\IceBerg\dataSet\SIH\DATA_Sea_ice_drift_concentration\ice_conc_sh_polstere-100_multi_202406041200.nc","8165765","23-09-2026 01:38:20","False"
"D:\SIH\IceBerg\dataSet\SIH\DATA_Sea_ice_drift_concentration\ice_conc_sh_polstere-100_multi_202406051200.nc","8176096","23-09-2026 01:38:24","False"
"D:\SIH\IceBerg\dataSet\SIH\DATA_Sea_ice_drift_concentration\ice_conc_sh_polstere-100_multi_202406061200.nc","8658043","23-09-2026 01:38:26","False"
"D:\SIH\IceBerg\dataSet\SIH\DATA_Sea_ice_drift_concentration\ice_conc_sh_polstere-100_multi_202406071200.nc","7995606","23-09-2026 01:38:30","False"
"D:\SIH\IceBerg\dataSet\SIH\DATA_Sea_ice_drift_concentration\ice_conc_sh_polstere-100_multi_202406081200.nc","8137795","23-09-2026 01:38:36","False"
"D:\SIH\IceBerg\dataSet\SIH\DATA_Sea_ice_drift_concentration\ice_conc_sh_polstere-100_multi_202406091200.nc","8179205","23-09-2026 01:38:42","False"
"D:\SIH\IceBerg\dataSet\SIH\DATA_Sea_ice_drift_concentration\ice_conc_sh_polstere-100_multi_202406101200.nc","8081786","23-09-2026 01:38:46","False"
"D:\SIH\IceBerg\dataSet\SIH\DATA_Sea_ice_drift_concentration\ice_conc_sh_polstere-100_multi_202406111200.nc","8164030","23-09-2026 01:38:52","False"
"D:\SIH\IceBerg\dataSet\SIH\DATA_Sea_ice_drift_concentration\ice_conc_sh_polstere-100_multi_202406121200.nc","8061383","23-09-2026 01:38:56","False"
"D:\SIH\IceBerg\dataSet\SIH\DATA_Sea_ice_drift_concentration\ice_conc_sh_polstere-100_multi_202406131200.nc","8100570","23-09-2026 01:39:00","False"
"D:\SIH\IceBerg\dataSet\SIH\DATA_Sea_ice_drift_concentration\ice_conc_sh_polstere-100_multi_202406141200.nc","7989751","23-09-2026 01:39:04","False"
"D:\SIH\IceBerg\dataSet\SIH\DATA_Sea_ice_drift_concentration\ice_conc_sh_polstere-100_multi_202406151200.nc","8073998","23-09-2026 01:39:10","False"
"D:\SIH\IceBerg\dataSet\SIH\DATA_Sea_ice_drift_concentration\ice_conc_sh_polstere-100_multi_202406161200.nc","8013675","23-09-2026 01:39:16","False"
"D:\SIH\IceBerg\dataSet\SIH\DATA_Sea_ice_drift_concentration\ice_conc_sh_polstere-100_multi_202406171200.nc","8090759","23-09-2026 01:39:26","False"
"D:\SIH\IceBerg\dataSet\SIH\DATA_Sea_ice_drift_concentration\ice_conc_sh_polstere-100_multi_202406181200.nc","7999959","23-09-2026 01:39:32","False"
"D:\SIH\IceBerg\dataSet\SIH\DATA_Sea_ice_drift_concentration\ice_conc_sh_polstere-100_multi_202406191200.nc","8101355","23-09-2026 01:39:36","False"
"D:\SIH\IceBerg\dataSet\SIH\DATA_Sea_ice_drift_concentration\ice_conc_sh_polstere-100_multi_202406201200.nc","8169735","23-09-2026 01:39:40","False"
"D:\SIH\IceBerg\dataSet\SIH\DATA_Sea_ice_drift_concentration\ice_conc_sh_polstere-100_multi_202406211200.nc","8155558","23-09-2026 01:39:46","False"
"D:\SIH\IceBerg\dataSet\SIH\DATA_Sea_ice_drift_concentration\ice_conc_sh_polstere-100_multi_202406221200.nc","8168249","23-09-2026 01:39:54","False"
"D:\SIH\IceBerg\dataSet\SIH\DATA_Sea_ice_drift_concentration\ice_conc_sh_polstere-100_multi_202406231200.nc","8232162","23-09-2026 01:39:56","False"
"D:\SIH\IceBerg\dataSet\SIH\DATA_Sea_ice_drift_concentration\ice_conc_sh_polstere-100_multi_202406241200.nc","8188716","23-09-2026 01:39:58","False"
"D:\SIH\IceBerg\dataSet\SIH\DATA_Sea_ice_drift_concentration\ice_conc_sh_polstere-100_multi_202406251200.nc","8191336","23-09-2026 01:40:02","False"
"D:\SIH\IceBerg\dataSet\SIH\DATA_Sea_ice_drift_concentration\ice_conc_sh_polstere-100_multi_202406261200.nc","8095452","23-09-2026 01:40:04","False"
"D:\SIH\IceBerg\dataSet\SIH\DATA_Sea_ice_drift_concentration\ice_conc_sh_polstere-100_multi_202406271200.nc","8092593","23-09-2026 01:40:08","False"
"D:\SIH\IceBerg\dataSet\SIH\DATA_Sea_ice_drift_concentration\ice_conc_sh_polstere-100_multi_202406281200.nc","8157166","23-09-2026 01:40:10","False"
"D:\SIH\IceBerg\dataSet\SIH\DATA_Sea_ice_drift_concentration\ice_conc_sh_polstere-100_multi_202406291200.nc","8197344","23-09-2026 01:40:12","False"
"D:\SIH\IceBerg\dataSet\SIH\DATA_Sea_ice_drift_concentration\ice_conc_sh_polstere-100_multi_202406301200.nc","8139693","23-09-2026 01:40:14","False"
"D:\SIH\IceBerg\dataSet\SIH\DATA_Sea_ice_drift_concentration\ice_conc_sh_polstere-100_multi_202407011200.nc","8084291","23-09-2026 01:40:46","False"
"D:\SIH\IceBerg\dataSet\SIH\DATA_Sea_ice_drift_concentration\ice_conc_sh_polstere-100_multi_202407021200.nc","8005123","23-09-2026 01:40:48","False"
"D:\SIH\IceBerg\dataSet\SIH\DATA_Sea_ice_drift_concentration\ice_conc_sh_polstere-100_multi_202407031200.nc","8039136","23-09-2026 01:40:54","False"
"D:\SIH\IceBerg\dataSet\SIH\DATA_Sea_ice_drift_concentration\ice_conc_sh_polstere-100_multi_202407041200.nc","8116088","23-09-2026 01:41:00","False"
"D:\SIH\IceBerg\dataSet\SIH\DATA_Sea_ice_drift_concentration\ice_conc_sh_polstere-100_multi_202407051200.nc","8096908","23-09-2026 01:41:06","False"
"D:\SIH\IceBerg\dataSet\SIH\DATA_Sea_ice_drift_concentration\ice_conc_sh_polstere-100_multi_202407061200.nc","8010745","23-09-2026 01:41:10","False"
"D:\SIH\IceBerg\dataSet\SIH\DATA_Sea_ice_drift_concentration\ice_conc_sh_polstere-100_multi_202407071200.nc","8057908","23-09-2026 01:41:16","False"
"D:\SIH\IceBerg\dataSet\SIH\DATA_Sea_ice_drift_concentration\ice_conc_sh_polstere-100_multi_202407081200.nc","8070534","23-09-2026 01:41:20","False"
"D:\SIH\IceBerg\dataSet\SIH\DATA_Sea_ice_drift_concentration\ice_conc_sh_polstere-100_multi_202407091200.nc","8155000","23-09-2026 01:41:24","False"
"D:\SIH\IceBerg\dataSet\SIH\DATA_Sea_ice_drift_concentration\ice_conc_sh_polstere-100_multi_202407101200.nc","8169619","23-09-2026 01:41:30","False"
"D:\SIH\IceBerg\dataSet\SIH\DATA_Sea_ice_drift_concentration\ice_conc_sh_polstere-100_multi_202407111200.nc","8130798","23-09-2026 01:41:34","False"
"D:\SIH\IceBerg\dataSet\SIH\DATA_Sea_ice_drift_concentration\ice_conc_sh_polstere-100_multi_202407121200.nc","8077879","23-09-2026 01:41:36","False"
"D:\SIH\IceBerg\dataSet\SIH\DATA_Sea_ice_drift_concentration\ice_conc_sh_polstere-100_multi_202407131200.nc","8065622","23-09-2026 01:41:40","False"
"D:\SIH\IceBerg\dataSet\SIH\DATA_Sea_ice_drift_concentration\ice_conc_sh_polstere-100_multi_202407141200.nc","7957598","23-09-2026 01:41:44","False"
"D:\SIH\IceBerg\dataSet\SIH\DATA_Sea_ice_drift_concentration\ice_conc_sh_polstere-100_multi_202407151200.nc","7950849","23-09-2026 01:41:48","False"
"D:\SIH\IceBerg\dataSet\SIH\DATA_Sea_ice_drift_concentration\ice_conc_sh_polstere-100_multi_202407161200.nc","7877285","23-09-2026 01:41:52","False"
"D:\SIH\IceBerg\dataSet\SIH\DATA_Sea_ice_drift_concentration\ice_conc_sh_polstere-100_multi_202407171200.nc","7735401","23-09-2026 01:41:54","False"
"D:\SIH\IceBerg\dataSet\SIH\DATA_Sea_ice_drift_concentration\ice_conc_sh_polstere-100_multi_202407181200.nc","7927594","23-09-2026 01:41:58","False"
"D:\SIH\IceBerg\dataSet\SIH\DATA_Sea_ice_drift_concentration\ice_conc_sh_polstere-100_multi_202407191200.nc","8156139","23-09-2026 01:42:04","False"
"D:\SIH\IceBerg\dataSet\SIH\DATA_Sea_ice_drift_concentration\ice_conc_sh_polstere-100_multi_202407201200.nc","8277642","23-09-2026 01:42:10","False"
"D:\SIH\IceBerg\dataSet\SIH\DATA_Sea_ice_drift_concentration\ice_conc_sh_polstere-100_multi_202407211200.nc","8085281","23-09-2026 01:42:16","False"
"D:\SIH\IceBerg\dataSet\SIH\DATA_Sea_ice_drift_concentration\ice_conc_sh_polstere-100_multi_202407221200.nc","7979035","23-09-2026 01:42:20","False"
"D:\SIH\IceBerg\dataSet\SIH\DATA_Sea_ice_drift_concentration\ice_conc_sh_polstere-100_multi_202407231200.nc","7980172","23-09-2026 01:42:24","False"
"D:\SIH\IceBerg\dataSet\SIH\DATA_Sea_ice_drift_concentration\ice_conc_sh_polstere-100_multi_202407241200.nc","8033967","23-09-2026 01:42:26","False"
"D:\SIH\IceBerg\dataSet\SIH\DATA_Sea_ice_drift_concentration\ice_conc_sh_polstere-100_multi_202407251200.nc","7938139","23-09-2026 01:42:30","False"
"D:\SIH\IceBerg\dataSet\SIH\DATA_Sea_ice_drift_concentration\ice_conc_sh_polstere-100_multi_202407261200.nc","7923016","23-09-2026 01:42:32","False"
"D:\SIH\IceBerg\dataSet\SIH\DATA_Sea_ice_drift_concentration\ice_conc_sh_polstere-100_multi_202407271200.nc","7961506","23-09-2026 01:42:36","False"
"D:\SIH\IceBerg\dataSet\SIH\DATA_Sea_ice_drift_concentration\ice_conc_sh_polstere-100_multi_202407281200.nc","8026317","23-09-2026 01:42:38","False"
"D:\SIH\IceBerg\dataSet\SIH\DATA_Sea_ice_drift_concentration\ice_conc_sh_polstere-100_multi_202407291200.nc","8079706","23-09-2026 01:42:40","False"
"D:\SIH\IceBerg\dataSet\SIH\DATA_Sea_ice_drift_concentration\ice_conc_sh_polstere-100_multi_202407301200.nc","8087144","23-09-2026 01:42:44","False"
"D:\SIH\IceBerg\dataSet\SIH\DATA_Sea_ice_drift_concentration\ice_conc_sh_polstere-100_multi_202407311200.nc","8032088","23-09-2026 01:42:46","False"
"D:\SIH\IceBerg\dataSet\SIH\DATA_Sea_ice_drift_concentration\ice_conc_sh_polstere-100_multi_202408011200.nc","8067948","23-09-2026 01:43:06","False"
"D:\SIH\IceBerg\dataSet\SIH\DATA_Sea_ice_drift_concentration\ice_conc_sh_polstere-100_multi_202408021200.nc","8059265","23-09-2026 01:43:10","False"
"D:\SIH\IceBerg\dataSet\SIH\DATA_Sea_ice_drift_concentration\ice_conc_sh_polstere-100_multi_202408031200.nc","8130592","23-09-2026 01:43:16","False"
"D:\SIH\IceBerg\dataSet\SIH\DATA_Sea_ice_drift_concentration\ice_conc_sh_polstere-100_multi_202408041200.nc","8041210","23-09-2026 01:43:20","False"
"D:\SIH\IceBerg\dataSet\SIH\DATA_Sea_ice_drift_concentration\ice_conc_sh_polstere-100_multi_202408051200.nc","8086263","23-09-2026 01:43:24","False"
"D:\SIH\IceBerg\dataSet\SIH\DATA_Sea_ice_drift_concentration\ice_conc_sh_polstere-100_multi_202408061200.nc","8086287","23-09-2026 01:43:28","False"
"D:\SIH\IceBerg\dataSet\SIH\DATA_Sea_ice_drift_concentration\ice_conc_sh_polstere-100_multi_202408071200.nc","8079516","23-09-2026 01:43:32","False"
"D:\SIH\IceBerg\dataSet\SIH\DATA_Sea_ice_drift_concentration\ice_conc_sh_polstere-100_multi_202408081200.nc","7951319","23-09-2026 01:43:36","False"
"D:\SIH\IceBerg\dataSet\SIH\DATA_Sea_ice_drift_concentration\ice_conc_sh_polstere-100_multi_202408091200.nc","8006261","23-09-2026 01:43:42","False"
"D:\SIH\IceBerg\dataSet\SIH\DATA_Sea_ice_drift_concentration\ice_conc_sh_polstere-100_multi_202408101200.nc","7891732","23-09-2026 01:43:48","False"
"D:\SIH\IceBerg\dataSet\SIH\DATA_Sea_ice_drift_concentration\ice_conc_sh_polstere-100_multi_202408111200.nc","8108700","23-09-2026 01:43:54","False"
"D:\SIH\IceBerg\dataSet\SIH\DATA_Sea_ice_drift_concentration\ice_conc_sh_polstere-100_multi_202408121200.nc","8098496","23-09-2026 01:44:00","False"
"D:\SIH\IceBerg\dataSet\SIH\DATA_Sea_ice_drift_concentration\ice_conc_sh_polstere-100_multi_202408131200.nc","8055942","23-09-2026 01:44:04","False"
"D:\SIH\IceBerg\dataSet\SIH\DATA_Sea_ice_drift_concentration\ice_conc_sh_polstere-100_multi_202408141200.nc","8158766","23-09-2026 01:44:08","False"
"D:\SIH\IceBerg\dataSet\SIH\DATA_Sea_ice_drift_concentration\ice_conc_sh_polstere-100_multi_202408151200.nc","8150425","23-09-2026 01:44:12","False"
"D:\SIH\IceBerg\dataSet\SIH\DATA_Sea_ice_drift_concentration\ice_conc_sh_polstere-100_multi_202408161200.nc","8109114","23-09-2026 01:44:14","False"
"D:\SIH\IceBerg\dataSet\SIH\DATA_Sea_ice_drift_concentration\ice_conc_sh_polstere-100_multi_202408171200.nc","8055341","23-09-2026 01:44:20","False"
"D:\SIH\IceBerg\dataSet\SIH\DATA_Sea_ice_drift_concentration\ice_conc_sh_polstere-100_multi_202408181200.nc","8090042","23-09-2026 01:44:24","False"
"D:\SIH\IceBerg\dataSet\SIH\DATA_Sea_ice_drift_concentration\ice_conc_sh_polstere-100_multi_202408191200.nc","8044498","23-09-2026 01:44:28","False"
"D:\SIH\IceBerg\dataSet\SIH\DATA_Sea_ice_drift_concentration\ice_conc_sh_polstere-100_multi_202408201200.nc","8167905","23-09-2026 01:44:34","False"
"D:\SIH\IceBerg\dataSet\SIH\DATA_Sea_ice_drift_concentration\ice_conc_sh_polstere-100_multi_202408211200.nc","8111407","23-09-2026 01:44:38","False"
"D:\SIH\IceBerg\dataSet\SIH\DATA_Sea_ice_drift_concentration\ice_conc_sh_polstere-100_multi_202408221200.nc","8082136","23-09-2026 01:44:42","False"
"D:\SIH\IceBerg\dataSet\SIH\DATA_Sea_ice_drift_concentration\ice_conc_sh_polstere-100_multi_202408231200.nc","8114199","23-09-2026 01:44:46","False"
"D:\SIH\IceBerg\dataSet\SIH\DATA_Sea_ice_drift_concentration\ice_conc_sh_polstere-100_multi_202408241200.nc","8020829","23-09-2026 01:44:50","False"
"D:\SIH\IceBerg\dataSet\SIH\DATA_Sea_ice_drift_concentration\ice_conc_sh_polstere-100_multi_202408251200.nc","8145374","23-09-2026 01:44:52","False"
"D:\SIH\IceBerg\dataSet\SIH\DATA_Sea_ice_drift_concentration\ice_conc_sh_polstere-100_multi_202408261200.nc","8131034","23-09-2026 01:44:56","False"
"D:\SIH\IceBerg\dataSet\SIH\DATA_Sea_ice_drift_concentration\ice_conc_sh_polstere-100_multi_202408271200.nc","8051206","23-09-2026 01:44:58","False"
"D:\SIH\IceBerg\dataSet\SIH\DATA_Sea_ice_drift_concentration\ice_conc_sh_polstere-100_multi_202408281200.nc","8101356","23-09-2026 01:45:02","False"
"D:\SIH\IceBerg\dataSet\SIH\DATA_Sea_ice_drift_concentration\ice_conc_sh_polstere-100_multi_202408291200.nc","8221651","23-09-2026 01:45:04","False"
"D:\SIH\IceBerg\dataSet\SIH\DATA_Sea_ice_drift_concentration\ice_conc_sh_polstere-100_multi_202408301200.nc","8124647","23-09-2026 01:45:08","False"
"D:\SIH\IceBerg\dataSet\SIH\DATA_Sea_ice_drift_concentration\ice_conc_sh_polstere-100_multi_202408311200.nc","8123769","23-09-2026 01:45:10","False"
"D:\SIH\IceBerg\dataSet\SIH\DATA_Sea_ice_drift_concentration\ice_conc_sh_polstere-100_multi_202409011200.nc","8064326","23-09-2026 01:45:18","False"
"D:\SIH\IceBerg\dataSet\SIH\DATA_Sea_ice_drift_concentration\ice_conc_sh_polstere-100_multi_202409021200.nc","8028719","23-09-2026 01:45:22","False"
"D:\SIH\IceBerg\dataSet\SIH\DATA_Sea_ice_drift_concentration\ice_conc_sh_polstere-100_multi_202409031200.nc","8019183","23-09-2026 01:45:28","False"
"D:\SIH\IceBerg\dataSet\SIH\DATA_Sea_ice_drift_concentration\ice_conc_sh_polstere-100_multi_202409041200.nc","8026465","23-09-2026 01:45:30","False"
"D:\SIH\IceBerg\dataSet\SIH\DATA_Sea_ice_drift_concentration\ice_conc_sh_polstere-100_multi_202409051200.nc","8101045","23-09-2026 01:45:34","False"
"D:\SIH\IceBerg\dataSet\SIH\DATA_Sea_ice_drift_concentration\ice_conc_sh_polstere-100_multi_202409061200.nc","7999250","23-09-2026 01:45:40","False"
"D:\SIH\IceBerg\dataSet\SIH\DATA_Sea_ice_drift_concentration\ice_conc_sh_polstere-100_multi_202409071200.nc","8122674","23-09-2026 01:45:44","False"
"D:\SIH\IceBerg\dataSet\SIH\DATA_Sea_ice_drift_concentration\ice_conc_sh_polstere-100_multi_202409081200.nc","8061981","23-09-2026 01:45:48","False"
"D:\SIH\IceBerg\dataSet\SIH\DATA_Sea_ice_drift_concentration\ice_conc_sh_polstere-100_multi_202409091200.nc","8054606","23-09-2026 01:45:54","False"
"D:\SIH\IceBerg\dataSet\SIH\DATA_Sea_ice_drift_concentration\ice_conc_sh_polstere-100_multi_202409101200.nc","8031338","23-09-2026 01:45:58","False"
"D:\SIH\IceBerg\dataSet\SIH\DATA_Sea_ice_drift_concentration\ice_conc_sh_polstere-100_multi_202409111200.nc","7921913","23-09-2026 01:46:02","False"
"D:\SIH\IceBerg\dataSet\SIH\DATA_Sea_ice_drift_concentration\ice_conc_sh_polstere-100_multi_202409181200.nc","7631439","23-09-2026 01:46:04","False"
"D:\SIH\IceBerg\dataSet\SIH\DATA_Sea_ice_drift_concentration\ice_conc_sh_polstere-100_multi_202409191200.nc","8049653","23-09-2026 01:46:08","False"
"D:\SIH\IceBerg\dataSet\SIH\DATA_Sea_ice_drift_concentration\ice_conc_sh_polstere-100_multi_202409201200.nc","8032908","23-09-2026 01:46:14","False"
"D:\SIH\IceBerg\dataSet\SIH\DATA_Sea_ice_drift_concentration\ice_conc_sh_polstere-100_multi_202409211200.nc","8088850","23-09-2026 01:46:22","False"
"D:\SIH\IceBerg\dataSet\SIH\DATA_Sea_ice_drift_concentration\ice_conc_sh_polstere-100_multi_202409221200.nc","8020474","23-09-2026 01:46:28","False"
"D:\SIH\IceBerg\dataSet\SIH\DATA_Sea_ice_drift_concentration\ice_conc_sh_polstere-100_multi_202409231200.nc","7990519","23-09-2026 01:46:32","False"
"D:\SIH\IceBerg\dataSet\SIH\DATA_Sea_ice_drift_concentration\ice_conc_sh_polstere-100_multi_202409241200.nc","8038848","23-09-2026 01:46:36","False"
"D:\SIH\IceBerg\dataSet\SIH\DATA_Sea_ice_drift_concentration\ice_conc_sh_polstere-100_multi_202409251200.nc","8009105","23-09-2026 01:46:40","False"
"D:\SIH\IceBerg\dataSet\SIH\DATA_Sea_ice_drift_concentration\ice_conc_sh_polstere-100_multi_202409261200.nc","7921552","23-09-2026 01:46:44","False"
"D:\SIH\IceBerg\dataSet\SIH\DATA_Sea_ice_drift_concentration\ice_conc_sh_polstere-100_multi_202409271200.nc","8039576","23-09-2026 01:46:48","False"
"D:\SIH\IceBerg\dataSet\SIH\DATA_Sea_ice_drift_concentration\ice_conc_sh_polstere-100_multi_202409281200.nc","8027348","23-09-2026 01:46:52","False"
"D:\SIH\IceBerg\dataSet\SIH\DATA_Sea_ice_drift_concentration\ice_conc_sh_polstere-100_multi_202409291200.nc","8094998","23-09-2026 01:46:56","False"
"D:\SIH\IceBerg\dataSet\SIH\DATA_Sea_ice_drift_concentration\ice_conc_sh_polstere-100_multi_202409301200.nc","8141925","23-09-2026 01:47:00","False"
"D:\SIH\IceBerg\dataSet\SIH\DATA_Sea_ice_drift_concentration\ice_conc_sh_polstere-100_multi_202410011200.nc","8089755","23-09-2026 01:47:08","False"
"D:\SIH\IceBerg\dataSet\SIH\DATA_Sea_ice_drift_concentration\ice_conc_sh_polstere-100_multi_202410021200.nc","8122483","23-09-2026 01:47:12","False"
"D:\SIH\IceBerg\dataSet\SIH\DATA_Sea_ice_drift_concentration\ice_conc_sh_polstere-100_multi_202410031200.nc","8036497","23-09-2026 01:47:14","False"
"D:\SIH\IceBerg\dataSet\SIH\DATA_Sea_ice_drift_concentration\ice_conc_sh_polstere-100_multi_202410041200.nc","8077224","23-09-2026 01:47:16","False"
"D:\SIH\IceBerg\dataSet\SIH\DATA_Sea_ice_drift_concentration\ice_conc_sh_polstere-100_multi_202410051200.nc","8068715","23-09-2026 01:47:20","False"
"D:\SIH\IceBerg\dataSet\SIH\DATA_Sea_ice_drift_concentration\ice_conc_sh_polstere-100_multi_202410061200.nc","8048756","23-09-2026 01:47:22","False"
"D:\SIH\IceBerg\dataSet\SIH\DATA_Sea_ice_drift_concentration\ice_conc_sh_polstere-100_multi_202410071200.nc","7981488","23-09-2026 01:47:26","False"
"D:\SIH\IceBerg\dataSet\SIH\DATA_Sea_ice_drift_concentration\ice_conc_sh_polstere-100_multi_202410081200.nc","8075718","23-09-2026 01:47:30","False"
"D:\SIH\IceBerg\dataSet\SIH\DATA_Sea_ice_drift_concentration\ice_conc_sh_polstere-100_multi_202410091200.nc","8085167","23-09-2026 01:47:34","False"
"D:\SIH\IceBerg\dataSet\SIH\DATA_Sea_ice_drift_concentration\ice_conc_sh_polstere-100_multi_202410101200.nc","8082827","23-09-2026 01:47:38","False"
"D:\SIH\IceBerg\dataSet\SIH\DATA_Sea_ice_drift_concentration\ice_conc_sh_polstere-100_multi_202410111200.nc","8083627","23-09-2026 01:47:42","False"
"D:\SIH\IceBerg\dataSet\SIH\DATA_Sea_ice_drift_concentration\ice_conc_sh_polstere-100_multi_202410121200.nc","8054171","23-09-2026 01:47:46","False"
"D:\SIH\IceBerg\dataSet\SIH\DATA_Sea_ice_drift_concentration\ice_conc_sh_polstere-100_multi_202410131200.nc","8015092","23-09-2026 01:47:48","False"
"D:\SIH\IceBerg\dataSet\SIH\DATA_Sea_ice_drift_concentration\ice_conc_sh_polstere-100_multi_202410141200.nc","8025041","23-09-2026 01:47:52","False"
"D:\SIH\IceBerg\dataSet\SIH\DATA_Sea_ice_drift_concentration\ice_conc_sh_polstere-100_multi_202410151200.nc","8067306","23-09-2026 01:47:58","False"
"D:\SIH\IceBerg\dataSet\SIH\DATA_Sea_ice_drift_concentration\ice_conc_sh_polstere-100_multi_202410161200.nc","8028307","23-09-2026 01:48:02","False"
"D:\SIH\IceBerg\dataSet\SIH\DATA_Sea_ice_drift_concentration\ice_conc_sh_polstere-100_multi_202410171200.nc","8012906","23-09-2026 01:48:04","False"
"D:\SIH\IceBerg\dataSet\SIH\DATA_Sea_ice_drift_concentration\ice_conc_sh_polstere-100_multi_202410181200.nc","8004721","23-09-2026 01:48:08","False"
"D:\SIH\IceBerg\dataSet\SIH\DATA_Sea_ice_drift_concentration\ice_conc_sh_polstere-100_multi_202410191200.nc","7996144","23-09-2026 01:48:14","False"
"D:\SIH\IceBerg\dataSet\SIH\DATA_Sea_ice_drift_concentration\ice_conc_sh_polstere-100_multi_202410201200.nc","7971361","23-09-2026 01:48:16","False"
"D:\SIH\IceBerg\dataSet\SIH\DATA_Sea_ice_drift_concentration\ice_conc_sh_polstere-100_multi_202410211200.nc","8080154","23-09-2026 01:48:20","False"
"D:\SIH\IceBerg\dataSet\SIH\DATA_Sea_ice_drift_concentration\ice_conc_sh_polstere-100_multi_202410221200.nc","8059210","23-09-2026 01:48:22","False"
"D:\SIH\IceBerg\dataSet\SIH\DATA_Sea_ice_drift_concentration\ice_conc_sh_polstere-100_multi_202410231200.nc","7968840","23-09-2026 01:48:26","False"
"D:\SIH\IceBerg\dataSet\SIH\DATA_Sea_ice_drift_concentration\ice_conc_sh_polstere-100_multi_202410241200.nc","8071452","23-09-2026 01:48:30","False"
"D:\SIH\IceBerg\dataSet\SIH\DATA_Sea_ice_drift_concentration\ice_conc_sh_polstere-100_multi_202410251200.nc","8017206","23-09-2026 01:48:32","False"
"D:\SIH\IceBerg\dataSet\SIH\DATA_Sea_ice_drift_concentration\ice_conc_sh_polstere-100_multi_202410261200.nc","8047294","23-09-2026 01:48:36","False"
"D:\SIH\IceBerg\dataSet\SIH\DATA_Sea_ice_drift_concentration\ice_conc_sh_polstere-100_multi_202410271200.nc","7942458","23-09-2026 01:48:38","False"
"D:\SIH\IceBerg\dataSet\SIH\DATA_Sea_ice_drift_concentration\ice_conc_sh_polstere-100_multi_202410281200.nc","7882145","23-09-2026 01:48:42","False"
"D:\SIH\IceBerg\dataSet\SIH\DATA_Sea_ice_drift_concentration\ice_conc_sh_polstere-100_multi_202410291200.nc","7970571","23-09-2026 01:48:50","False"
"D:\SIH\IceBerg\dataSet\SIH\DATA_Sea_ice_drift_concentration\ice_conc_sh_polstere-100_multi_202410301200.nc","8011228","23-09-2026 01:48:56","False"
"D:\SIH\IceBerg\dataSet\SIH\DATA_Sea_ice_drift_concentration\ice_conc_sh_polstere-100_multi_202410311200.nc","7962680","23-09-2026 01:49:00","False"
"D:\SIH\IceBerg\dataSet\SIH\DATA_Sea_ice_drift_concentration\ice_conc_sh_polstere-100_multi_202411011200.nc","7958933","23-09-2026 01:49:08","False"
"D:\SIH\IceBerg\dataSet\SIH\DATA_Sea_ice_drift_concentration\ice_conc_sh_polstere-100_multi_202411021200.nc","7404234","23-09-2026 01:49:12","False"
"D:\SIH\IceBerg\dataSet\SIH\DATA_Sea_ice_drift_concentration\ice_conc_sh_polstere-100_multi_202411031200.nc","8141678","23-09-2026 01:49:16","False"
"D:\SIH\IceBerg\dataSet\SIH\DATA_Sea_ice_drift_concentration\ice_conc_sh_polstere-100_multi_202411041200.nc","8043317","23-09-2026 01:49:20","False"
"D:\SIH\IceBerg\dataSet\SIH\DATA_Sea_ice_drift_concentration\ice_conc_sh_polstere-100_multi_202411051200.nc","8038490","23-09-2026 01:49:22","False"
"D:\SIH\IceBerg\dataSet\SIH\DATA_Sea_ice_drift_concentration\ice_conc_sh_polstere-100_multi_202411061200.nc","8045219","23-09-2026 01:49:26","False"
"D:\SIH\IceBerg\dataSet\SIH\DATA_Sea_ice_drift_concentration\ice_conc_sh_polstere-100_multi_202411071200.nc","8067012","23-09-2026 01:49:30","False"
"D:\SIH\IceBerg\dataSet\SIH\DATA_Sea_ice_drift_concentration\ice_conc_sh_polstere-100_multi_202411081200.nc","8133438","23-09-2026 01:49:32","False"
"D:\SIH\IceBerg\dataSet\SIH\DATA_Sea_ice_drift_concentration\ice_conc_sh_polstere-100_multi_202411091200.nc","8010317","23-09-2026 01:49:36","False"
"D:\SIH\IceBerg\dataSet\SIH\DATA_Sea_ice_drift_concentration\ice_conc_sh_polstere-100_multi_202411101200.nc","8056708","23-09-2026 01:49:40","False"
"D:\SIH\IceBerg\dataSet\SIH\DATA_Sea_ice_drift_concentration\ice_conc_sh_polstere-100_multi_202411111200.nc","8060152","23-09-2026 01:49:46","False"
"D:\SIH\IceBerg\dataSet\SIH\DATA_Sea_ice_drift_concentration\ice_conc_sh_polstere-100_multi_202411121200.nc","8136624","23-09-2026 01:49:50","False"
"D:\SIH\IceBerg\dataSet\SIH\DATA_Sea_ice_drift_concentration\ice_conc_sh_polstere-100_multi_202411131200.nc","8055974","23-09-2026 01:49:52","False"
"D:\SIH\IceBerg\dataSet\SIH\DATA_Sea_ice_drift_concentration\ice_conc_sh_polstere-100_multi_202411141200.nc","8012590","23-09-2026 01:49:56","False"
"D:\SIH\IceBerg\dataSet\SIH\DATA_Sea_ice_drift_concentration\ice_conc_sh_polstere-100_multi_202411151200.nc","8025192","23-09-2026 01:50:00","False"
"D:\SIH\IceBerg\dataSet\SIH\DATA_Sea_ice_drift_concentration\ice_conc_sh_polstere-100_multi_202411161200.nc","8025818","23-09-2026 01:50:02","False"
"D:\SIH\IceBerg\dataSet\SIH\DATA_Sea_ice_drift_concentration\ice_conc_sh_polstere-100_multi_202411171200.nc","8056066","23-09-2026 01:50:06","False"
"D:\SIH\IceBerg\dataSet\SIH\DATA_Sea_ice_drift_concentration\ice_conc_sh_polstere-100_multi_202411181200.nc","8100782","23-09-2026 01:50:10","False"
"D:\SIH\IceBerg\dataSet\SIH\DATA_Sea_ice_drift_concentration\ice_conc_sh_polstere-100_multi_202411191200.nc","8000335","23-09-2026 01:50:14","False"
"D:\SIH\IceBerg\dataSet\SIH\DATA_Sea_ice_drift_concentration\ice_conc_sh_polstere-100_multi_202411201200.nc","7985475","23-09-2026 01:50:18","False"
"D:\SIH\IceBerg\dataSet\SIH\DATA_Sea_ice_drift_concentration\ice_conc_sh_polstere-100_multi_202411211200.nc","7897478","23-09-2026 01:50:24","False"
"D:\SIH\IceBerg\dataSet\SIH\DATA_Sea_ice_drift_concentration\ice_conc_sh_polstere-100_multi_202411221200.nc","7979799","23-09-2026 01:50:28","False"
"D:\SIH\IceBerg\dataSet\SIH\DATA_Sea_ice_drift_concentration\ice_conc_sh_polstere-100_multi_202411231200.nc","8018542","23-09-2026 01:50:32","False"
"D:\SIH\IceBerg\dataSet\SIH\DATA_Sea_ice_drift_concentration\ice_conc_sh_polstere-100_multi_202411241200.nc","8159178","23-09-2026 01:50:36","False"
"D:\SIH\IceBerg\dataSet\SIH\DATA_Sea_ice_drift_concentration\ice_conc_sh_polstere-100_multi_202411251200.nc","8046233","23-09-2026 01:50:40","False"
"D:\SIH\IceBerg\dataSet\SIH\DATA_Sea_ice_drift_concentration\ice_conc_sh_polstere-100_multi_202411261200.nc","8098050","23-09-2026 01:50:44","False"
"D:\SIH\IceBerg\dataSet\SIH\DATA_Sea_ice_drift_concentration\ice_conc_sh_polstere-100_multi_202411271200.nc","8059103","23-09-2026 01:50:48","False"
"D:\SIH\IceBerg\dataSet\SIH\DATA_Sea_ice_drift_concentration\ice_conc_sh_polstere-100_multi_202411281200.nc","7918278","23-09-2026 01:50:52","False"
"D:\SIH\IceBerg\dataSet\SIH\DATA_Sea_ice_drift_concentration\ice_conc_sh_polstere-100_multi_202411291200.nc","8009987","23-09-2026 01:50:56","False"
"D:\SIH\IceBerg\dataSet\SIH\DATA_Sea_ice_drift_concentration\ice_conc_sh_polstere-100_multi_202411301200.nc","7936586","23-09-2026 01:51:02","False"
"D:\SIH\IceBerg\dataSet\SIH\DATA_Sea_ice_drift_concentration\ice_conc_sh_polstere-100_multi_202412011200.nc","7964739","23-09-2026 01:51:12","False"
"D:\SIH\IceBerg\dataSet\SIH\DATA_Sea_ice_drift_concentration\ice_conc_sh_polstere-100_multi_202412021200.nc","7932224","23-09-2026 01:51:18","False"
"D:\SIH\IceBerg\dataSet\SIH\DATA_Sea_ice_drift_concentration\ice_conc_sh_polstere-100_multi_202412031200.nc","7995475","23-09-2026 01:51:22","False"
"D:\SIH\IceBerg\dataSet\SIH\DATA_Sea_ice_drift_concentration\ice_conc_sh_polstere-100_multi_202412041200.nc","7957991","23-09-2026 01:51:26","False"
"D:\SIH\IceBerg\dataSet\SIH\DATA_Sea_ice_drift_concentration\ice_conc_sh_polstere-100_multi_202412051200.nc","7936095","23-09-2026 01:51:28","False"
"D:\SIH\IceBerg\dataSet\SIH\DATA_Sea_ice_drift_concentration\ice_conc_sh_polstere-100_multi_202412061200.nc","7907135","23-09-2026 01:51:30","False"
"D:\SIH\IceBerg\dataSet\SIH\DATA_Sea_ice_drift_concentration\ice_conc_sh_polstere-100_multi_202412071200.nc","7946335","23-09-2026 01:51:34","False"
"D:\SIH\IceBerg\dataSet\SIH\DATA_Sea_ice_drift_concentration\ice_conc_sh_polstere-100_multi_202412081200.nc","7893744","23-09-2026 01:51:36","False"
"D:\SIH\IceBerg\dataSet\SIH\DATA_Sea_ice_drift_concentration\ice_conc_sh_polstere-100_multi_202412091200.nc","7895964","23-09-2026 01:51:40","False"
"D:\SIH\IceBerg\dataSet\SIH\DATA_Sea_ice_drift_concentration\ice_conc_sh_polstere-100_multi_202412101200.nc","7988249","23-09-2026 01:51:44","False"
"D:\SIH\IceBerg\dataSet\SIH\DATA_Sea_ice_drift_concentration\ice_conc_sh_polstere-100_multi_202412111200.nc","7896390","23-09-2026 01:51:48","False"
"D:\SIH\IceBerg\dataSet\SIH\DATA_Sea_ice_drift_concentration\ice_conc_sh_polstere-100_multi_202412121200.nc","7928657","23-09-2026 01:51:56","False"
"D:\SIH\IceBerg\dataSet\SIH\DATA_Sea_ice_drift_concentration\ice_conc_sh_polstere-100_multi_202412131200.nc","7964730","23-09-2026 01:52:00","False"
"D:\SIH\IceBerg\dataSet\SIH\DATA_Sea_ice_drift_concentration\ice_conc_sh_polstere-100_multi_202412141200.nc","8013826","23-09-2026 01:52:04","False"
"D:\SIH\IceBerg\dataSet\SIH\DATA_Sea_ice_drift_concentration\ice_conc_sh_polstere-100_multi_202412151200.nc","8140279","23-09-2026 01:52:08","False"
"D:\SIH\IceBerg\dataSet\SIH\DATA_Sea_ice_drift_concentration\ice_conc_sh_polstere-100_multi_202412161200.nc","8080193","23-09-2026 01:52:14","False"
"D:\SIH\IceBerg\dataSet\SIH\DATA_Sea_ice_drift_concentration\ice_conc_sh_polstere-100_multi_202412171200.nc","8090192","23-09-2026 01:52:18","False"
"D:\SIH\IceBerg\dataSet\SIH\DATA_Sea_ice_drift_concentration\ice_conc_sh_polstere-100_multi_202412181200.nc","8237563","23-09-2026 01:52:20","False"
"D:\SIH\IceBerg\dataSet\SIH\DATA_Sea_ice_drift_concentration\ice_conc_sh_polstere-100_multi_202412191200.nc","8081677","23-09-2026 01:52:24","False"
"D:\SIH\IceBerg\dataSet\SIH\DATA_Sea_ice_drift_concentration\ice_conc_sh_polstere-100_multi_202412201200.nc","8043754","23-09-2026 01:52:28","False"
"D:\SIH\IceBerg\dataSet\SIH\DATA_Sea_ice_drift_concentration\ice_conc_sh_polstere-100_multi_202412211200.nc","8089643","23-09-2026 01:52:32","False"
"D:\SIH\IceBerg\dataSet\SIH\DATA_Sea_ice_drift_concentration\ice_conc_sh_polstere-100_multi_202412221200.nc","8140135","23-09-2026 01:52:34","False"
"D:\SIH\IceBerg\dataSet\SIH\DATA_Sea_ice_drift_concentration\ice_conc_sh_polstere-100_multi_202412231200.nc","8072806","23-09-2026 01:52:38","False"
"D:\SIH\IceBerg\dataSet\SIH\DATA_Sea_ice_drift_concentration\ice_conc_sh_polstere-100_multi_202412241200.nc","8149535","23-09-2026 01:52:46","False"
"D:\SIH\IceBerg\dataSet\SIH\DATA_Sea_ice_drift_concentration\ice_conc_sh_polstere-100_multi_202412251200.nc","8135960","23-09-2026 01:52:52","False"
"D:\SIH\IceBerg\dataSet\SIH\DATA_Sea_ice_drift_concentration\ice_conc_sh_polstere-100_multi_202412261200.nc","8178441","23-09-2026 01:52:54","False"
"D:\SIH\IceBerg\dataSet\SIH\DATA_Sea_ice_drift_concentration\ice_conc_sh_polstere-100_multi_202412271200.nc","8251244","23-09-2026 01:52:58","False"
"D:\SIH\IceBerg\dataSet\SIH\DATA_Sea_ice_drift_concentration\ice_conc_sh_polstere-100_multi_202412281200.nc","8022946","23-09-2026 01:53:02","False"
"D:\SIH\IceBerg\dataSet\SIH\DATA_Sea_ice_drift_concentration\ice_conc_sh_polstere-100_multi_202412291200.nc","8170222","23-09-2026 01:53:06","False"
"D:\SIH\IceBerg\dataSet\SIH\DATA_Sea_ice_drift_concentration\ice_conc_sh_polstere-100_multi_202412301200.nc","8173557","23-09-2026 01:53:10","False"
"D:\SIH\IceBerg\dataSet\SIH\DATA_Sea_ice_drift_concentration\ice_conc_sh_polstere-100_multi_202412311200.nc","8233636","23-09-2026 01:53:14","False"
"D:\SIH\IceBerg\dataSet\SIH\DATA_Sea_ice_drift_concentration\ice_conc_sh_polstere-100_multi_202501011200.nc","8111092","23-09-2026 01:53:18","False"
"D:\SIH\IceBerg\dataSet\SIH\DATA_Sea_ice_drift_concentration\ice_conc_sh_polstere-100_multi_202501021200.nc","8240137","23-09-2026 01:53:22","False"
"D:\SIH\IceBerg\dataSet\SIH\DATA_Sea_ice_drift_concentration\ice_conc_sh_polstere-100_multi_202501031200.nc","8204763","23-09-2026 01:53:26","False"
"D:\SIH\IceBerg\dataSet\SIH\DATA_Sea_ice_drift_concentration\ice_conc_sh_polstere-100_multi_202501041200.nc","8139108","23-09-2026 01:53:30","False"
"D:\SIH\IceBerg\dataSet\SIH\DATA_Sea_ice_drift_concentration\ice_conc_sh_polstere-100_multi_202501051200.nc","8181905","23-09-2026 01:53:32","False"
"D:\SIH\IceBerg\dataSet\SIH\DATA_Sea_ice_drift_concentration\ice_conc_sh_polstere-100_multi_202501061200.nc","8130758","23-09-2026 01:53:34","False"
"D:\SIH\IceBerg\dataSet\SIH\DATA_Sea_ice_drift_concentration\ice_conc_sh_polstere-100_multi_202501071200.nc","8192544","23-09-2026 01:53:38","False"
"D:\SIH\IceBerg\dataSet\SIH\DATA_Sea_ice_drift_concentration\ice_conc_sh_polstere-100_multi_202501081200.nc","8259946","23-09-2026 01:53:42","False"
"D:\SIH\IceBerg\dataSet\SIH\DATA_Sea_ice_drift_concentration\ice_conc_sh_polstere-100_multi_202501091200.nc","8122126","23-09-2026 01:53:46","False"
"D:\SIH\IceBerg\dataSet\SIH\DATA_Sea_ice_drift_concentration\ice_conc_sh_polstere-100_multi_202501101200.nc","8264097","23-09-2026 01:53:48","False"
"D:\SIH\IceBerg\dataSet\SIH\DATA_Sea_ice_drift_concentration\ice_conc_sh_polstere-100_multi_202501111200.nc","8223242","23-09-2026 01:53:52","False"
"D:\SIH\IceBerg\dataSet\SIH\DATA_Sea_ice_drift_concentration\ice_conc_sh_polstere-100_multi_202501121200.nc","8153913","23-09-2026 01:53:56","False"
"D:\SIH\IceBerg\dataSet\SIH\DATA_Sea_ice_drift_concentration\ice_conc_sh_polstere-100_multi_202501131200.nc","8221773","23-09-2026 01:54:00","False"
"D:\SIH\IceBerg\dataSet\SIH\DATA_Sea_ice_drift_concentration\ice_conc_sh_polstere-100_multi_202501141200.nc","8194656","23-09-2026 01:54:02","False"
"D:\SIH\IceBerg\dataSet\SIH\DATA_Sea_ice_drift_concentration\ice_conc_sh_polstere-100_multi_202501151200.nc","8300223","23-09-2026 01:54:06","False"
"D:\SIH\IceBerg\dataSet\SIH\DATA_Sea_ice_drift_concentration\ice_conc_sh_polstere-100_multi_202501161200.nc","8250407","23-09-2026 01:54:12","False"
"D:\SIH\IceBerg\dataSet\SIH\DATA_Sea_ice_drift_concentration\ice_conc_sh_polstere-100_multi_202501171200.nc","8262075","23-09-2026 01:54:16","False"
"D:\SIH\IceBerg\dataSet\SIH\DATA_Sea_ice_drift_concentration\ice_conc_sh_polstere-100_multi_202501181200.nc","8311824","23-09-2026 01:54:20","False"
"D:\SIH\IceBerg\dataSet\SIH\DATA_Sea_ice_drift_concentration\ice_conc_sh_polstere-100_multi_202501191200.nc","8196581","23-09-2026 01:54:24","False"
"D:\SIH\IceBerg\dataSet\SIH\DATA_Sea_ice_drift_concentration\ice_conc_sh_polstere-100_multi_202501201200.nc","8227122","23-09-2026 01:54:28","False"
"D:\SIH\IceBerg\dataSet\SIH\DATA_Sea_ice_drift_concentration\ice_conc_sh_polstere-100_multi_202501211200.nc","8209635","23-09-2026 01:54:32","False"
"D:\SIH\IceBerg\dataSet\SIH\DATA_Sea_ice_drift_concentration\ice_conc_sh_polstere-100_multi_202501221200.nc","8323286","23-09-2026 01:54:36","False"
"D:\SIH\IceBerg\dataSet\SIH\DATA_Sea_ice_drift_concentration\ice_conc_sh_polstere-100_multi_202501231200.nc","8322507","23-09-2026 01:54:42","False"
"D:\SIH\IceBerg\dataSet\SIH\DATA_Sea_ice_drift_concentration\ice_conc_sh_polstere-100_multi_202501241200.nc","8403369","23-09-2026 01:54:44","False"
"D:\SIH\IceBerg\dataSet\SIH\DATA_Sea_ice_drift_concentration\ice_conc_sh_polstere-100_multi_202501251200.nc","8318075","23-09-2026 01:54:50","False"
"D:\SIH\IceBerg\dataSet\SIH\DATA_Sea_ice_drift_concentration\ice_conc_sh_polstere-100_multi_202501261200.nc","8194474","23-09-2026 01:54:56","False"
"D:\SIH\IceBerg\dataSet\SIH\DATA_Sea_ice_drift_concentration\ice_conc_sh_polstere-100_multi_202501271200.nc","8223933","23-09-2026 01:55:00","False"
"D:\SIH\IceBerg\dataSet\SIH\DATA_Sea_ice_drift_concentration\ice_conc_sh_polstere-100_multi_202501281200.nc","8273409","23-09-2026 01:55:02","False"
"D:\SIH\IceBerg\dataSet\SIH\DATA_Sea_ice_drift_concentration\ice_conc_sh_polstere-100_multi_202501291200.nc","8301460","23-09-2026 01:55:08","False"
"D:\SIH\IceBerg\dataSet\SIH\DATA_Sea_ice_drift_concentration\ice_conc_sh_polstere-100_multi_202501301200.nc","8288004","23-09-2026 01:55:10","False"
"D:\SIH\IceBerg\dataSet\SIH\DATA_Sea_ice_drift_concentration\ice_conc_sh_polstere-100_multi_202501311200.nc","8293321","23-09-2026 01:55:14","False"
"D:\SIH\IceBerg\dataSet\SIH\DATA_Sea_ice_drift_concentration\ice_conc_sh_polstere-100_multi_202502011200.nc","8308630","23-09-2026 01:55:18","False"
"D:\SIH\IceBerg\dataSet\SIH\DATA_Sea_ice_drift_concentration\ice_conc_sh_polstere-100_multi_202502021200.nc","8207520","23-09-2026 01:55:22","False"
"D:\SIH\IceBerg\dataSet\SIH\DATA_Sea_ice_drift_concentration\ice_conc_sh_polstere-100_multi_202502031200.nc","8280650","23-09-2026 01:55:24","False"
"D:\SIH\IceBerg\dataSet\SIH\DATA_Sea_ice_drift_concentration\ice_conc_sh_polstere-100_multi_202502041200.nc","8256646","23-09-2026 01:55:28","False"
"D:\SIH\IceBerg\dataSet\SIH\DATA_Sea_ice_drift_concentration\ice_conc_sh_polstere-100_multi_202502051200.nc","8278887","23-09-2026 01:55:34","False"
"D:\SIH\IceBerg\dataSet\SIH\DATA_Sea_ice_drift_concentration\ice_conc_sh_polstere-100_multi_202502061200.nc","8264260","23-09-2026 01:55:38","False"
"D:\SIH\IceBerg\dataSet\SIH\DATA_Sea_ice_drift_concentration\ice_conc_sh_polstere-100_multi_202502071200.nc","8251453","23-09-2026 01:55:42","False"
"D:\SIH\IceBerg\dataSet\SIH\DATA_Sea_ice_drift_concentration\ice_conc_sh_polstere-100_multi_202502081200.nc","8239052","23-09-2026 01:55:46","False"
"D:\SIH\IceBerg\dataSet\SIH\DATA_Sea_ice_drift_concentration\ice_conc_sh_polstere-100_multi_202502091200.nc","8251586","23-09-2026 01:55:52","False"
"D:\SIH\IceBerg\dataSet\SIH\DATA_Sea_ice_drift_concentration\ice_conc_sh_polstere-100_multi_202502101200.nc","8333587","23-09-2026 01:55:56","False"
"D:\SIH\IceBerg\dataSet\SIH\DATA_Sea_ice_drift_concentration\ice_conc_sh_polstere-100_multi_202502111200.nc","8279151","23-09-2026 01:55:58","False"
"D:\SIH\IceBerg\dataSet\SIH\DATA_Sea_ice_drift_concentration\ice_conc_sh_polstere-100_multi_202502121200.nc","8190874","23-09-2026 01:56:00","False"
"D:\SIH\IceBerg\dataSet\SIH\DATA_Sea_ice_drift_concentration\ice_conc_sh_polstere-100_multi_202502131200.nc","8250112","23-09-2026 01:56:04","False"
"D:\SIH\IceBerg\dataSet\SIH\DATA_Sea_ice_drift_concentration\ice_conc_sh_polstere-100_multi_202502141200.nc","8424946","23-09-2026 01:56:08","False"
"D:\SIH\IceBerg\dataSet\SIH\DATA_Sea_ice_drift_concentration\ice_conc_sh_polstere-100_multi_202502151200.nc","8318863","23-09-2026 01:56:12","False"
"D:\SIH\IceBerg\dataSet\SIH\DATA_Sea_ice_drift_concentration\ice_conc_sh_polstere-100_multi_202502161200.nc","8283941","23-09-2026 01:56:18","False"
"D:\SIH\IceBerg\dataSet\SIH\DATA_Sea_ice_drift_concentration\ice_conc_sh_polstere-100_multi_202502171200.nc","8373477","23-09-2026 01:56:22","False"
"D:\SIH\IceBerg\dataSet\SIH\DATA_Sea_ice_drift_concentration\ice_conc_sh_polstere-100_multi_202502181200.nc","8266418","23-09-2026 01:56:26","False"
"D:\SIH\IceBerg\dataSet\SIH\DATA_Sea_ice_drift_concentration\ice_conc_sh_polstere-100_multi_202502191200.nc","8328618","23-09-2026 01:56:30","False"
"D:\SIH\IceBerg\dataSet\SIH\DATA_Sea_ice_drift_concentration\ice_conc_sh_polstere-100_multi_202502201200.nc","8219077","23-09-2026 01:56:36","False"
"D:\SIH\IceBerg\dataSet\SIH\DATA_Sea_ice_drift_concentration\ice_conc_sh_polstere-100_multi_202502211200.nc","8286842","23-09-2026 01:56:40","False"
"D:\SIH\IceBerg\dataSet\SIH\DATA_Sea_ice_drift_concentration\ice_conc_sh_polstere-100_multi_202502221200.nc","8284409","23-09-2026 01:56:44","False"
"D:\SIH\IceBerg\dataSet\SIH\DATA_Sea_ice_drift_concentration\ice_conc_sh_polstere-100_multi_202502231200.nc","8201281","23-09-2026 01:56:48","False"
"D:\SIH\IceBerg\dataSet\SIH\DATA_Sea_ice_drift_concentration\ice_conc_sh_polstere-100_multi_202502241200.nc","8368928","23-09-2026 01:56:52","False"
"D:\SIH\IceBerg\dataSet\SIH\DATA_Sea_ice_drift_concentration\ice_conc_sh_polstere-100_multi_202502251200.nc","8311332","23-09-2026 01:56:56","False"
"D:\SIH\IceBerg\dataSet\SIH\DATA_Sea_ice_drift_concentration\ice_conc_sh_polstere-100_multi_202502261200.nc","8263528","23-09-2026 01:57:00","False"
"D:\SIH\IceBerg\dataSet\SIH\DATA_Sea_ice_drift_concentration\ice_conc_sh_polstere-100_multi_202502271200.nc","8244002","23-09-2026 01:57:04","False"
"D:\SIH\IceBerg\dataSet\SIH\DATA_Sea_ice_drift_concentration\ice_conc_sh_polstere-100_multi_202502281200.nc","8256242","23-09-2026 01:57:08","False"
"D:\SIH\IceBerg\dataSet\SIH\DATA_Sea_ice_drift_concentration\ice_conc_sh_polstere-100_multi_202503011200.nc","8395898","23-09-2026 01:57:36","False"
"D:\SIH\IceBerg\dataSet\SIH\DATA_Sea_ice_drift_concentration\ice_conc_sh_polstere-100_multi_202503021200.nc","8286040","23-09-2026 01:57:40","False"
"D:\SIH\IceBerg\dataSet\SIH\DATA_Sea_ice_drift_concentration\ice_conc_sh_polstere-100_multi_202503031200.nc","8236399","23-09-2026 01:57:42","False"
"D:\SIH\IceBerg\dataSet\SIH\DATA_Sea_ice_drift_concentration\ice_conc_sh_polstere-100_multi_202503041200.nc","8360066","23-09-2026 01:57:48","False"
"D:\SIH\IceBerg\dataSet\SIH\DATA_Sea_ice_drift_concentration\ice_conc_sh_polstere-100_multi_202503051200.nc","8204433","23-09-2026 01:57:54","False"
"D:\SIH\IceBerg\dataSet\SIH\DATA_Sea_ice_drift_concentration\ice_conc_sh_polstere-100_multi_202503061200.nc","8209162","23-09-2026 01:57:58","False"
"D:\SIH\IceBerg\dataSet\SIH\DATA_Sea_ice_drift_concentration\ice_conc_sh_polstere-100_multi_202503071200.nc","8250579","23-09-2026 01:58:00","False"
"D:\SIH\IceBerg\dataSet\SIH\DATA_Sea_ice_drift_concentration\ice_conc_sh_polstere-100_multi_202503081200.nc","8327091","23-09-2026 01:58:06","False"
"D:\SIH\IceBerg\dataSet\SIH\DATA_Sea_ice_drift_concentration\ice_conc_sh_polstere-100_multi_202503091200.nc","8348192","23-09-2026 01:58:10","False"
"D:\SIH\IceBerg\dataSet\SIH\DATA_Sea_ice_drift_concentration\ice_conc_sh_polstere-100_multi_202503101200.nc","8257747","23-09-2026 01:58:14","False"
"D:\SIH\IceBerg\dataSet\SIH\DATA_Sea_ice_drift_concentration\ice_conc_sh_polstere-100_multi_202503111200.nc","8287711","23-09-2026 01:58:20","False"
"D:\SIH\IceBerg\dataSet\SIH\DATA_Sea_ice_drift_concentration\ice_conc_sh_polstere-100_multi_202503121200.nc","8248254","23-09-2026 01:58:26","False"
"D:\SIH\IceBerg\dataSet\SIH\DATA_Sea_ice_drift_concentration\ice_conc_sh_polstere-100_multi_202503131200.nc","8280306","23-09-2026 01:58:30","False"
"D:\SIH\IceBerg\dataSet\SIH\DATA_Sea_ice_drift_concentration\ice_conc_sh_polstere-100_multi_202503141200.nc","8241079","23-09-2026 01:58:34","False"
"D:\SIH\IceBerg\dataSet\SIH\DATA_Sea_ice_drift_concentration\ice_conc_sh_polstere-100_multi_202503151200.nc","8317656","23-09-2026 01:58:38","False"
"D:\SIH\IceBerg\dataSet\SIH\DATA_Sea_ice_drift_concentration\ice_conc_sh_polstere-100_multi_202503161200.nc","8323119","23-09-2026 01:58:46","False"
"D:\SIH\IceBerg\dataSet\SIH\DATA_Sea_ice_drift_concentration\ice_conc_sh_polstere-100_multi_202503171200.nc","8250122","23-09-2026 01:58:50","False"
"D:\SIH\IceBerg\dataSet\SIH\DATA_Sea_ice_drift_concentration\ice_conc_sh_polstere-100_multi_202503181200.nc","8244441","23-09-2026 01:58:54","False"
"D:\SIH\IceBerg\dataSet\SIH\DATA_Sea_ice_drift_concentration\ice_conc_sh_polstere-100_multi_202503191200.nc","8302776","23-09-2026 01:58:58","False"
"D:\SIH\IceBerg\dataSet\SIH\DATA_Sea_ice_drift_concentration\ice_conc_sh_polstere-100_multi_202503201200.nc","8333195","23-09-2026 01:59:02","False"
"D:\SIH\IceBerg\dataSet\SIH\DATA_Sea_ice_drift_concentration\ice_conc_sh_polstere-100_multi_202503211200.nc","8247089","23-09-2026 01:59:06","False"
"D:\SIH\IceBerg\dataSet\SIH\DATA_Sea_ice_drift_concentration\ice_conc_sh_polstere-100_multi_202503221200.nc","8283929","23-09-2026 01:59:12","False"
"D:\SIH\IceBerg\dataSet\SIH\DATA_Sea_ice_drift_concentration\ice_conc_sh_polstere-100_multi_202503231200.nc","8284825","23-09-2026 01:59:18","False"
"D:\SIH\IceBerg\dataSet\SIH\DATA_Sea_ice_drift_concentration\ice_conc_sh_polstere-100_multi_202503241200.nc","8293853","23-09-2026 01:59:22","False"
"D:\SIH\IceBerg\dataSet\SIH\DATA_Sea_ice_drift_concentration\ice_conc_sh_polstere-100_multi_202503251200.nc","7529740","23-09-2026 01:59:26","False"
"D:\SIH\IceBerg\dataSet\SIH\DATA_Sea_ice_drift_concentration\ice_conc_sh_polstere-100_multi_202503261200.nc","8376238","23-09-2026 01:59:30","False"
"D:\SIH\IceBerg\dataSet\SIH\DATA_Sea_ice_drift_concentration\ice_conc_sh_polstere-100_multi_202503271200.nc","8308406","23-09-2026 01:59:34","False"
"D:\SIH\IceBerg\dataSet\SIH\DATA_Sea_ice_drift_concentration\ice_conc_sh_polstere-100_multi_202503281200.nc","8327776","23-09-2026 01:59:38","False"
"D:\SIH\IceBerg\dataSet\SIH\DATA_Sea_ice_drift_concentration\ice_conc_sh_polstere-100_multi_202503291200.nc","8265146","23-09-2026 01:59:42","False"
"D:\SIH\IceBerg\dataSet\SIH\DATA_Sea_ice_drift_concentration\ice_conc_sh_polstere-100_multi_202503301200.nc","8296514","23-09-2026 01:59:46","False"
"D:\SIH\IceBerg\dataSet\SIH\DATA_Sea_ice_drift_concentration\ice_conc_sh_polstere-100_multi_202503311200.nc","8277007","23-09-2026 01:59:50","False"
"D:\SIH\IceBerg\dataSet\SIH\DATA_Sea_ice_drift_concentration\ice_conc_sh_polstere-100_multi_202504011200.nc","8288825","23-09-2026 01:59:58","False"
"D:\SIH\IceBerg\dataSet\SIH\DATA_Sea_ice_drift_concentration\ice_conc_sh_polstere-100_multi_202504021200.nc","8272587","23-09-2026 02:00:00","False"
"D:\SIH\IceBerg\dataSet\SIH\DATA_Sea_ice_drift_concentration\ice_conc_sh_polstere-100_multi_202504031200.nc","8233490","23-09-2026 02:00:04","False"
"D:\SIH\IceBerg\dataSet\SIH\DATA_Sea_ice_drift_concentration\ice_conc_sh_polstere-100_multi_202504041200.nc","8305751","23-09-2026 02:00:08","False"
"D:\SIH\IceBerg\dataSet\SIH\DATA_Sea_ice_drift_concentration\ice_conc_sh_polstere-100_multi_202504051200.nc","8227527","23-09-2026 02:00:12","False"
"D:\SIH\IceBerg\dataSet\SIH\DATA_Sea_ice_drift_concentration\ice_conc_sh_polstere-100_multi_202504061200.nc","8226557","23-09-2026 02:00:16","False"
"D:\SIH\IceBerg\dataSet\SIH\DATA_Sea_ice_drift_concentration\ice_conc_sh_polstere-100_multi_202504071200.nc","8213735","23-09-2026 02:00:20","False"
"D:\SIH\IceBerg\dataSet\SIH\DATA_Sea_ice_drift_concentration\ice_conc_sh_polstere-100_multi_202504081200.nc","8151763","23-09-2026 02:00:24","False"
"D:\SIH\IceBerg\dataSet\SIH\DATA_Sea_ice_drift_concentration\ice_conc_sh_polstere-100_multi_202504091200.nc","8236850","23-09-2026 02:00:28","False"
"D:\SIH\IceBerg\dataSet\SIH\DATA_Sea_ice_drift_concentration\ice_conc_sh_polstere-100_multi_202504101200.nc","8264327","23-09-2026 02:00:30","False"
"D:\SIH\IceBerg\dataSet\SIH\DATA_Sea_ice_drift_concentration\ice_conc_sh_polstere-100_multi_202504111200.nc","8279343","23-09-2026 02:00:34","False"
"D:\SIH\IceBerg\dataSet\SIH\DATA_Sea_ice_drift_concentration\ice_conc_sh_polstere-100_multi_202504121200.nc","8212266","23-09-2026 02:00:36","False"
"D:\SIH\IceBerg\dataSet\SIH\DATA_Sea_ice_drift_concentration\ice_conc_sh_polstere-100_multi_202504131200.nc","8253402","23-09-2026 02:00:40","False"
"D:\SIH\IceBerg\dataSet\SIH\DATA_Sea_ice_drift_concentration\ice_conc_sh_polstere-100_multi_202504141200.nc","8160754","23-09-2026 02:00:44","False"
"D:\SIH\IceBerg\dataSet\SIH\DATA_Sea_ice_drift_concentration\ice_conc_sh_polstere-100_multi_202504151200.nc","8163954","23-09-2026 02:00:48","False"
"D:\SIH\IceBerg\dataSet\SIH\DATA_Sea_ice_drift_concentration\ice_conc_sh_polstere-100_multi_202504161200.nc","8204015","23-09-2026 02:00:52","False"
"D:\SIH\IceBerg\dataSet\SIH\DATA_Sea_ice_drift_concentration\ice_conc_sh_polstere-100_multi_202504171200.nc","8211663","23-09-2026 02:00:56","False"
"D:\SIH\IceBerg\dataSet\SIH\DATA_Sea_ice_drift_concentration\ice_conc_sh_polstere-100_multi_202504181200.nc","8158417","23-09-2026 02:01:00","False"
"D:\SIH\IceBerg\dataSet\SIH\DATA_Sea_ice_drift_concentration\ice_conc_sh_polstere-100_multi_202504191200.nc","8096634","23-09-2026 02:01:04","False"
"D:\SIH\IceBerg\dataSet\SIH\DATA_Sea_ice_drift_concentration\ice_conc_sh_polstere-100_multi_202504201200.nc","8147460","23-09-2026 02:01:08","False"
"D:\SIH\IceBerg\dataSet\SIH\DATA_Sea_ice_drift_concentration\ice_conc_sh_polstere-100_multi_202504211200.nc","8167760","23-09-2026 02:01:12","False"
"D:\SIH\IceBerg\dataSet\SIH\DATA_Sea_ice_drift_concentration\ice_conc_sh_polstere-100_multi_202504221200.nc","8188731","23-09-2026 02:01:18","False"
"D:\SIH\IceBerg\dataSet\SIH\DATA_Sea_ice_drift_concentration\ice_conc_sh_polstere-100_multi_202504231200.nc","8144659","23-09-2026 02:01:24","False"
"D:\SIH\IceBerg\dataSet\SIH\DATA_Sea_ice_drift_concentration\ice_conc_sh_polstere-100_multi_202504241200.nc","8233919","23-09-2026 02:01:28","False"
"D:\SIH\IceBerg\dataSet\SIH\DATA_Sea_ice_drift_concentration\ice_conc_sh_polstere-100_multi_202504251200.nc","8132484","23-09-2026 02:01:32","False"
"D:\SIH\IceBerg\dataSet\SIH\DATA_Sea_ice_drift_concentration\ice_conc_sh_polstere-100_multi_202504261200.nc","8255165","23-09-2026 02:01:36","False"
"D:\SIH\IceBerg\dataSet\SIH\DATA_Sea_ice_drift_concentration\ice_conc_sh_polstere-100_multi_202504271200.nc","8193017","23-09-2026 02:01:38","False"
"D:\SIH\IceBerg\dataSet\SIH\DATA_Sea_ice_drift_concentration\ice_conc_sh_polstere-100_multi_202504281200.nc","8149335","23-09-2026 02:01:42","False"
"D:\SIH\IceBerg\dataSet\SIH\DATA_Sea_ice_drift_concentration\ice_conc_sh_polstere-100_multi_202504291200.nc","8078434","23-09-2026 02:01:46","False"
"D:\SIH\IceBerg\dataSet\SIH\DATA_Sea_ice_drift_concentration\ice_conc_sh_polstere-100_multi_202504301200.nc","8130814","23-09-2026 02:01:52","False"
"D:\SIH\IceBerg\dataSet\SIH\DATA_Sea_ice_drift_concentration\ice_conc_sh_polstere-100_multi_202505011200.nc","8080366","23-09-2026 02:01:58","False"
"D:\SIH\IceBerg\dataSet\SIH\DATA_Sea_ice_drift_concentration\ice_conc_sh_polstere-100_multi_202505021200.nc","8119886","23-09-2026 02:02:02","False"
"D:\SIH\IceBerg\dataSet\SIH\DATA_Sea_ice_drift_concentration\ice_conc_sh_polstere-100_multi_202505031200.nc","8062285","23-09-2026 02:02:06","False"
"D:\SIH\IceBerg\dataSet\SIH\DATA_Sea_ice_drift_concentration\ice_conc_sh_polstere-100_multi_202505041200.nc","8174558","23-09-2026 02:02:10","False"
"D:\SIH\IceBerg\dataSet\SIH\DATA_Sea_ice_drift_concentration\ice_conc_sh_polstere-100_multi_202505051200.nc","8137095","23-09-2026 02:02:14","False"
"D:\SIH\IceBerg\dataSet\SIH\DATA_Sea_ice_drift_concentration\ice_conc_sh_polstere-100_multi_202505061200.nc","8183867","23-09-2026 02:02:16","False"
"D:\SIH\IceBerg\dataSet\SIH\DATA_Sea_ice_drift_concentration\ice_conc_sh_polstere-100_multi_202505071200.nc","8086594","23-09-2026 02:02:20","False"
"D:\SIH\IceBerg\dataSet\SIH\DATA_Sea_ice_drift_concentration\ice_conc_sh_polstere-100_multi_202505081200.nc","8196939","23-09-2026 02:02:22","False"
"D:\SIH\IceBerg\dataSet\SIH\DATA_Sea_ice_drift_concentration\ice_conc_sh_polstere-100_multi_202505091200.nc","8145489","23-09-2026 02:02:24","False"
"D:\SIH\IceBerg\dataSet\SIH\DATA_Sea_ice_drift_concentration\ice_conc_sh_polstere-100_multi_202505101200.nc","7979786","23-09-2026 02:02:26","False"
"D:\SIH\IceBerg\dataSet\SIH\DATA_Sea_ice_drift_concentration\ice_conc_sh_polstere-100_multi_202505111200.nc","8109030","23-09-2026 02:02:30","False"
"D:\SIH\IceBerg\dataSet\SIH\DATA_Sea_ice_drift_concentration\ice_conc_sh_polstere-100_multi_202505121200.nc","8138937","23-09-2026 02:02:32","False"
"D:\SIH\IceBerg\dataSet\SIH\DATA_Sea_ice_drift_concentration\ice_conc_sh_polstere-100_multi_202505131200.nc","8140015","23-09-2026 02:02:34","False"
"D:\SIH\IceBerg\dataSet\SIH\DATA_Sea_ice_drift_concentration\ice_conc_sh_polstere-100_multi_202505141200.nc","8149166","23-09-2026 02:02:38","False"
"D:\SIH\IceBerg\dataSet\SIH\DATA_Sea_ice_drift_concentration\ice_conc_sh_polstere-100_multi_202505151200.nc","8204938","23-09-2026 02:02:40","False"
"D:\SIH\IceBerg\dataSet\SIH\DATA_Sea_ice_drift_concentration\ice_conc_sh_polstere-100_multi_202505161200.nc","8187882","23-09-2026 02:02:42","False"
"D:\SIH\IceBerg\dataSet\SIH\DATA_Sea_ice_drift_concentration\ice_conc_sh_polstere-100_multi_202505171200.nc","8106948","23-09-2026 02:02:46","False"
"D:\SIH\IceBerg\dataSet\SIH\DATA_Sea_ice_drift_concentration\ice_conc_sh_polstere-100_multi_202505181200.nc","7995480","23-09-2026 02:02:48","False"
"D:\SIH\IceBerg\dataSet\SIH\DATA_Sea_ice_drift_concentration\ice_conc_sh_polstere-100_multi_202505191200.nc","8274886","23-09-2026 02:02:50","False"
"D:\SIH\IceBerg\dataSet\SIH\DATA_Sea_ice_drift_concentration\ice_conc_sh_polstere-100_multi_202505201200.nc","8108192","23-09-2026 02:02:52","False"
"D:\SIH\IceBerg\dataSet\SIH\DATA_Sea_ice_drift_concentration\ice_conc_sh_polstere-100_multi_202505211200.nc","8164812","23-09-2026 02:02:56","False"
"D:\SIH\IceBerg\dataSet\SIH\DATA_Sea_ice_drift_concentration\ice_conc_sh_polstere-100_multi_202505221200.nc","8205102","23-09-2026 02:02:58","False"
"D:\SIH\IceBerg\dataSet\SIH\DATA_Sea_ice_drift_concentration\ice_conc_sh_polstere-100_multi_202505231200.nc","8160233","23-09-2026 02:03:02","False"
"D:\SIH\IceBerg\dataSet\SIH\DATA_Sea_ice_drift_concentration\ice_conc_sh_polstere-100_multi_202505241200.nc","8105517","23-09-2026 02:03:04","False"
"D:\SIH\IceBerg\dataSet\SIH\DATA_Sea_ice_drift_concentration\ice_conc_sh_polstere-100_multi_202505251200.nc","8173638","23-09-2026 02:03:08","False"
"D:\SIH\IceBerg\dataSet\SIH\DATA_Sea_ice_drift_concentration\ice_conc_sh_polstere-100_multi_202505261200.nc","8101025","23-09-2026 02:03:10","False"
"D:\SIH\IceBerg\dataSet\SIH\DATA_Sea_ice_drift_concentration\ice_conc_sh_polstere-100_multi_202505271200.nc","8025368","23-09-2026 02:03:14","False"
"D:\SIH\IceBerg\dataSet\SIH\DATA_Sea_ice_drift_concentration\ice_conc_sh_polstere-100_multi_202505281200.nc","8095951","23-09-2026 02:03:20","False"
"D:\SIH\IceBerg\dataSet\SIH\DATA_Sea_ice_drift_concentration\ice_conc_sh_polstere-100_multi_202505291200.nc","8043148","23-09-2026 02:03:22","False"
"D:\SIH\IceBerg\dataSet\SIH\DATA_Sea_ice_drift_concentration\ice_conc_sh_polstere-100_multi_202505301200.nc","8063778","23-09-2026 02:03:24","False"
"D:\SIH\IceBerg\dataSet\SIH\DATA_Sea_ice_drift_concentration\ice_conc_sh_polstere-100_multi_202505311200.nc","8130190","23-09-2026 02:03:26","False"
"D:\SIH\IceBerg\dataSet\SIH\DATA_Sea_ice_drift_concentration\ice_conc_sh_polstere-100_multi_202506011200.nc","7971938","23-09-2026 02:03:52","False"
"D:\SIH\IceBerg\dataSet\SIH\DATA_Sea_ice_drift_concentration\ice_conc_sh_polstere-100_multi_202506021200.nc","7933301","23-09-2026 02:03:54","False"
"D:\SIH\IceBerg\dataSet\SIH\DATA_Sea_ice_drift_concentration\ice_conc_sh_polstere-100_multi_202506031200.nc","8048666","23-09-2026 02:04:00","False"
"D:\SIH\IceBerg\dataSet\SIH\DATA_Sea_ice_drift_concentration\ice_conc_sh_polstere-100_multi_202506041200.nc","7938985","23-09-2026 02:04:02","False"
"D:\SIH\IceBerg\dataSet\SIH\DATA_Sea_ice_drift_concentration\ice_conc_sh_polstere-100_multi_202506051200.nc","7857547","23-09-2026 02:04:04","False"
"D:\SIH\IceBerg\dataSet\SIH\DATA_Sea_ice_drift_concentration\ice_conc_sh_polstere-100_multi_202506061200.nc","8130201","23-09-2026 02:04:08","False"
"D:\SIH\IceBerg\dataSet\SIH\DATA_Sea_ice_drift_concentration\ice_conc_sh_polstere-100_multi_202506071200.nc","8048712","23-09-2026 02:04:10","False"
"D:\SIH\IceBerg\dataSet\SIH\DATA_Sea_ice_drift_concentration\ice_conc_sh_polstere-100_multi_202506081200.nc","7757411","23-09-2026 02:04:12","False"
"D:\SIH\IceBerg\dataSet\SIH\DATA_Sea_ice_drift_concentration\ice_conc_sh_polstere-100_multi_202506091200.nc","8096546","23-09-2026 02:04:16","False"
"D:\SIH\IceBerg\dataSet\SIH\DATA_Sea_ice_drift_concentration\ice_conc_sh_polstere-100_multi_202506101200.nc","7857025","23-09-2026 02:04:18","False"
"D:\SIH\IceBerg\dataSet\SIH\DATA_Sea_ice_drift_concentration\ice_conc_sh_polstere-100_multi_202506111200.nc","8007484","23-09-2026 02:04:20","False"
"D:\SIH\IceBerg\dataSet\SIH\DATA_Sea_ice_drift_concentration\ice_conc_sh_polstere-100_multi_202506121200.nc","7959421","23-09-2026 02:04:24","False"
"D:\SIH\IceBerg\dataSet\SIH\DATA_Sea_ice_drift_concentration\ice_conc_sh_polstere-100_multi_202506131200.nc","8199828","23-09-2026 02:04:26","False"
"D:\SIH\IceBerg\dataSet\SIH\DATA_Sea_ice_drift_concentration\ice_conc_sh_polstere-100_multi_202506141200.nc","8076566","23-09-2026 02:04:28","False"
"D:\SIH\IceBerg\dataSet\SIH\DATA_Sea_ice_drift_concentration\ice_conc_sh_polstere-100_multi_202506151200.nc","8186422","23-09-2026 02:04:30","False"
"D:\SIH\IceBerg\dataSet\SIH\DATA_Sea_ice_drift_concentration\ice_conc_sh_polstere-100_multi_202506161200.nc","8069984","23-09-2026 02:04:34","False"
"D:\SIH\IceBerg\dataSet\SIH\DATA_Sea_ice_drift_concentration\ice_conc_sh_polstere-100_multi_202506171200.nc","8081286","23-09-2026 02:04:40","False"
"D:\SIH\IceBerg\dataSet\SIH\DATA_Sea_ice_drift_concentration\ice_conc_sh_polstere-100_multi_202506181200.nc","7993992","23-09-2026 02:04:44","False"
"D:\SIH\IceBerg\dataSet\SIH\DATA_Sea_ice_drift_concentration\ice_conc_sh_polstere-100_multi_202506191200.nc","8144782","23-09-2026 02:04:46","False"
"D:\SIH\IceBerg\dataSet\SIH\DATA_Sea_ice_drift_concentration\ice_conc_sh_polstere-100_multi_202506201200.nc","8088948","23-09-2026 02:04:48","False"
"D:\SIH\IceBerg\dataSet\SIH\DATA_Sea_ice_drift_concentration\ice_conc_sh_polstere-100_multi_202506211200.nc","8089627","23-09-2026 02:04:52","False"
"D:\SIH\IceBerg\dataSet\SIH\DATA_Sea_ice_drift_concentration\ice_conc_sh_polstere-100_multi_202506221200.nc","8055985","23-09-2026 02:04:54","False"
"D:\SIH\IceBerg\dataSet\SIH\DATA_Sea_ice_drift_concentration\ice_conc_sh_polstere-100_multi_202506231200.nc","8088164","23-09-2026 02:04:56","False"
"D:\SIH\IceBerg\dataSet\SIH\DATA_Sea_ice_drift_concentration\ice_conc_sh_polstere-100_multi_202506241200.nc","8127594","23-09-2026 02:05:00","False"
"D:\SIH\IceBerg\dataSet\SIH\DATA_Sea_ice_drift_concentration\ice_conc_sh_polstere-100_multi_202506251200.nc","8024452","23-09-2026 02:05:02","False"
"D:\SIH\IceBerg\dataSet\SIH\DATA_Sea_ice_drift_concentration\ice_conc_sh_polstere-100_multi_202506261200.nc","8062678","23-09-2026 02:05:06","False"
"D:\SIH\IceBerg\dataSet\SIH\DATA_Sea_ice_drift_concentration\ice_conc_sh_polstere-100_multi_202506271200.nc","8057274","23-09-2026 02:05:10","False"
"D:\SIH\IceBerg\dataSet\SIH\DATA_Sea_ice_drift_concentration\ice_conc_sh_polstere-100_multi_202506281200.nc","8138949","23-09-2026 02:05:14","False"
"D:\SIH\IceBerg\dataSet\SIH\DATA_Sea_ice_drift_concentration\ice_conc_sh_polstere-100_multi_202506291200.nc","8096637","23-09-2026 02:05:16","False"
"D:\SIH\IceBerg\dataSet\SIH\DATA_Sea_ice_drift_concentration\ice_conc_sh_polstere-100_multi_202506301200.nc","7978358","23-09-2026 02:05:18","False"
"D:\SIH\IceBerg\dataSet\SIH\DATA_Sea_ice_drift_concentration\ice_conc_sh_polstere-100_multi_202507011200.nc","7900505","23-09-2026 02:05:48","False"
"D:\SIH\IceBerg\dataSet\SIH\DATA_Sea_ice_drift_concentration\ice_conc_sh_polstere-100_multi_202507021200.nc","8066398","23-09-2026 02:05:52","False"
"D:\SIH\IceBerg\dataSet\SIH\DATA_Sea_ice_drift_concentration\ice_conc_sh_polstere-100_multi_202507031200.nc","8135658","23-09-2026 02:05:54","False"
"D:\SIH\IceBerg\dataSet\SIH\DATA_Sea_ice_drift_concentration\ice_conc_sh_polstere-100_multi_202507041200.nc","6597581","23-09-2026 02:05:56","False"
"D:\SIH\IceBerg\dataSet\SIH\DATA_Sea_ice_drift_concentration\ice_conc_sh_polstere-100_multi_202507051200.nc","7327787","23-09-2026 02:05:58","False"
"D:\SIH\IceBerg\dataSet\SIH\DATA_Sea_ice_drift_concentration\ice_conc_sh_polstere-100_multi_202507061200.nc","7856155","23-09-2026 02:06:02","False"
"D:\SIH\IceBerg\dataSet\SIH\DATA_Sea_ice_drift_concentration\ice_conc_sh_polstere-100_multi_202507071200.nc","8169348","23-09-2026 02:06:04","False"
"D:\SIH\IceBerg\dataSet\SIH\DATA_Sea_ice_drift_concentration\ice_conc_sh_polstere-100_multi_202507081200.nc","7898044","23-09-2026 02:06:06","False"
"D:\SIH\IceBerg\dataSet\SIH\DATA_Sea_ice_drift_concentration\ice_conc_sh_polstere-100_multi_202507091200.nc","7995941","23-09-2026 02:06:10","False"
"D:\SIH\IceBerg\dataSet\SIH\DATA_Sea_ice_drift_concentration\ice_conc_sh_polstere-100_multi_202507101200.nc","8056683","23-09-2026 02:06:12","False"
"D:\SIH\IceBerg\dataSet\SIH\DATA_Sea_ice_drift_concentration\ice_conc_sh_polstere-100_multi_202507111200.nc","8103833","23-09-2026 02:06:14","False"
"D:\SIH\IceBerg\dataSet\SIH\DATA_Sea_ice_drift_concentration\ice_conc_sh_polstere-100_multi_202507121200.nc","8040162","23-09-2026 02:06:16","False"
"D:\SIH\IceBerg\dataSet\SIH\DATA_Sea_ice_drift_concentration\ice_conc_sh_polstere-100_multi_202507131200.nc","8078368","23-09-2026 02:06:18","False"
"D:\SIH\IceBerg\dataSet\SIH\DATA_Sea_ice_drift_concentration\ice_conc_sh_polstere-100_multi_202507141200.nc","7912613","23-09-2026 02:06:22","False"
"D:\SIH\IceBerg\dataSet\SIH\DATA_Sea_ice_drift_concentration\ice_conc_sh_polstere-100_multi_202507151200.nc","7817277","23-09-2026 02:06:24","False"
"D:\SIH\IceBerg\dataSet\SIH\DATA_Sea_ice_drift_concentration\ice_conc_sh_polstere-100_multi_202507161200.nc","8009682","23-09-2026 02:06:28","False"
"D:\SIH\IceBerg\dataSet\SIH\DATA_Sea_ice_drift_concentration\ice_conc_sh_polstere-100_multi_202507171200.nc","7741369","23-09-2026 02:06:30","False"
"D:\SIH\IceBerg\dataSet\SIH\DATA_Sea_ice_drift_concentration\ice_conc_sh_polstere-100_multi_202507181200.nc","8023783","23-09-2026 02:06:32","False"
"D:\SIH\IceBerg\dataSet\SIH\DATA_Sea_ice_drift_concentration\ice_conc_sh_polstere-100_multi_202507191200.nc","8092784","23-09-2026 02:06:36","False"
"D:\SIH\IceBerg\dataSet\SIH\DATA_Sea_ice_drift_concentration\ice_conc_sh_polstere-100_multi_202507201200.nc","8039520","23-09-2026 02:06:38","False"
"D:\SIH\IceBerg\dataSet\SIH\DATA_Sea_ice_drift_concentration\ice_conc_sh_polstere-100_multi_202507211200.nc","8012039","23-09-2026 02:06:42","False"
"D:\SIH\IceBerg\dataSet\SIH\DATA_Sea_ice_drift_concentration\ice_conc_sh_polstere-100_multi_202507221200.nc","7674455","23-09-2026 02:06:44","False"
"D:\SIH\IceBerg\dataSet\SIH\DATA_Sea_ice_drift_concentration\ice_conc_sh_polstere-100_multi_202507231200.nc","7979469","23-09-2026 02:06:46","False"
"D:\SIH\IceBerg\dataSet\SIH\DATA_Sea_ice_drift_concentration\ice_conc_sh_polstere-100_multi_202507241200.nc","7988394","23-09-2026 02:06:48","False"
"D:\SIH\IceBerg\dataSet\SIH\DATA_Sea_ice_drift_concentration\ice_conc_sh_polstere-100_multi_202507251200.nc","7600046","23-09-2026 02:06:50","False"
"D:\SIH\IceBerg\dataSet\SIH\DATA_Sea_ice_drift_concentration\ice_conc_sh_polstere-100_multi_202507261200.nc","8126045","23-09-2026 02:06:52","False"
"D:\SIH\IceBerg\dataSet\SIH\DATA_Sea_ice_drift_concentration\ice_conc_sh_polstere-100_multi_202507271200.nc","8060138","23-09-2026 02:06:56","False"
"D:\SIH\IceBerg\dataSet\SIH\DATA_Sea_ice_drift_concentration\ice_conc_sh_polstere-100_multi_202507281200.nc","8012833","23-09-2026 02:07:00","False"
"D:\SIH\IceBerg\dataSet\SIH\DATA_Sea_ice_drift_concentration\ice_conc_sh_polstere-100_multi_202507291200.nc","7527053","23-09-2026 02:07:02","False"
"D:\SIH\IceBerg\dataSet\SIH\DATA_Sea_ice_drift_concentration\ice_conc_sh_polstere-100_multi_202507301200.nc","8117523","23-09-2026 02:07:04","False"
"D:\SIH\IceBerg\dataSet\SIH\DATA_Sea_ice_drift_concentration\ice_conc_sh_polstere-100_multi_202507311200.nc","8161038","23-09-2026 02:07:06","False"
"D:\SIH\IceBerg\dataSet\SIH\DATA_Sea_ice_drift_concentration\ice_conc_sh_polstere-100_multi_202508011200.nc","8002777","23-09-2026 02:07:16","False"
"D:\SIH\IceBerg\dataSet\SIH\DATA_Sea_ice_drift_concentration\ice_conc_sh_polstere-100_multi_202508021200.nc","8048540","23-09-2026 02:07:20","False"
"D:\SIH\IceBerg\dataSet\SIH\DATA_Sea_ice_drift_concentration\ice_conc_sh_polstere-100_multi_202508031200.nc","8087855","23-09-2026 02:07:22","False"
"D:\SIH\IceBerg\dataSet\SIH\DATA_Sea_ice_drift_concentration\ice_conc_sh_polstere-100_multi_202508041200.nc","8044265","23-09-2026 02:07:24","False"
"D:\SIH\IceBerg\dataSet\SIH\DATA_Sea_ice_drift_concentration\ice_conc_sh_polstere-100_multi_202508051200.nc","8067118","23-09-2026 02:07:26","False"
"D:\SIH\IceBerg\dataSet\SIH\DATA_Sea_ice_drift_concentration\ice_conc_sh_polstere-100_multi_202508061200.nc","8107373","23-09-2026 02:07:30","False"
"D:\SIH\IceBerg\dataSet\SIH\DATA_Sea_ice_drift_concentration\ice_conc_sh_polstere-100_multi_202508071200.nc","7783781","23-09-2026 02:07:32","False"
"D:\SIH\IceBerg\dataSet\SIH\DATA_Sea_ice_drift_concentration\ice_conc_sh_polstere-100_multi_202508081200.nc","7772105","23-09-2026 02:07:36","False"
"D:\SIH\IceBerg\dataSet\SIH\DATA_Sea_ice_drift_concentration\ice_conc_sh_polstere-100_multi_202508091200.nc","8060399","23-09-2026 02:07:40","False"
"D:\SIH\IceBerg\dataSet\SIH\DATA_Sea_ice_drift_concentration\ice_conc_sh_polstere-100_multi_202508101200.nc","8021465","23-09-2026 02:07:42","False"
"D:\SIH\IceBerg\dataSet\SIH\DATA_Sea_ice_drift_concentration\ice_conc_sh_polstere-100_multi_202508111200.nc","7954748","23-09-2026 02:07:44","False"
"D:\SIH\IceBerg\dataSet\SIH\DATA_Sea_ice_drift_concentration\ice_conc_sh_polstere-100_multi_202508121200.nc","7999365","23-09-2026 02:07:48","False"
"D:\SIH\IceBerg\dataSet\SIH\DATA_Sea_ice_drift_concentration\ice_conc_sh_polstere-100_multi_202508131200.nc","8145055","23-09-2026 02:07:50","False"
"D:\SIH\IceBerg\dataSet\SIH\DATA_Sea_ice_drift_concentration\ice_conc_sh_polstere-100_multi_202508141200.nc","8061081","23-09-2026 02:07:52","False"
"D:\SIH\IceBerg\dataSet\SIH\DATA_Sea_ice_drift_concentration\ice_conc_sh_polstere-100_multi_202508151200.nc","8029521","23-09-2026 02:07:54","False"
"D:\SIH\IceBerg\dataSet\SIH\DATA_Sea_ice_drift_concentration\ice_conc_sh_polstere-100_multi_202508161200.nc","7996365","23-09-2026 02:07:56","False"
"D:\SIH\IceBerg\dataSet\SIH\DATA_Sea_ice_drift_concentration\ice_conc_sh_polstere-100_multi_202508171200.nc","8030976","23-09-2026 02:08:02","False"
"D:\SIH\IceBerg\dataSet\SIH\DATA_Sea_ice_drift_concentration\ice_conc_sh_polstere-100_multi_202508181200.nc","7872999","23-09-2026 02:08:08","False"
"D:\SIH\IceBerg\dataSet\SIH\DATA_Sea_ice_drift_concentration\ice_conc_sh_polstere-100_multi_202508191200.nc","7704268","23-09-2026 02:08:10","False"
"D:\SIH\IceBerg\dataSet\SIH\DATA_Sea_ice_drift_concentration\ice_conc_sh_polstere-100_multi_202508201200.nc","8033490","23-09-2026 02:08:14","False"
"D:\SIH\IceBerg\dataSet\SIH\DATA_Sea_ice_drift_concentration\ice_conc_sh_polstere-100_multi_202508211200.nc","8028252","23-09-2026 02:08:16","False"
"D:\SIH\IceBerg\dataSet\SIH\DATA_Sea_ice_drift_concentration\ice_conc_sh_polstere-100_multi_202508221200.nc","8029450","23-09-2026 02:08:18","False"
"D:\SIH\IceBerg\dataSet\SIH\DATA_Sea_ice_drift_concentration\ice_conc_sh_polstere-100_multi_202508231200.nc","8095309","23-09-2026 02:08:22","False"
"D:\SIH\IceBerg\dataSet\SIH\DATA_Sea_ice_drift_concentration\ice_conc_sh_polstere-100_multi_202508241200.nc","7904263","23-09-2026 02:08:24","False"
"D:\SIH\IceBerg\dataSet\SIH\DATA_Sea_ice_drift_concentration\ice_conc_sh_polstere-100_multi_202508251200.nc","7922170","23-09-2026 02:08:26","False"
"D:\SIH\IceBerg\dataSet\SIH\DATA_Sea_ice_drift_concentration\ice_conc_sh_polstere-100_multi_202508271200.nc","8135233","23-09-2026 02:08:28","False"
"D:\SIH\IceBerg\dataSet\SIH\DATA_Sea_ice_drift_concentration\ice_conc_sh_polstere-100_multi_202508281200.nc","8043426","23-09-2026 02:08:32","False"
"D:\SIH\IceBerg\dataSet\SIH\DATA_Sea_ice_drift_concentration\ice_conc_sh_polstere-100_multi_202508291200.nc","8033136","23-09-2026 02:08:34","False"
"D:\SIH\IceBerg\dataSet\SIH\DATA_Sea_ice_drift_concentration\ice_conc_sh_polstere-100_multi_202508301200.nc","8039926","23-09-2026 02:08:36","False"
"D:\SIH\IceBerg\dataSet\SIH\DATA_Sea_ice_drift_concentration\ice_conc_sh_polstere-100_multi_202508311200.nc","8101878","23-09-2026 02:08:38","False"
"D:\SIH\IceBerg\dataSet\SIH\DATA_Sea_ice_drift_concentration\ice_conc_sh_polstere-100_multi_202509011200.nc","7846336","23-09-2026 02:09:12","False"
"D:\SIH\IceBerg\dataSet\SIH\DATA_Sea_ice_drift_concentration\ice_conc_sh_polstere-100_multi_202509021200.nc","8014281","23-09-2026 02:09:16","False"
"D:\SIH\IceBerg\dataSet\SIH\DATA_Sea_ice_drift_concentration\ice_conc_sh_polstere-100_multi_202509031200.nc","7929998","23-09-2026 02:09:18","False"
"D:\SIH\IceBerg\dataSet\SIH\DATA_Sea_ice_drift_concentration\ice_conc_sh_polstere-100_multi_202509041200.nc","7956566","23-09-2026 02:09:20","False"
"D:\SIH\IceBerg\dataSet\SIH\DATA_Sea_ice_drift_concentration\ice_conc_sh_polstere-100_multi_202509051200.nc","8000683","23-09-2026 02:09:24","False"
"D:\SIH\IceBerg\dataSet\SIH\DATA_Sea_ice_drift_concentration\ice_conc_sh_polstere-100_multi_202509061200.nc","7989641","23-09-2026 02:09:26","False"
"D:\SIH\IceBerg\dataSet\SIH\DATA_Sea_ice_drift_concentration\ice_conc_sh_polstere-100_multi_202509071200.nc","8066201","23-09-2026 02:09:28","False"
"D:\SIH\IceBerg\dataSet\SIH\DATA_Sea_ice_drift_concentration\ice_conc_sh_polstere-100_multi_202509081200.nc","7849040","23-09-2026 02:09:30","False"
"D:\SIH\IceBerg\dataSet\SIH\DATA_Sea_ice_drift_concentration\ice_conc_sh_polstere-100_multi_202509091200.nc","8011557","23-09-2026 02:09:32","False"
"D:\SIH\IceBerg\dataSet\SIH\DATA_Sea_ice_drift_concentration\ice_conc_sh_polstere-100_multi_202509101200.nc","7828763","23-09-2026 02:09:36","False"
"D:\SIH\IceBerg\dataSet\SIH\DATA_Sea_ice_drift_concentration\ice_conc_sh_polstere-100_multi_202509111200.nc","8033501","23-09-2026 02:09:38","False"
"D:\SIH\IceBerg\dataSet\SIH\DATA_Sea_ice_drift_concentration\ice_conc_sh_polstere-100_multi_202509121200.nc","7869076","23-09-2026 02:09:40","False"
"D:\SIH\IceBerg\dataSet\SIH\DATA_Sea_ice_drift_concentration\ice_conc_sh_polstere-100_multi_202509131200.nc","7929754","23-09-2026 02:09:44","False"
"D:\SIH\IceBerg\dataSet\SIH\DATA_Sea_ice_drift_concentration\ice_conc_sh_polstere-100_multi_202509141200.nc","8006877","23-09-2026 02:09:46","False"
"D:\SIH\IceBerg\dataSet\SIH\DATA_Sea_ice_drift_concentration\ice_conc_sh_polstere-100_multi_202509151200.nc","7935862","23-09-2026 02:09:48","False"
"D:\SIH\IceBerg\dataSet\SIH\DATA_Sea_ice_drift_concentration\ice_conc_sh_polstere-100_multi_202509161200.nc","8052497","23-09-2026 02:09:52","False"
"D:\SIH\IceBerg\dataSet\SIH\DATA_Sea_ice_drift_concentration\ice_conc_sh_polstere-100_multi_202509171200.nc","8001683","23-09-2026 02:09:54","False"
"D:\SIH\IceBerg\dataSet\SIH\DATA_Sea_ice_drift_concentration\ice_conc_sh_polstere-100_multi_202509181200.nc","8099236","23-09-2026 02:09:56","False"
"D:\SIH\IceBerg\dataSet\SIH\DATA_Sea_ice_drift_concentration\ice_conc_sh_polstere-100_multi_202509191200.nc","8035220","23-09-2026 02:09:58","False"
"D:\SIH\IceBerg\dataSet\SIH\DATA_Sea_ice_drift_concentration\ice_conc_sh_polstere-100_multi_202509201200.nc","7997001","23-09-2026 02:10:00","False"
"D:\SIH\IceBerg\dataSet\SIH\DATA_Sea_ice_drift_concentration\ice_conc_sh_polstere-100_multi_202509211200.nc","7975672","23-09-2026 02:10:04","False"
"D:\SIH\IceBerg\dataSet\SIH\DATA_Sea_ice_drift_concentration\ice_conc_sh_polstere-100_multi_202509221200.nc","7756028","23-09-2026 02:10:06","False"
"D:\SIH\IceBerg\dataSet\SIH\DATA_Sea_ice_drift_concentration\ice_conc_sh_polstere-100_multi_202509231200.nc","7909135","23-09-2026 02:10:10","False"
"D:\SIH\IceBerg\dataSet\SIH\DATA_Sea_ice_drift_concentration\ice_conc_sh_polstere-100_multi_202509241200.nc","7938858","23-09-2026 02:10:12","False"
"D:\SIH\IceBerg\dataSet\SIH\DATA_Sea_ice_drift_concentration\ice_conc_sh_polstere-100_multi_202509301200.nc","7502063","23-09-2026 02:10:14","False"
"D:\SIH\IceBerg\dataSet\SIH\DATA_Sea_ice_drift_concentration\ice_conc_sh_polstere-100_multi_202510011200.nc","7306769","23-09-2026 02:10:30","False"
"D:\SIH\IceBerg\dataSet\SIH\DATA_Sea_ice_drift_concentration\ice_conc_sh_polstere-100_multi_202510111200.nc","7892564","23-09-2026 02:10:32","False"
"D:\SIH\IceBerg\dataSet\SIH\DATA_Sea_ice_drift_concentration\ice_conc_sh_polstere-100_multi_202510121200.nc","7980435","23-09-2026 02:10:34","False"
"D:\SIH\IceBerg\dataSet\SIH\DATA_Sea_ice_drift_concentration\ice_conc_sh_polstere-100_multi_202510131200.nc","6698897","23-09-2026 02:10:38","False"
"D:\SIH\IceBerg\dataSet\SIH\DATA_Sea_ice_drift_concentration\ice_conc_sh_polstere-100_multi_202510141200.nc","6366374","23-09-2026 02:10:40","False"
"D:\SIH\IceBerg\dataSet\SIH\DATA_Sea_ice_drift_concentration\ice_conc_sh_polstere-100_multi_202510151200.nc","7253014","23-09-2026 02:10:44","False"
"D:\SIH\IceBerg\dataSet\SIH\DATA_Sea_ice_drift_concentration\ice_conc_sh_polstere-100_multi_202510161200.nc","8092314","23-09-2026 02:10:44","False"
"D:\SIH\IceBerg\dataSet\SIH\DATA_Sea_ice_drift_concentration\ice_conc_sh_polstere-100_multi_202510171200.nc","7924998","23-09-2026 02:10:48","False"
"D:\SIH\IceBerg\dataSet\SIH\DATA_Sea_ice_drift_concentration\ice_conc_sh_polstere-100_multi_202510181200.nc","8072501","23-09-2026 02:10:52","False"
"D:\SIH\IceBerg\dataSet\SIH\DATA_Sea_ice_drift_concentration\ice_conc_sh_polstere-100_multi_202510191200.nc","7986236","23-09-2026 02:10:54","False"
"D:\SIH\IceBerg\dataSet\SIH\DATA_Sea_ice_drift_concentration\ice_conc_sh_polstere-100_multi_202510201200.nc","8063773","23-09-2026 02:10:56","False"
"D:\SIH\IceBerg\dataSet\SIH\DATA_Sea_ice_drift_concentration\ice_conc_sh_polstere-100_multi_202510211200.nc","8075166","23-09-2026 02:10:58","False"
"D:\SIH\IceBerg\dataSet\SIH\DATA_Sea_ice_drift_concentration\ice_conc_sh_polstere-100_multi_202510221200.nc","7980217","23-09-2026 02:11:02","False"
"D:\SIH\IceBerg\dataSet\SIH\DATA_Sea_ice_drift_concentration\ice_conc_sh_polstere-100_multi_202510231200.nc","8045089","23-09-2026 02:11:04","False"
"D:\SIH\IceBerg\dataSet\SIH\DATA_Sea_ice_drift_concentration\ice_conc_sh_polstere-100_multi_202510241200.nc","7939058","23-09-2026 02:11:06","False"
"D:\SIH\IceBerg\dataSet\SIH\DATA_Sea_ice_drift_concentration\ice_conc_sh_polstere-100_multi_202510251200.nc","7973688","23-09-2026 02:11:10","False"
"D:\SIH\IceBerg\dataSet\SIH\DATA_Sea_ice_drift_concentration\ice_conc_sh_polstere-100_multi_202510261200.nc","8025229","23-09-2026 02:11:12","False"
"D:\SIH\IceBerg\dataSet\SIH\DATA_Sea_ice_drift_concentration\ice_conc_sh_polstere-100_multi_202510271200.nc","8120177","23-09-2026 02:11:14","False"
"D:\SIH\IceBerg\dataSet\SIH\DATA_Sea_ice_drift_concentration\ice_conc_sh_polstere-100_multi_202510281200.nc","7904076","23-09-2026 02:11:16","False"
"D:\SIH\IceBerg\dataSet\SIH\DATA_Sea_ice_drift_concentration\ice_conc_sh_polstere-100_multi_202510291200.nc","8016474","23-09-2026 02:11:20","False"
"D:\SIH\IceBerg\dataSet\SIH\DATA_Sea_ice_drift_concentration\ice_conc_sh_polstere-100_multi_202510301200.nc","8052818","23-09-2026 02:11:22","False"
"D:\SIH\IceBerg\dataSet\SIH\DATA_Sea_ice_drift_concentration\ice_conc_sh_polstere-100_multi_202510311200.nc","8103611","23-09-2026 02:11:24","False"
"D:\SIH\IceBerg\dataSet\SIH\DATA_Sea_ice_drift_concentration\ice_conc_sh_polstere-100_multi_202511011200.nc","8197633","23-09-2026 02:11:32","False"
"D:\SIH\IceBerg\dataSet\SIH\DATA_Sea_ice_drift_concentration\ice_conc_sh_polstere-100_multi_202511021200.nc","8020428","23-09-2026 02:11:36","False"
"D:\SIH\IceBerg\dataSet\SIH\DATA_Sea_ice_drift_concentration\ice_conc_sh_polstere-100_multi_202511031200.nc","8071240","23-09-2026 02:11:38","False"
"D:\SIH\IceBerg\dataSet\SIH\DATA_Sea_ice_drift_concentration\ice_conc_sh_polstere-100_multi_202511041200.nc","8188433","23-09-2026 02:11:42","False"
"D:\SIH\IceBerg\dataSet\SIH\DATA_Sea_ice_drift_concentration\ice_conc_sh_polstere-100_multi_202511051200.nc","8157053","23-09-2026 02:11:44","False"
"D:\SIH\IceBerg\dataSet\SIH\DATA_Sea_ice_drift_concentration\ice_conc_sh_polstere-100_multi_202511061200.nc","8034154","23-09-2026 02:11:48","False"
"D:\SIH\IceBerg\dataSet\SIH\DATA_Sea_ice_drift_concentration\ice_conc_sh_polstere-100_multi_202511071200.nc","7996412","23-09-2026 02:11:50","False"
"D:\SIH\IceBerg\dataSet\SIH\DATA_Sea_ice_drift_concentration\ice_conc_sh_polstere-100_multi_202511081200.nc","8153877","23-09-2026 02:11:52","False"
"D:\SIH\IceBerg\dataSet\SIH\DATA_Sea_ice_drift_concentration\ice_conc_sh_polstere-100_multi_202511091200.nc","8025764","23-09-2026 02:11:54","False"
"D:\SIH\IceBerg\dataSet\SIH\DATA_Sea_ice_drift_concentration\ice_conc_sh_polstere-100_multi_202511101200.nc","8055236","23-09-2026 02:11:56","False"
"D:\SIH\IceBerg\dataSet\SIH\DATA_Sea_ice_drift_concentration\ice_conc_sh_polstere-100_multi_202511111200.nc","8033905","23-09-2026 02:12:00","False"
"D:\SIH\IceBerg\dataSet\SIH\DATA_Sea_ice_drift_concentration\ice_conc_sh_polstere-100_multi_202511121200.nc","7882446","23-09-2026 02:12:02","False"
"D:\SIH\IceBerg\dataSet\SIH\DATA_Sea_ice_drift_concentration\ice_conc_sh_polstere-100_multi_202511131200.nc","8090644","23-09-2026 02:12:04","False"
"D:\SIH\IceBerg\dataSet\SIH\DATA_Sea_ice_drift_concentration\ice_conc_sh_polstere-100_multi_202511141200.nc","8038897","23-09-2026 02:12:06","False"
"D:\SIH\IceBerg\dataSet\SIH\DATA_Sea_ice_drift_concentration\ice_conc_sh_polstere-100_multi_202511151200.nc","8151243","23-09-2026 02:12:10","False"
"D:\SIH\IceBerg\dataSet\SIH\DATA_Sea_ice_drift_concentration\ice_conc_sh_polstere-100_multi_202511161200.nc","7989236","23-09-2026 02:12:12","False"
"D:\SIH\IceBerg\dataSet\SIH\DATA_Sea_ice_drift_concentration\ice_conc_sh_polstere-100_multi_202511171200.nc","8039718","23-09-2026 02:12:16","False"
"D:\SIH\IceBerg\dataSet\SIH\DATA_Sea_ice_drift_concentration\ice_conc_sh_polstere-100_multi_202511181200.nc","8001289","23-09-2026 02:12:18","False"
"D:\SIH\IceBerg\dataSet\SIH\DATA_Sea_ice_drift_concentration\ice_conc_sh_polstere-100_multi_202511191200.nc","8103811","23-09-2026 02:12:20","False"
"D:\SIH\IceBerg\dataSet\SIH\DATA_Sea_ice_drift_concentration\ice_conc_sh_polstere-100_multi_202511201200.nc","7948609","23-09-2026 02:12:24","False"
"D:\SIH\IceBerg\dataSet\SIH\DATA_Sea_ice_drift_concentration\ice_conc_sh_polstere-100_multi_202511211200.nc","8021470","23-09-2026 02:12:26","False"
"D:\SIH\IceBerg\dataSet\SIH\DATA_Sea_ice_drift_concentration\ice_conc_sh_polstere-100_multi_202511221200.nc","7935620","23-09-2026 02:12:28","False"
"D:\SIH\IceBerg\dataSet\SIH\DATA_Sea_ice_drift_concentration\ice_conc_sh_polstere-100_multi_202511231200.nc","7933867","23-09-2026 02:12:30","False"
"D:\SIH\IceBerg\dataSet\SIH\DATA_Sea_ice_drift_concentration\ice_conc_sh_polstere-100_multi_202511241200.nc","8000063","23-09-2026 02:12:34","False"
"D:\SIH\IceBerg\dataSet\SIH\DATA_Sea_ice_drift_concentration\ice_conc_sh_polstere-100_multi_202511251200.nc","7930808","23-09-2026 02:12:38","False"
"D:\SIH\IceBerg\dataSet\SIH\DATA_Sea_ice_drift_concentration\ice_conc_sh_polstere-100_multi_202511261200.nc","8051296","23-09-2026 02:12:40","False"
"D:\SIH\IceBerg\dataSet\SIH\DATA_Sea_ice_drift_concentration\ice_conc_sh_polstere-100_multi_202511271200.nc","8119750","23-09-2026 02:12:42","False"
"D:\SIH\IceBerg\dataSet\SIH\DATA_Sea_ice_drift_concentration\ice_conc_sh_polstere-100_multi_202511281200.nc","8097135","23-09-2026 02:12:44","False"
"D:\SIH\IceBerg\dataSet\SIH\DATA_Sea_ice_drift_concentration\ice_conc_sh_polstere-100_multi_202511291200.nc","8043952","23-09-2026 02:12:48","False"
"D:\SIH\IceBerg\dataSet\SIH\DATA_Sea_ice_drift_concentration\ice_conc_sh_polstere-100_multi_202511301200.nc","7882953","23-09-2026 02:12:50","False"
"D:\SIH\IceBerg\dataSet\SIH\DATA_Sea_ice_drift_concentration\ice_conc_sh_polstere-100_multi_202512011200.nc","7999165","23-09-2026 02:13:18","False"
"D:\SIH\IceBerg\dataSet\SIH\DATA_Sea_ice_drift_concentration\ice_conc_sh_polstere-100_multi_202512021200.nc","7974847","23-09-2026 02:13:22","False"
"D:\SIH\IceBerg\dataSet\SIH\DATA_Sea_ice_drift_concentration\ice_conc_sh_polstere-100_multi_202512031200.nc","8020689","23-09-2026 02:13:24","False"
"D:\SIH\IceBerg\dataSet\SIH\DATA_Sea_ice_drift_concentration\ice_conc_sh_polstere-100_multi_202512041200.nc","8013804","23-09-2026 02:13:28","False"
"D:\SIH\IceBerg\dataSet\SIH\DATA_Sea_ice_drift_concentration\ice_conc_sh_polstere-100_multi_202512051200.nc","8030383","23-09-2026 02:13:30","False"
"D:\SIH\IceBerg\dataSet\SIH\DATA_Sea_ice_drift_concentration\ice_conc_sh_polstere-100_multi_202512061200.nc","7940248","23-09-2026 02:13:34","False"
"D:\SIH\IceBerg\dataSet\SIH\DATA_Sea_ice_drift_concentration\ice_conc_sh_polstere-100_multi_202601011200.nc","8046516","23-09-2026 02:15:56","False"
"D:\SIH\IceBerg\dataSet\SIH\DATA_Sea_ice_drift_concentration\ice_conc_sh_polstere-100_multi_202601021200.nc","8025387","23-09-2026 02:15:58","False"
"D:\SIH\IceBerg\dataSet\SIH\DATA_Sea_ice_drift_concentration\ice_conc_sh_polstere-100_multi_202601031200.nc","8071844","23-09-2026 02:16:02","False"
"D:\SIH\IceBerg\dataSet\SIH\DATA_Sea_ice_drift_concentration\ice_conc_sh_polstere-100_multi_202601041200.nc","8007280","23-09-2026 02:16:04","False"
"D:\SIH\IceBerg\dataSet\SIH\DATA_Sea_ice_drift_concentration\ice_conc_sh_polstere-100_multi_202601051200.nc","8311881","23-09-2026 02:16:06","False"
"D:\SIH\IceBerg\dataSet\SIH\DATA_Sea_ice_drift_concentration\ice_conc_sh_polstere-100_multi_202601061200.nc","8046870","23-09-2026 02:16:10","False"
"D:\SIH\IceBerg\dataSet\SIH\DATA_Sea_ice_drift_concentration\ice_conc_sh_polstere-100_multi_202601071200.nc","7976035","23-09-2026 02:16:12","False"
"D:\SIH\IceBerg\dataSet\SIH\DATA_Sea_ice_drift_concentration\ice_conc_sh_polstere-100_multi_202601081200.nc","8089181","23-09-2026 02:16:14","False"
"D:\SIH\IceBerg\dataSet\SIH\DATA_Sea_ice_drift_concentration\ice_conc_sh_polstere-100_multi_202601091200.nc","7954171","23-09-2026 02:16:18","False"
"D:\SIH\IceBerg\dataSet\SIH\DATA_Sea_ice_drift_concentration\ice_conc_sh_polstere-100_multi_202601101200.nc","8266610","23-09-2026 02:16:20","False"
"D:\SIH\IceBerg\dataSet\SIH\DATA_Sea_ice_drift_concentration\ice_conc_sh_polstere-100_multi_202601111200.nc","7967550","23-09-2026 02:16:22","False"
"D:\SIH\IceBerg\dataSet\SIH\DATA_Sea_ice_drift_concentration\ice_conc_sh_polstere-100_multi_202601121200.nc","8183664","23-09-2026 02:16:26","False"
"D:\SIH\IceBerg\dataSet\SIH\DATA_Sea_ice_drift_concentration\ice_conc_sh_polstere-100_multi_202601131200.nc","8112520","23-09-2026 02:16:28","False"
"D:\SIH\IceBerg\dataSet\SIH\DATA_Sea_ice_drift_concentration\ice_conc_sh_polstere-100_multi_202601141200.nc","8096001","23-09-2026 02:16:32","False"
"D:\SIH\IceBerg\dataSet\SIH\DATA_Sea_ice_drift_concentration\ice_conc_sh_polstere-100_multi_202601151200.nc","7997700","23-09-2026 02:16:34","False"
"D:\SIH\IceBerg\dataSet\SIH\DATA_Sea_ice_drift_concentration\ice_conc_sh_polstere-100_multi_202601161200.nc","7803929","23-09-2026 02:16:36","False"
"D:\SIH\IceBerg\dataSet\SIH\DATA_Sea_ice_drift_concentration\ice_conc_sh_polstere-100_multi_202601171200.nc","8116610","23-09-2026 02:16:38","False"
"D:\SIH\IceBerg\dataSet\SIH\DATA_Sea_ice_drift_concentration\ice_conc_sh_polstere-100_multi_202601181200.nc","7576259","23-09-2026 02:16:42","False"
"D:\SIH\IceBerg\dataSet\SIH\DATA_Sea_ice_drift_concentration\ice_conc_sh_polstere-100_multi_202601191200.nc","7974865","23-09-2026 02:16:44","False"
"D:\SIH\IceBerg\dataSet\SIH\DATA_Sea_ice_drift_concentration\ice_conc_sh_polstere-100_multi_202601201200.nc","7730985","23-09-2026 02:16:48","False"
"D:\SIH\IceBerg\dataSet\SIH\DATA_Sea_ice_drift_concentration\ice_conc_sh_polstere-100_multi_202601211200.nc","5853451","23-09-2026 02:16:50","False"
"D:\SIH\IceBerg\dataSet\SIH\DATA_Sea_ice_drift_concentration\ice_conc_sh_polstere-100_multi_202601221200.nc","6235895","23-09-2026 02:16:52","False"
"D:\SIH\IceBerg\dataSet\SIH\DATA_Sea_ice_drift_concentration\ice_conc_sh_polstere-100_multi_202601231200.nc","8055566","23-09-2026 02:16:54","False"
"D:\SIH\IceBerg\dataSet\SIH\DATA_Sea_ice_drift_concentration\ice_conc_sh_polstere-100_multi_202601241200.nc","8289105","23-09-2026 02:16:58","False"
"D:\SIH\IceBerg\dataSet\SIH\DATA_Sea_ice_drift_concentration\ice_conc_sh_polstere-100_multi_202601251200.nc","7973083","23-09-2026 02:17:00","False"
"D:\SIH\IceBerg\dataSet\SIH\DATA_Sea_ice_drift_concentration\ice_conc_sh_polstere-100_multi_202601261200.nc","8025261","23-09-2026 02:17:04","False"
"D:\SIH\IceBerg\dataSet\SIH\DATA_Sea_ice_drift_concentration\ice_conc_sh_polstere-100_multi_202601271200.nc","8248076","23-09-2026 02:17:06","False"
"D:\SIH\IceBerg\dataSet\SIH\DATA_Sea_ice_drift_concentration\ice_conc_sh_polstere-100_multi_202601281200.nc","8155920","23-09-2026 02:17:08","False"
"D:\SIH\IceBerg\dataSet\SIH\DATA_Sea_ice_drift_concentration\ice_conc_sh_polstere-100_multi_202601291200.nc","6817182","23-09-2026 02:17:10","False"
"D:\SIH\IceBerg\dataSet\SIH\DATA_Sea_ice_drift_concentration\ice_conc_sh_polstere-100_multi_202601301200.nc","7402376","23-09-2026 02:17:14","False"
"D:\SIH\IceBerg\dataSet\SIH\DATA_Sea_ice_drift_concentration\ice_conc_sh_polstere-100_multi_202601311200.nc","7540419","23-09-2026 02:17:16","False"
"D:\SIH\IceBerg\dataSet\SIH\DATA_Sea_ice_drift_concentration\ice_conc_sh_polstere-100_multi_202602011200.nc","7088477","23-09-2026 02:17:22","False"
"D:\SIH\IceBerg\dataSet\SIH\DATA_Sea_ice_drift_concentration\ice_conc_sh_polstere-100_multi_202602021200.nc","6510979","23-09-2026 02:17:26","False"
"D:\SIH\IceBerg\dataSet\SIH\DATA_Sea_ice_drift_concentration\ice_conc_sh_polstere-100_multi_202602031200.nc","6875652","23-09-2026 02:17:26","False"
"D:\SIH\IceBerg\dataSet\SIH\DATA_Sea_ice_drift_concentration\ice_conc_sh_polstere-100_multi_202602041200.nc","8160738","23-09-2026 02:17:30","False"
"D:\SIH\IceBerg\dataSet\SIH\DATA_Sea_ice_drift_concentration\ice_conc_sh_polstere-100_multi_202602051200.nc","7021710","23-09-2026 02:17:32","False"
"D:\SIH\IceBerg\dataSet\SIH\DATA_Sea_ice_drift_concentration\ice_conc_sh_polstere-100_multi_202602101200.nc","6740123","23-09-2026 02:17:34","False"
"D:\SIH\IceBerg\dataSet\SIH\DATA_Sea_ice_drift_concentration\ice_conc_sh_polstere-100_multi_202602111200.nc","8213852","23-09-2026 02:17:38","False"
"D:\SIH\IceBerg\dataSet\SIH\DATA_Sea_ice_drift_concentration\ice_conc_sh_polstere-100_multi_202602121200.nc","8224918","23-09-2026 02:17:42","False"
"D:\SIH\IceBerg\dataSet\SIH\DATA_Sea_ice_drift_concentration\ice_conc_sh_polstere-100_multi_202602131200.nc","8425470","23-09-2026 02:17:44","False"
"D:\SIH\IceBerg\dataSet\SIH\DATA_Sea_ice_drift_concentration\ice_conc_sh_polstere-100_multi_202602141200.nc","8245862","23-09-2026 02:17:48","False"
"D:\SIH\IceBerg\dataSet\SIH\DATA_Sea_ice_drift_concentration\ice_conc_sh_polstere-100_multi_202602151200.nc","8237659","23-09-2026 02:17:50","False"
"D:\SIH\IceBerg\dataSet\SIH\DATA_Sea_ice_drift_concentration\ice_conc_sh_polstere-100_multi_202602161200.nc","8221902","23-09-2026 02:17:56","False"
"D:\SIH\IceBerg\dataSet\SIH\DATA_Sea_ice_drift_concentration\ice_conc_sh_polstere-100_multi_202602171200.nc","8315666","23-09-2026 02:18:02","False"
"D:\SIH\IceBerg\dataSet\SIH\DATA_Sea_ice_drift_concentration\ice_conc_sh_polstere-100_multi_202602181200.nc","8128980","23-09-2026 02:18:04","False"
"D:\SIH\IceBerg\dataSet\SIH\DATA_Sea_ice_drift_concentration\ice_conc_sh_polstere-100_multi_202602191200.nc","8193072","23-09-2026 02:18:08","False"
"D:\SIH\IceBerg\dataSet\SIH\DATA_Sea_ice_drift_concentration\ice_conc_sh_polstere-100_multi_202602201200.nc","8217509","23-09-2026 02:18:10","False"
"D:\SIH\IceBerg\dataSet\SIH\DATA_Sea_ice_drift_concentration\ice_conc_sh_polstere-100_multi_202602211200.nc","8181646","23-09-2026 02:18:14","False"
"D:\SIH\IceBerg\dataSet\SIH\DATA_Sea_ice_drift_concentration\ice_conc_sh_polstere-100_multi_202602221200.nc","8044232","23-09-2026 02:18:16","False"
"D:\SIH\IceBerg\dataSet\SIH\DATA_Sea_ice_drift_concentration\ice_conc_sh_polstere-100_multi_202602231200.nc","8017259","23-09-2026 02:18:18","False"
"D:\SIH\IceBerg\dataSet\SIH\DATA_Sea_ice_drift_concentration\ice_conc_sh_polstere-100_multi_202602241200.nc","7916651","23-09-2026 02:18:22","False"
"D:\SIH\IceBerg\dataSet\SIH\DATA_Sea_ice_drift_concentration\ice_conc_sh_polstere-100_multi_202602251200.nc","8194519","23-09-2026 02:18:26","False"
"D:\SIH\IceBerg\dataSet\SIH\DATA_Sea_ice_drift_concentration\ice_conc_sh_polstere-100_multi_202602261200.nc","8263153","23-09-2026 02:18:28","False"
"D:\SIH\IceBerg\dataSet\SIH\DATA_Sea_ice_drift_concentration\ice_conc_sh_polstere-100_multi_202602271200.nc","8356602","23-09-2026 02:18:32","False"
"D:\SIH\IceBerg\dataSet\SIH\DATA_Sea_ice_drift_concentration\ice_conc_sh_polstere-100_multi_202602281200.nc","8312437","23-09-2026 02:18:34","False"
"D:\SIH\IceBerg\dataSet\SIH\DATA_Sea_ice_drift_concentration\ice_conc_sh_polstere-100_multi_202603011200.nc","8212367","23-09-2026 02:18:40","False"
"D:\SIH\IceBerg\dataSet\SIH\DATA_Sea_ice_drift_concentration\ice_conc_sh_polstere-100_multi_202603021200.nc","8250445","23-09-2026 02:18:44","False"
"D:\SIH\IceBerg\dataSet\SIH\DATA_Sea_ice_drift_concentration\ice_conc_sh_polstere-100_multi_202603031200.nc","8232589","23-09-2026 02:18:46","False"
"D:\SIH\IceBerg\dataSet\SIH\DATA_Sea_ice_drift_concentration\ice_conc_sh_polstere-100_multi_202603041200.nc","8188167","23-09-2026 02:18:50","False"
"D:\SIH\IceBerg\dataSet\SIH\DATA_Sea_ice_drift_concentration\ice_conc_sh_polstere-100_multi_202603111200.nc","8237175","23-09-2026 02:18:52","False"
"D:\SIH\IceBerg\dataSet\SIH\DATA_Sea_ice_drift_concentration\ice_conc_sh_polstere-100_multi_202603121200.nc","8382063","23-09-2026 02:18:58","False"
"D:\SIH\IceBerg\dataSet\SIH\DATA_Sea_ice_drift_concentration\ice_conc_sh_polstere-100_multi_202603131200.nc","8475028","23-09-2026 02:19:04","False"
"D:\SIH\IceBerg\dataSet\SIH\DATA_Sea_ice_drift_concentration\ice_conc_sh_polstere-100_multi_202603141200.nc","8249547","23-09-2026 02:19:06","False"
"D:\SIH\IceBerg\dataSet\SIH\DATA_Sea_ice_drift_concentration\ice_conc_sh_polstere-100_multi_202603151200.nc","8223404","23-09-2026 02:19:10","False"
"D:\SIH\IceBerg\dataSet\SIH\DATA_Sea_ice_drift_concentration\ice_conc_sh_polstere-100_multi_202603161200.nc","8193267","23-09-2026 02:19:12","False"
"D:\SIH\IceBerg\dataSet\SIH\DATA_Sea_ice_drift_concentration\ice_conc_sh_polstere-100_multi_202603171200.nc","8298268","23-09-2026 02:19:16","False"
"D:\SIH\IceBerg\dataSet\SIH\DATA_Sea_ice_drift_concentration\ice_conc_sh_polstere-100_multi_202603181200.nc","8229085","23-09-2026 02:19:18","False"
"D:\SIH\IceBerg\dataSet\SIH\DATA_Sea_ice_drift_concentration\ice_conc_sh_polstere-100_multi_202603191200.nc","8106211","23-09-2026 02:19:22","False"
"D:\SIH\IceBerg\dataSet\SIH\DATA_Sea_ice_drift_concentration\ice_conc_sh_polstere-100_multi_202603201200.nc","8220413","23-09-2026 02:19:24","False"
"D:\SIH\IceBerg\dataSet\SIH\DATA_Sea_ice_drift_concentration\ice_conc_sh_polstere-100_multi_202603211200.nc","8323829","23-09-2026 02:19:28","False"
"D:\SIH\IceBerg\dataSet\SIH\DATA_Sea_ice_drift_concentration\ice_conc_sh_polstere-100_multi_202603221200.nc","8177955","23-09-2026 02:19:30","False"
"D:\SIH\IceBerg\dataSet\SIH\DATA_Sea_ice_drift_concentration\ice_conc_sh_polstere-100_multi_202603231200.nc","8221743","23-09-2026 02:19:34","False"
"D:\SIH\IceBerg\dataSet\SIH\DATA_Sea_ice_drift_concentration\ice_conc_sh_polstere-100_multi_202603241200.nc","8230235","23-09-2026 02:19:36","False"
"D:\SIH\IceBerg\dataSet\SIH\DATA_Sea_ice_drift_concentration\ice_conc_sh_polstere-100_multi_202603251200.nc","8304985","23-09-2026 02:19:38","False"
"D:\SIH\IceBerg\dataSet\SIH\DATA_Sea_ice_drift_concentration\ice_conc_sh_polstere-100_multi_202603261200.nc","8346954","23-09-2026 02:19:42","False"
"D:\SIH\IceBerg\dataSet\SIH\DATA_Sea_ice_drift_concentration\ice_conc_sh_polstere-100_multi_202603271200.nc","8282648","23-09-2026 02:19:44","False"
"D:\SIH\IceBerg\dataSet\SIH\DATA_Sea_ice_drift_concentration\ice_conc_sh_polstere-100_multi_202603281200.nc","8281946","23-09-2026 02:19:46","False"
"D:\SIH\IceBerg\dataSet\SIH\DATA_Sea_ice_drift_concentration\ice_conc_sh_polstere-100_multi_202603291200.nc","8057387","23-09-2026 02:19:50","False"
"D:\SIH\IceBerg\dataSet\SIH\DATA_Sea_ice_drift_concentration\ice_conc_sh_polstere-100_multi_202603301200.nc","7987177","23-09-2026 02:19:52","False"
"D:\SIH\IceBerg\dataSet\SIH\DATA_Sea_ice_drift_concentration\ice_conc_sh_polstere-100_multi_202603311200.nc","8141269","23-09-2026 02:19:54","False"
"D:\SIH\IceBerg\dataSet\SIH\DATA_Sea_ice_drift_concentration\ice_conc_sh_polstere-100_multi_202604011200.nc","8306169","23-09-2026 02:19:58","False"
"D:\SIH\IceBerg\dataSet\SIH\DATA_Sea_ice_drift_concentration\ice_conc_sh_polstere-100_multi_202604021200.nc","8240694","23-09-2026 02:20:02","False"
"D:\SIH\IceBerg\dataSet\SIH\DATA_Sea_ice_drift_concentration\ice_conc_sh_polstere-100_multi_202604031200.nc","8174023","23-09-2026 02:20:04","False"
"D:\SIH\IceBerg\dataSet\SIH\DATA_Sea_ice_drift_concentration\ice_conc_sh_polstere-100_multi_202604041200.nc","8022495","23-09-2026 02:20:08","False"
"D:\SIH\IceBerg\dataSet\SIH\DATA_Sea_ice_drift_concentration\ice_conc_sh_polstere-100_multi_202604051200.nc","8145665","23-09-2026 02:20:10","False"
"D:\SIH\IceBerg\dataSet\SIH\DATA_Sea_ice_drift_concentration\ice_conc_sh_polstere-100_multi_202604061200.nc","8249557","23-09-2026 02:20:12","False"
"D:\SIH\IceBerg\dataSet\SIH\DATA_Sea_ice_drift_concentration\ice_conc_sh_polstere-100_multi_202604071200.nc","8271832","23-09-2026 02:20:16","False"
"D:\SIH\IceBerg\dataSet\SIH\DATA_Sea_ice_drift_concentration\ice_conc_sh_polstere-100_multi_202604081200.nc","8211154","23-09-2026 02:20:20","False"
"D:\SIH\IceBerg\dataSet\SIH\DATA_Sea_ice_drift_concentration\ice_conc_sh_polstere-100_multi_202604091200.nc","8207697","23-09-2026 02:20:22","False"
"D:\SIH\IceBerg\dataSet\SIH\DATA_Sea_ice_drift_concentration\ice_conc_sh_polstere-100_multi_202604101200.nc","8035311","23-09-2026 02:20:26","False"
"D:\SIH\IceBerg\dataSet\SIH\DATA_Sea_ice_drift_concentration\ice_conc_sh_polstere-100_multi_202604111200.nc","8246997","23-09-2026 02:20:28","False"
"D:\SIH\IceBerg\dataSet\SIH\DATA_Sea_ice_drift_concentration\ice_conc_sh_polstere-100_multi_202604121200.nc","8043449","23-09-2026 02:20:32","False"
"D:\SIH\IceBerg\dataSet\SIH\DATA_Sea_ice_drift_concentration\ice_conc_sh_polstere-100_multi_202604131200.nc","8211943","23-09-2026 02:20:34","False"
"D:\SIH\IceBerg\dataSet\SIH\DATA_Sea_ice_drift_concentration\ice_conc_sh_polstere-100_multi_202604141200.nc","8187398","23-09-2026 02:20:38","False"
"D:\SIH\IceBerg\dataSet\SIH\DATA_Sea_ice_drift_concentration\ice_conc_sh_polstere-100_multi_202604151200.nc","8155830","23-09-2026 02:20:42","False"
"D:\SIH\IceBerg\dataSet\SIH\DATA_Sea_ice_drift_concentration\ice_conc_sh_polstere-100_multi_202604161200.nc","8051739","23-09-2026 02:20:44","False"
"D:\SIH\IceBerg\dataSet\SIH\DATA_Sea_ice_drift_concentration\ice_conc_sh_polstere-100_multi_202604201200.nc","8197042","23-09-2026 02:20:46","False"
"D:\SIH\IceBerg\dataSet\SIH\DATA_Sea_ice_drift_concentration\ice_conc_sh_polstere-100_multi_202604211200.nc","8284751","23-09-2026 02:20:48","False"
"D:\SIH\IceBerg\dataSet\SIH\DATA_Sea_ice_drift_concentration\ice_conc_sh_polstere-100_multi_202604221200.nc","8212918","23-09-2026 02:20:52","False"
"D:\SIH\IceBerg\dataSet\SIH\DATA_Sea_ice_drift_concentration\ice_conc_sh_polstere-100_multi_202604231200.nc","8169260","23-09-2026 02:20:54","False"
"D:\SIH\IceBerg\dataSet\SIH\DATA_Sea_ice_drift_concentration\ice_conc_sh_polstere-100_multi_202604241200.nc","8108718","23-09-2026 02:20:56","False"
"D:\SIH\IceBerg\dataSet\SIH\DATA_Sea_ice_drift_concentration\ice_conc_sh_polstere-100_multi_202604251200.nc","8183492","23-09-2026 02:21:00","False"
"D:\SIH\IceBerg\dataSet\SIH\DATA_Sea_ice_drift_concentration\ice_conc_sh_polstere-100_multi_202604261200.nc","8135779","23-09-2026 02:21:02","False"
"D:\SIH\IceBerg\dataSet\SIH\DATA_Sea_ice_drift_concentration\ice_conc_sh_polstere-100_multi_202604271200.nc","8074666","23-09-2026 02:21:06","False"
"D:\SIH\IceBerg\dataSet\SIH\DATA_Sea_ice_drift_concentration\ice_conc_sh_polstere-100_multi_202604281200.nc","8136049","23-09-2026 02:21:08","False"
"D:\SIH\IceBerg\dataSet\SIH\DATA_Sea_ice_drift_concentration\ice_conc_sh_polstere-100_multi_202604291200.nc","8069689","23-09-2026 02:21:12","False"
"D:\SIH\IceBerg\dataSet\SIH\DATA_Sea_ice_drift_concentration\ice_conc_sh_polstere-100_multi_202604301200.nc","8214172","23-09-2026 02:21:14","False"
"D:\SIH\IceBerg\dataSet\SIH\DATA_Sea_ice_drift_concentration\ice_conc_sh_polstere-100_multi_202605011200.nc","8060687","23-09-2026 02:21:58","False"
"D:\SIH\IceBerg\dataSet\SIH\DATA_Sea_ice_drift_concentration\ice_conc_sh_polstere-100_multi_202605021200.nc","8086949","23-09-2026 02:22:00","False"
"D:\SIH\IceBerg\dataSet\SIH\DATA_Sea_ice_drift_concentration\ice_conc_sh_polstere-100_multi_202605031200.nc","8009455","23-09-2026 02:22:04","False"
"D:\SIH\IceBerg\dataSet\SIH\DATA_Sea_ice_drift_concentration\ice_conc_sh_polstere-100_multi_202605041200.nc","8191523","23-09-2026 02:22:06","False"
"D:\SIH\IceBerg\dataSet\SIH\DATA_Sea_ice_drift_concentration\ice_conc_sh_polstere-100_multi_202605051200.nc","8232440","23-09-2026 02:22:08","False"
"D:\SIH\IceBerg\dataSet\SIH\DATA_Sea_ice_drift_concentration\ice_conc_sh_polstere-100_multi_202605061200.nc","8191132","23-09-2026 02:22:10","False"
"D:\SIH\IceBerg\dataSet\SIH\DATA_Sea_ice_drift_concentration\ice_conc_sh_polstere-100_multi_202605071200.nc","8215327","23-09-2026 02:22:14","False"
"D:\SIH\IceBerg\dataSet\SIH\DATA_Sea_ice_drift_concentration\ice_conc_sh_polstere-100_multi_202605081200.nc","8097013","23-09-2026 02:22:16","False"
"D:\SIH\IceBerg\dataSet\SIH\DATA_Sea_ice_drift_concentration\ice_conc_sh_polstere-100_multi_202605091200.nc","8146973","23-09-2026 02:22:18","False"
"D:\SIH\IceBerg\dataSet\SIH\DATA_Sea_ice_drift_concentration\ice_conc_sh_polstere-100_multi_202605101200.nc","8060563","23-09-2026 02:22:20","False"
"D:\SIH\IceBerg\dataSet\SIH\DATA_Sea_ice_drift_concentration\ice_conc_sh_polstere-100_multi_202605111200.nc","7994979","23-09-2026 02:22:24","False"
"D:\SIH\IceBerg\dataSet\SIH\DATA_Sea_ice_drift_concentration\ice_conc_sh_polstere-100_multi_202605121200.nc","8145665","23-09-2026 02:22:26","False"
"D:\SIH\IceBerg\dataSet\SIH\DATA_Sea_ice_drift_concentration\ice_conc_sh_polstere-100_multi_202605131200.nc","8226200","23-09-2026 02:22:28","False"
"D:\SIH\IceBerg\dataSet\SIH\DATA_Sea_ice_drift_concentration\ice_conc_sh_polstere-100_multi_202605141200.nc","8200006","23-09-2026 02:22:32","False"
"D:\SIH\IceBerg\dataSet\SIH\DATA_Sea_ice_drift_concentration\ice_conc_sh_polstere-100_multi_202605151200.nc","8150249","23-09-2026 02:22:34","False"
"D:\SIH\IceBerg\dataSet\SIH\DATA_Sea_ice_drift_concentration\ice_conc_sh_polstere-100_multi_202605161200.nc","8200973","23-09-2026 02:22:38","False"
"D:\SIH\IceBerg\dataSet\SIH\DATA_Sea_ice_drift_concentration\ice_conc_sh_polstere-100_multi_202605171200.nc","8123667","23-09-2026 02:22:42","False"
"D:\SIH\IceBerg\dataSet\SIH\DATA_Sea_ice_drift_concentration\ice_conc_sh_polstere-100_multi_202605181200.nc","8102827","23-09-2026 02:22:44","False"
"D:\SIH\IceBerg\dataSet\SIH\DATA_Sea_ice_drift_concentration\ice_conc_sh_polstere-100_multi_202605191200.nc","8162908","23-09-2026 02:22:46","False"
"D:\SIH\IceBerg\dataSet\SIH\DATA_Sea_ice_drift_concentration\ice_conc_sh_polstere-100_multi_202605201200.nc","8089206","23-09-2026 02:22:48","False"
"D:\SIH\IceBerg\dataSet\SIH\DATA_Sea_ice_drift_concentration\ice_conc_sh_polstere-100_multi_202605211200.nc","8111196","23-09-2026 02:22:52","False"
"D:\SIH\IceBerg\dataSet\SIH\DATA_Sea_ice_drift_concentration\ice_conc_sh_polstere-100_multi_202605221200.nc","8125042","23-09-2026 02:22:56","False"
"D:\SIH\IceBerg\dataSet\SIH\DATA_Sea_ice_drift_concentration\ice_conc_sh_polstere-100_multi_202605231200.nc","8103349","23-09-2026 02:23:02","False"
"D:\SIH\IceBerg\dataSet\SIH\DATA_Sea_ice_drift_concentration\ice_conc_sh_polstere-100_multi_202605241200.nc","8186817","23-09-2026 02:23:04","False"
"D:\SIH\IceBerg\dataSet\SIH\DATA_Sea_ice_drift_concentration\ice_conc_sh_polstere-100_multi_202605251200.nc","8187554","23-09-2026 02:23:06","False"
"D:\SIH\IceBerg\dataSet\SIH\DATA_Sea_ice_drift_concentration\ice_conc_sh_polstere-100_multi_202605261200.nc","8136758","23-09-2026 02:23:10","False"
"D:\SIH\IceBerg\dataSet\SIH\DATA_Sea_ice_drift_concentration\ice_conc_sh_polstere-100_multi_202605271200.nc","8105449","23-09-2026 02:23:12","False"
"D:\SIH\IceBerg\dataSet\SIH\DATA_Sea_ice_drift_concentration\ice_conc_sh_polstere-100_multi_202605281200.nc","8075810","23-09-2026 02:23:14","False"
"D:\SIH\IceBerg\dataSet\SIH\DATA_Sea_ice_drift_concentration\ice_conc_sh_polstere-100_multi_202605291200.nc","8101091","23-09-2026 02:23:16","False"
"D:\SIH\IceBerg\dataSet\SIH\DATA_Sea_ice_drift_concentration\ice_conc_sh_polstere-100_multi_202605301200.nc","8070530","23-09-2026 02:23:20","False"
"D:\SIH\IceBerg\dataSet\SIH\DATA_Sea_ice_drift_concentration\ice_conc_sh_polstere-100_multi_202605311200.nc","8097832","23-09-2026 02:23:22","False"
"D:\SIH\IceBerg\dataSet\SIH\DATA_Sea_ice_drift_concentration\ice_conc_sh_polstere-100_multi_202606011200.nc","8052534","23-09-2026 02:24:34","False"
"D:\SIH\IceBerg\dataSet\SIH\DATA_Sea_ice_drift_concentration\ice_conc_sh_polstere-100_multi_202606021200.nc","8116066","23-09-2026 02:24:40","False"
"D:\SIH\IceBerg\dataSet\SIH\DATA_Sea_ice_drift_concentration\ice_conc_sh_polstere-100_multi_202606031200.nc","7983916","23-09-2026 02:24:42","False"
"D:\SIH\IceBerg\dataSet\SIH\DATA_Sea_ice_drift_concentration\ice_conc_sh_polstere-100_multi_202606041200.nc","8057125","23-09-2026 02:24:46","False"
"D:\SIH\IceBerg\dataSet\SIH\DATA_Sea_ice_drift_concentration\ice_conc_sh_polstere-100_multi_202606091200.nc","6749773","23-09-2026 02:24:48","False"
"D:\SIH\IceBerg\dataSet\SIH\DATA_Sea_ice_drift_concentration\ice_conc_sh_polstere-100_multi_202606101200.nc","8074340","23-09-2026 02:24:50","False"
"D:\SIH\IceBerg\dataSet\SIH\DATA_Sea_ice_drift_concentration\ice_conc_sh_polstere-100_multi_202606111200.nc","7815786","23-09-2026 02:24:54","False"
"D:\SIH\IceBerg\dataSet\SIH\DATA_Sea_ice_drift_concentration\ice_conc_sh_polstere-100_multi_202606121200.nc","7135244","23-09-2026 02:24:56","False"
"D:\SIH\IceBerg\dataSet\SIH\DATA_Sea_ice_drift_concentration\ice_conc_sh_polstere-100_multi_202606131200.nc","8352817","23-09-2026 02:24:58","False"
"D:\SIH\IceBerg\dataSet\SIH\DATA_Sea_ice_drift_concentration\ice_conc_sh_polstere-100_multi_202606141200.nc","8265154","23-09-2026 02:25:02","False"
"D:\SIH\IceBerg\dataSet\SIH\DATA_Sea_ice_drift_concentration\ice_conc_sh_polstere-100_multi_202606151200.nc","8231180","23-09-2026 02:25:04","False"
"D:\SIH\IceBerg\dataSet\SIH\DATA_Sea_ice_drift_concentration\ice_conc_sh_polstere-100_multi_202606161200.nc","8132524","23-09-2026 02:25:06","False"
"D:\SIH\IceBerg\dataSet\SIH\DATA_Sea_ice_drift_concentration\ice_conc_sh_polstere-100_multi_202606171200.nc","8042531","23-09-2026 02:25:10","False"
"D:\SIH\IceBerg\dataSet\SIH\DATA_Sea_ice_drift_concentration\ice_conc_sh_polstere-100_multi_202606181200.nc","8131592","23-09-2026 02:25:12","False"
"D:\SIH\IceBerg\dataSet\SIH\DATA_Sea_ice_drift_concentration\ice_conc_sh_polstere-100_multi_202606191200.nc","7980538","23-09-2026 02:25:14","False"
"D:\SIH\IceBerg\dataSet\SIH\DATA_Sea_ice_drift_concentration\ice_conc_sh_polstere-100_multi_202606231200.nc","7123391","23-09-2026 02:25:16","False"
"D:\SIH\IceBerg\dataSet\SIH\DATA_Sea_ice_drift_concentration\ice_conc_sh_polstere-100_multi_202606241200.nc","8367262","23-09-2026 02:25:20","False"
"D:\SIH\IceBerg\dataSet\SIH\DATA_Sea_ice_drift_concentration\ice_conc_sh_polstere-100_multi_202606251200.nc","8100267","23-09-2026 02:25:22","False"
"D:\SIH\IceBerg\dataSet\SIH\DATA_Sea_ice_drift_concentration\ice_conc_sh_polstere-100_multi_202606261200.nc","8198445","23-09-2026 02:25:24","False"
"D:\SIH\IceBerg\dataSet\SIH\DATA_Sea_ice_drift_concentration\ice_conc_sh_polstere-100_multi_202606271200.nc","8086039","23-09-2026 02:25:26","False"
"D:\SIH\IceBerg\dataSet\SIH\DATA_Sea_ice_drift_concentration\ice_conc_sh_polstere-100_multi_202606281200.nc","8038870","23-09-2026 02:25:30","False"
"D:\SIH\IceBerg\dataSet\SIH\DATA_Sea_ice_drift_concentration\ice_conc_sh_polstere-100_multi_202606291200.nc","8100775","23-09-2026 02:25:34","False"
"D:\SIH\IceBerg\dataSet\SIH\DATA_Sea_ice_drift_concentration\ice_conc_sh_polstere-100_multi_202606301200.nc","8103908","23-09-2026 02:25:36","False"
"D:\SIH\IceBerg\dataSet\SIH\DATA_Sea_ice_drift_concentration\ice_conc_sh_polstere-100_multi_202607011200.nc","7794780","23-09-2026 02:25:44","False"
"D:\SIH\IceBerg\dataSet\SIH\DATA_Sea_ice_drift_concentration\ice_conc_sh_polstere-100_multi_202607021200.nc","8113161","23-09-2026 02:25:46","False"
"D:\SIH\IceBerg\dataSet\SIH\DATA_Sea_ice_drift_concentration\ice_conc_sh_polstere-100_multi_202607031200.nc","8017982","23-09-2026 02:25:48","False"
"D:\SIH\IceBerg\dataSet\SIH\DATA_Sea_ice_drift_concentration\ice_conc_sh_polstere-100_multi_202607041200.nc","7946437","23-09-2026 02:25:52","False"
"D:\SIH\IceBerg\dataSet\SIH\DATA_Sea_ice_drift_concentration\ice_conc_sh_polstere-100_multi_202607051200.nc","8043285","23-09-2026 02:25:54","False"
"D:\SIH\IceBerg\dataSet\SIH\DATA_Sea_ice_drift_concentration\ice_conc_sh_polstere-100_multi_202607061200.nc","8018321","23-09-2026 02:25:58","False"
"D:\SIH\IceBerg\dataSet\SIH\DATA_Sea_ice_drift_concentration\ice_conc_sh_polstere-100_multi_202607071200.nc","8043389","23-09-2026 02:26:00","False"
"D:\SIH\IceBerg\dataSet\SIH\DATA_Sea_ice_drift_concentration\ice_conc_sh_polstere-100_multi_202607081200.nc","7958825","23-09-2026 02:26:02","False"
"D:\SIH\IceBerg\dataSet\SIH\DATA_Sea_ice_drift_concentration\ice_conc_sh_polstere-100_multi_202607091200.nc","7912291","23-09-2026 02:26:06","False"
"D:\SIH\IceBerg\dataSet\SIH\DATA_Sea_ice_drift_concentration\ice_conc_sh_polstere-100_multi_202607101200.nc","7917532","23-09-2026 02:26:08","False"
"D:\SIH\IceBerg\dataSet\SIH\DATA_Sea_ice_drift_concentration\ice_conc_sh_polstere-100_multi_202607111200.nc","8013238","23-09-2026 02:26:10","False"
"D:\SIH\IceBerg\dataSet\SIH\DATA_Sea_ice_drift_concentration\ice_conc_sh_polstere-100_multi_202607121200.nc","7971053","23-09-2026 02:26:14","False"
"D:\SIH\IceBerg\dataSet\SIH\DATA_Sea_ice_drift_concentration\ice_conc_sh_polstere-100_multi_202607131200.nc","7998097","23-09-2026 02:26:16","False"
"D:\SIH\IceBerg\dataSet\SIH\DATA_Sea_ice_drift_concentration\ice_conc_sh_polstere-100_multi_202607141200.nc","8087564","23-09-2026 02:26:18","False"
"D:\SIH\IceBerg\dataSet\SIH\DATA_Sea_ice_drift_concentration\ice_conc_sh_polstere-100_multi_202607151200.nc","8216466","23-09-2026 02:26:22","False"
"D:\SIH\IceBerg\dataSet\SIH\DATA_Sea_ice_drift_concentration\ice_conc_sh_polstere-100_multi_202607161200.nc","7951514","23-09-2026 02:26:24","False"
"D:\SIH\IceBerg\dataSet\SIH\DATA_Sea_ice_drift_concentration\ice_conc_sh_polstere-100_multi_202607171200.nc","7855696","23-09-2026 02:26:26","False"
"D:\SIH\IceBerg\dataSet\SIH\DATA_Sea_ice_drift_concentration\ice_conc_sh_polstere-100_multi_202607181200.nc","7901097","23-09-2026 02:26:30","False"
"D:\SIH\IceBerg\dataSet\SIH\DATA_Sea_ice_drift_concentration\ice_conc_sh_polstere-100_multi_202607191200.nc","8048751","23-09-2026 02:26:32","False"
"D:\SIH\IceBerg\dataSet\SIH\DATA_Sea_ice_drift_concentration\ice_conc_sh_polstere-100_multi_202607201200.nc","8002032","23-09-2026 02:26:36","False"
"D:\SIH\IceBerg\dataSet\SIH\DATA_Sea_ice_drift_concentration\ice_conc_sh_polstere-100_multi_202607211200.nc","7964968","23-09-2026 02:26:38","False"
"D:\SIH\IceBerg\dataSet\SIH\DATA_Sea_ice_drift_concentration\ice_conc_sh_polstere-100_multi_202607221200.nc","7916506","23-09-2026 02:26:42","False"
"D:\SIH\IceBerg\dataSet\SIH\DATA_Sea_ice_drift_concentration\ice_conc_sh_polstere-100_multi_202607231200.nc","7995623","23-09-2026 02:26:44","False"
"D:\SIH\IceBerg\dataSet\SIH\DATA_Sea_ice_drift_concentration\ice_conc_sh_polstere-100_multi_202607241200.nc","8052938","23-09-2026 02:26:48","False"
"D:\SIH\IceBerg\dataSet\SIH\DATA_Sea_ice_drift_concentration\ice_conc_sh_polstere-100_multi_202607251200.nc","8010010","23-09-2026 02:26:50","False"
"D:\SIH\IceBerg\dataSet\SIH\DATA_Sea_ice_drift_concentration\ice_conc_sh_polstere-100_multi_202607261200.nc","8086615","23-09-2026 02:26:52","False"
"D:\SIH\IceBerg\dataSet\SIH\DATA_Sea_ice_drift_concentration\ice_conc_sh_polstere-100_multi_202607271200.nc","8004619","23-09-2026 02:26:54","False"
"D:\SIH\IceBerg\dataSet\SIH\DATA_Sea_ice_drift_concentration\ice_conc_sh_polstere-100_multi_202607281200.nc","8002350","23-09-2026 02:26:56","False"
"D:\SIH\IceBerg\dataSet\SIH\DATA_Sea_ice_drift_concentration\ice_conc_sh_polstere-100_multi_202607291200.nc","7951707","23-09-2026 02:27:00","False"
"D:\SIH\IceBerg\dataSet\SIH\DATA_Sea_ice_drift_concentration\ice_conc_sh_polstere-100_multi_202607301200.nc","8028418","23-09-2026 02:27:02","False"
"D:\SIH\IceBerg\dataSet\SIH\DATA_Sea_ice_drift_concentration\ice_conc_sh_polstere-100_multi_202607311200.nc","8047227","23-09-2026 02:27:06","False"
"D:\SIH\IceBerg\dataSet\testthisfile\cmems_obs-si_arc_phy_berg-rcmln_nrt_l3-10km_irr_1790234526692.nc","348563448","24-09-2026 12:52:10","False"
